#
# There is insufficient memory for the Java Runtime Environment to continue.
# Native memory allocation (malloc) failed to allocate 2273408 bytes. Error detail: Chunk::new
# Possible reasons:
#   The system is out of physical RAM or swap space
#   This process is running with CompressedOops enabled, and the Java Heap may be blocking the growth of the native heap
# Possible solutions:
#   Reduce memory load on the system
#   Increase physical memory or swap space
#   Check if swap backing store is full
#   Decrease Java heap size (-Xmx/-Xms)
#   Decrease number of Java threads
#   Decrease Java thread stack sizes (-Xss)
#   Set larger code cache with -XX:ReservedCodeCacheSize=
#   JVM is running with Unscaled Compressed Oops mode in which the Java heap is
#     placed in the first 4GB address space. The Java Heap base address is the
#     maximum limit for the native heap growth. Please use -XX:HeapBaseMinAddress
#     to set the Java Heap base and to place the Java Heap above 4GB virtual address.
# This output file may be truncated or incomplete.
#
#  Out of Memory Error (arena.cpp:168), pid=8308, tid=15268
#
# JRE version: OpenJDK Runtime Environment (21.0.10) (build 21.0.10+-14961533-b1163.108)
# Java VM: OpenJDK 64-Bit Server VM (21.0.10+-14961533-b1163.108, mixed mode, tiered, compressed oops, compressed class ptrs, g1 gc, windows-amd64)
# No core dump will be written. Minidumps are not enabled by default on client versions of Windows
#

---------------  S U M M A R Y ------------

Command Line: --add-opens=java.base/java.util=ALL-UNNAMED --add-opens=java.base/java.lang=ALL-UNNAMED --add-opens=java.base/java.lang.invoke=ALL-UNNAMED --add-opens=java.prefs/java.util.prefs=ALL-UNNAMED --add-opens=java.base/java.nio.charset=ALL-UNNAMED --add-opens=java.base/java.net=ALL-UNNAMED --add-opens=java.base/java.util.concurrent.atomic=ALL-UNNAMED -Xmx2048m -Dfile.encoding=UTF-8 -Duser.country=US -Duser.language=en -Duser.variant -javaagent:C:\Users\Annu pc\.gradle\wrapper\dists\gradle-8.7-bin\bhs2wmbdwecv87pi65oeuq5iu\gradle-8.7\lib\agents\gradle-instrumentation-agent-8.7.jar org.gradle.launcher.daemon.bootstrap.GradleDaemon 8.7

Host: Intel(R) Core(TM) i7-6700 CPU @ 3.40GHz, 8 cores, 15G,  Windows 11 , 64 bit Build 22621 (10.0.22621.5415)
Time: Sat Jun 20 17:19:26 2026 India Standard Time elapsed time: 8.710398 seconds (0d 0h 0m 8s)

---------------  T H R E A D  ---------------

Current thread (0x000001f3fcfb8410):  JavaThread "C2 CompilerThread2" daemon [_thread_in_native, id=15268, stack(0x0000007352700000,0x0000007352800000) (1024K)]


Current CompileTask:
C2:8710 9476       4       org.gradle.internal.instantiation.generator.AbstractClassGenerator::inspectType (560 bytes)

Stack: [0x0000007352700000,0x0000007352800000]
Native frames: (J=compiled Java code, j=interpreted, Vv=VM code, C=native code)
V  [jvm.dll+0x6d78a9]
V  [jvm.dll+0x8665b3]
V  [jvm.dll+0x868bde]
V  [jvm.dll+0x8692c3]
V  [jvm.dll+0x280ee6]
V  [jvm.dll+0xc07cd]
V  [jvm.dll+0xc0d03]
V  [jvm.dll+0x3ba0cb]
V  [jvm.dll+0x385df7]
V  [jvm.dll+0x38526a]
V  [jvm.dll+0x249bd2]
V  [jvm.dll+0x2491a1]
V  [jvm.dll+0x1c76e4]
V  [jvm.dll+0x25891e]
V  [jvm.dll+0x256e66]
V  [jvm.dll+0x3f513e]
V  [jvm.dll+0x80fd28]
V  [jvm.dll+0x6d60fd]
C  [ucrtbase.dll+0x29333]
C  [KERNEL32.DLL+0x1259d]
C  [ntdll.dll+0x5af78]


---------------  P R O C E S S  ---------------

Threads class SMR info:
_java_thread_list=0x000001f3923d33a0, length=67, elements={
0x000001f3ee9f8bd0, 0x000001f3f7312c30, 0x000001f3f73170f0, 0x000001f3f7320020,
0x000001f3f7344dd0, 0x000001f3f7346840, 0x000001f3f73492b0, 0x000001f3f7349e40,
0x000001f3f7358a50, 0x000001f3f73594f0, 0x000001f3f7633040, 0x000001f3f7632520,
0x000001f3fda67fd0, 0x000001f3fd048750, 0x000001f3fd0eb040, 0x000001f3fc72b0b0,
0x000001f3fc725dc0, 0x000001f3fd15da30, 0x000001f3fd78a820, 0x000001f3fd78a190,
0x000001f3fd78aeb0, 0x000001f3fd78b540, 0x000001f3fd78cf80, 0x000001f3fd78bbd0,
0x000001f3fd78c260, 0x000001f3fd789b00, 0x000001f38fd44380, 0x000001f38fd43660,
0x000001f38fd47800, 0x000001f38fd44a10, 0x000001f38fd40870, 0x000001f38fd43cf0,
0x000001f38fd42940, 0x000001f38fd47e90, 0x000001f38fd46ae0, 0x000001f38fd42fd0,
0x000001f38fd41c20, 0x000001f38fd45730, 0x000001f38fd45dc0, 0x000001f38fd422b0,
0x000001f3fe6d6530, 0x000001f3fe6d9320, 0x000001f3fe6d99b0, 0x000001f3fe6d5810,
0x000001f3fe6dad60, 0x000001f3fe6dba80, 0x000001f3fe6d7250, 0x000001f3fe6db3f0,
0x000001f3fe6da040, 0x000001f3fe6dce30, 0x000001f3fe6d7f70, 0x000001f3fe6d8600,
0x000001f3fe6d8c90, 0x000001f391866860, 0x000001f391864790, 0x000001f39186a370,
0x000001f391864100, 0x000001f39186b720, 0x000001f39186b090, 0x000001f39186aa00,
0x000001f3918661d0, 0x000001f391868930, 0x000001f391864e20, 0x000001f391868fc0,
0x000001f38f383f40, 0x000001f3fcfb8410, 0x000001f38f383220
}

Java Threads: ( => current thread )
  0x000001f3ee9f8bd0 JavaThread "main"                              [_thread_blocked, id=2704, stack(0x000000734d700000,0x000000734d800000) (1024K)]
  0x000001f3f7312c30 JavaThread "Common-Cleaner"             daemon [_thread_blocked, id=5288, stack(0x000000734df00000,0x000000734e000000) (1024K)]
  0x000001f3f73170f0 JavaThread "Reference Handler"          daemon [_thread_blocked, id=8932, stack(0x000000734e000000,0x000000734e100000) (1024K)]
  0x000001f3f7320020 JavaThread "Finalizer"                  daemon [_thread_blocked, id=9244, stack(0x000000734e100000,0x000000734e200000) (1024K)]
  0x000001f3f7344dd0 JavaThread "Signal Dispatcher"          daemon [_thread_blocked, id=10200, stack(0x000000734e200000,0x000000734e300000) (1024K)]
  0x000001f3f7346840 JavaThread "Attach Listener"            daemon [_thread_blocked, id=9024, stack(0x000000734e300000,0x000000734e400000) (1024K)]
  0x000001f3f73492b0 JavaThread "Service Thread"             daemon [_thread_blocked, id=11212, stack(0x000000734e400000,0x000000734e500000) (1024K)]
  0x000001f3f7349e40 JavaThread "Monitor Deflation Thread"   daemon [_thread_blocked, id=4396, stack(0x000000734e500000,0x000000734e600000) (1024K)]
  0x000001f3f7358a50 JavaThread "C2 CompilerThread0"         daemon [_thread_blocked, id=8000, stack(0x000000734e600000,0x000000734e700000) (1024K)]
  0x000001f3f73594f0 JavaThread "C1 CompilerThread0"         daemon [_thread_blocked, id=9980, stack(0x000000734e700000,0x000000734e800000) (1024K)]
  0x000001f3f7633040 JavaThread "Notification Thread"        daemon [_thread_blocked, id=11884, stack(0x000000734e800000,0x000000734e900000) (1024K)]
  0x000001f3f7632520 JavaThread "C2 CompilerThread1"         daemon [_thread_blocked, id=5232, stack(0x000000734e900000,0x000000734ea00000) (1024K)]
  0x000001f3fda67fd0 JavaThread "Daemon health stats"               [_thread_blocked, id=8876, stack(0x000000734f000000,0x000000734f100000) (1024K)]
  0x000001f3fd048750 JavaThread "Incoming local TCP Connector on port 53580"        [_thread_in_native, id=9180, stack(0x000000734f100000,0x000000734f200000) (1024K)]
  0x000001f3fd0eb040 JavaThread "Daemon periodic checks"            [_thread_blocked, id=3080, stack(0x000000734f200000,0x000000734f300000) (1024K)]
  0x000001f3fc72b0b0 JavaThread "Daemon"                            [_thread_blocked, id=11228, stack(0x000000734f300000,0x000000734f400000) (1024K)]
  0x000001f3fc725dc0 JavaThread "Handler for socket connection from /127.0.0.1:53580 to /127.0.0.1:53581"        [_thread_in_native, id=14332, stack(0x000000734f400000,0x000000734f500000) (1024K)]
  0x000001f3fd15da30 JavaThread "Cancel handler"                    [_thread_blocked, id=8416, stack(0x000000734f500000,0x000000734f600000) (1024K)]
  0x000001f3fd78a820 JavaThread "Daemon worker"                     [_thread_in_vm, id=4692, stack(0x000000734f600000,0x000000734f700000) (1024K)]
  0x000001f3fd78a190 JavaThread "Asynchronous log dispatcher for DefaultDaemonConnection: socket connection from /127.0.0.1:53580 to /127.0.0.1:53581"        [_thread_blocked, id=14960, stack(0x000000734f700000,0x000000734f800000) (1024K)]
  0x000001f3fd78aeb0 JavaThread "Stdin handler"                     [_thread_blocked, id=11688, stack(0x000000734f800000,0x000000734f900000) (1024K)]
  0x000001f3fd78b540 JavaThread "Daemon client event forwarder"        [_thread_blocked, id=6224, stack(0x000000734f900000,0x000000734fa00000) (1024K)]
  0x000001f3fd78cf80 JavaThread "Cache worker for journal cache (C:\Users\Annu pc\.gradle\caches\journal-1)"        [_thread_blocked, id=7208, stack(0x000000734fd00000,0x000000734fe00000) (1024K)]
  0x000001f3fd78bbd0 JavaThread "File lock request listener"        [_thread_in_native, id=13648, stack(0x000000734fe00000,0x000000734ff00000) (1024K)]
  0x000001f3fd78c260 JavaThread "Cache worker for file hash cache (C:\Users\Annu pc\.gradle\caches\8.7\fileHashes)"        [_thread_blocked, id=10384, stack(0x000000734ff00000,0x0000007350000000) (1024K)]
  0x000001f3fd789b00 JavaThread "Cache worker for file hash cache (D:\AOPAYFINANCEAPP\AOPAY-FinanceAndroidApplication\.gradle\8.7\fileHashes)"        [_thread_blocked, id=12896, stack(0x0000007350000000,0x0000007350100000) (1024K)]
  0x000001f38fd44380 JavaThread "File watcher server"        daemon [_thread_in_native, id=13504, stack(0x0000007350100000,0x0000007350200000) (1024K)]
  0x000001f38fd43660 JavaThread "File watcher consumer"      daemon [_thread_blocked, id=14120, stack(0x0000007350200000,0x0000007350300000) (1024K)]
  0x000001f38fd47800 JavaThread "jar transforms"                    [_thread_blocked, id=9556, stack(0x0000007350300000,0x0000007350400000) (1024K)]
  0x000001f38fd44a10 JavaThread "jar transforms Thread 2"           [_thread_blocked, id=12432, stack(0x0000007350400000,0x0000007350500000) (1024K)]
  0x000001f38fd40870 JavaThread "jar transforms Thread 3"           [_thread_blocked, id=5252, stack(0x0000007350500000,0x0000007350600000) (1024K)]
  0x000001f38fd43cf0 JavaThread "jar transforms Thread 4"           [_thread_blocked, id=1620, stack(0x0000007350600000,0x0000007350700000) (1024K)]
  0x000001f38fd42940 JavaThread "jar transforms Thread 5"           [_thread_blocked, id=8312, stack(0x0000007350700000,0x0000007350800000) (1024K)]
  0x000001f38fd47e90 JavaThread "jar transforms Thread 6"           [_thread_blocked, id=14132, stack(0x0000007350800000,0x0000007350900000) (1024K)]
  0x000001f38fd46ae0 JavaThread "jar transforms Thread 7"           [_thread_blocked, id=14340, stack(0x0000007350900000,0x0000007350a00000) (1024K)]
  0x000001f38fd42fd0 JavaThread "jar transforms Thread 8"           [_thread_blocked, id=12072, stack(0x0000007350a00000,0x0000007350b00000) (1024K)]
  0x000001f38fd41c20 JavaThread "Cache worker for checksums cache (D:\AOPAYFINANCEAPP\AOPAY-FinanceAndroidApplication\.gradle\8.7\checksums)"        [_thread_blocked, id=3540, stack(0x0000007350b00000,0x0000007350c00000) (1024K)]
  0x000001f38fd45730 JavaThread "Cache worker for cache directory md-supplier (C:\Users\Annu pc\.gradle\caches\8.7\md-supplier)"        [_thread_blocked, id=15600, stack(0x0000007350c00000,0x0000007350d00000) (1024K)]
  0x000001f38fd45dc0 JavaThread "Cache worker for cache directory md-rule (C:\Users\Annu pc\.gradle\caches\8.7\md-rule)"        [_thread_blocked, id=6624, stack(0x0000007350d00000,0x0000007350e00000) (1024K)]
  0x000001f38fd422b0 JavaThread "Cache worker for file content cache (C:\Users\Annu pc\.gradle\caches\8.7\fileContent)"        [_thread_blocked, id=5980, stack(0x0000007350e00000,0x0000007350f00000) (1024K)]
  0x000001f3fe6d6530 JavaThread "Unconstrained build operations"        [_thread_blocked, id=6316, stack(0x0000007350f00000,0x0000007351000000) (1024K)]
  0x000001f3fe6d9320 JavaThread "Unconstrained build operations Thread 2"        [_thread_blocked, id=8740, stack(0x0000007351000000,0x0000007351100000) (1024K)]
  0x000001f3fe6d99b0 JavaThread "Unconstrained build operations Thread 3"        [_thread_blocked, id=10332, stack(0x0000007351100000,0x0000007351200000) (1024K)]
  0x000001f3fe6d5810 JavaThread "Unconstrained build operations Thread 4"        [_thread_blocked, id=7700, stack(0x0000007351200000,0x0000007351300000) (1024K)]
  0x000001f3fe6dad60 JavaThread "Unconstrained build operations Thread 5"        [_thread_blocked, id=15696, stack(0x0000007351300000,0x0000007351400000) (1024K)]
  0x000001f3fe6dba80 JavaThread "Unconstrained build operations Thread 6"        [_thread_blocked, id=16100, stack(0x0000007351400000,0x0000007351500000) (1024K)]
  0x000001f3fe6d7250 JavaThread "Unconstrained build operations Thread 7"        [_thread_blocked, id=8228, stack(0x0000007351500000,0x0000007351600000) (1024K)]
  0x000001f3fe6db3f0 JavaThread "Unconstrained build operations Thread 8"        [_thread_blocked, id=2264, stack(0x0000007351600000,0x0000007351700000) (1024K)]
  0x000001f3fe6da040 JavaThread "Unconstrained build operations Thread 9"        [_thread_blocked, id=10256, stack(0x0000007351700000,0x0000007351800000) (1024K)]
  0x000001f3fe6dce30 JavaThread "Cache worker for Build Output Cleanup Cache (D:\AOPAYFINANCEAPP\AOPAY-FinanceAndroidApplication\.gradle\buildOutputCleanup)"        [_thread_blocked, id=11684, stack(0x0000007351800000,0x0000007351900000) (1024K)]
  0x000001f3fe6d7f70 JavaThread "Unconstrained build operations Thread 10"        [_thread_blocked, id=16156, stack(0x0000007351900000,0x0000007351a00000) (1024K)]
  0x000001f3fe6d8600 JavaThread "Unconstrained build operations Thread 11"        [_thread_blocked, id=8756, stack(0x0000007351a00000,0x0000007351b00000) (1024K)]
  0x000001f3fe6d8c90 JavaThread "Unconstrained build operations Thread 12"        [_thread_blocked, id=6204, stack(0x0000007351b00000,0x0000007351c00000) (1024K)]
  0x000001f391866860 JavaThread "Unconstrained build operations Thread 13"        [_thread_blocked, id=8408, stack(0x0000007351c00000,0x0000007351d00000) (1024K)]
  0x000001f391864790 JavaThread "Unconstrained build operations Thread 14"        [_thread_blocked, id=9204, stack(0x0000007351d00000,0x0000007351e00000) (1024K)]
  0x000001f39186a370 JavaThread "Unconstrained build operations Thread 15"        [_thread_blocked, id=5484, stack(0x0000007351e00000,0x0000007351f00000) (1024K)]
  0x000001f391864100 JavaThread "Unconstrained build operations Thread 16"        [_thread_blocked, id=12000, stack(0x0000007351f00000,0x0000007352000000) (1024K)]
  0x000001f39186b720 JavaThread "Unconstrained build operations Thread 17"        [_thread_blocked, id=3640, stack(0x0000007352000000,0x0000007352100000) (1024K)]
  0x000001f39186b090 JavaThread "Unconstrained build operations Thread 18"        [_thread_blocked, id=2560, stack(0x0000007352100000,0x0000007352200000) (1024K)]
  0x000001f39186aa00 JavaThread "Unconstrained build operations Thread 19"        [_thread_blocked, id=11356, stack(0x0000007352200000,0x0000007352300000) (1024K)]
  0x000001f3918661d0 JavaThread "Unconstrained build operations Thread 20"        [_thread_blocked, id=12992, stack(0x0000007352300000,0x0000007352400000) (1024K)]
  0x000001f391868930 JavaThread "Unconstrained build operations Thread 21"        [_thread_blocked, id=5316, stack(0x0000007352400000,0x0000007352500000) (1024K)]
  0x000001f391864e20 JavaThread "Unconstrained build operations Thread 22"        [_thread_blocked, id=13260, stack(0x0000007352500000,0x0000007352600000) (1024K)]
  0x000001f391868fc0 JavaThread "Unconstrained build operations Thread 23"        [_thread_blocked, id=3020, stack(0x0000007352600000,0x0000007352700000) (1024K)]
  0x000001f38f383f40 JavaThread "Memory manager"                    [_thread_blocked, id=10372, stack(0x000000734ef00000,0x000000734f000000) (1024K)]
=>0x000001f3fcfb8410 JavaThread "C2 CompilerThread2"         daemon [_thread_in_native, id=15268, stack(0x0000007352700000,0x0000007352800000) (1024K)]
  0x000001f38f383220 JavaThread "build event listener"              [_thread_blocked, id=7368, stack(0x0000007352800000,0x0000007352900000) (1024K)]
Total: 67

Other Threads:
  0x000001f3f7296650 VMThread "VM Thread"                           [id=5832, stack(0x000000734de00000,0x000000734df00000) (1024K)]
  0x000001f3f7107540 WatcherThread "VM Periodic Task Thread"        [id=16180, stack(0x000000734dd00000,0x000000734de00000) (1024K)]
  0x000001f3eea520e0 WorkerThread "GC Thread#0"                     [id=12884, stack(0x000000734d800000,0x000000734d900000) (1024K)]
  0x000001f3f7c71ae0 WorkerThread "GC Thread#1"                     [id=13600, stack(0x000000734ea00000,0x000000734eb00000) (1024K)]
  0x000001f3f7e03ae0 WorkerThread "GC Thread#2"                     [id=3748, stack(0x000000734eb00000,0x000000734ec00000) (1024K)]
  0x000001f3fc0089a0 WorkerThread "GC Thread#3"                     [id=1704, stack(0x000000734ec00000,0x000000734ed00000) (1024K)]
  0x000001f3f7c70480 WorkerThread "GC Thread#4"                     [id=14808, stack(0x000000734ed00000,0x000000734ee00000) (1024K)]
  0x000001f3f7df0ef0 WorkerThread "GC Thread#5"                     [id=3848, stack(0x000000734ee00000,0x000000734ef00000) (1024K)]
  0x000001f3fd4d0860 WorkerThread "GC Thread#6"                     [id=14732, stack(0x000000734fa00000,0x000000734fb00000) (1024K)]
  0x000001f3fda9d9b0 WorkerThread "GC Thread#7"                     [id=14256, stack(0x000000734fb00000,0x000000734fc00000) (1024K)]
  0x000001f3eea63240 ConcurrentGCThread "G1 Main Marker"            [id=10304, stack(0x000000734d900000,0x000000734da00000) (1024K)]
  0x000001f3eea66500 WorkerThread "G1 Conc#0"                       [id=7192, stack(0x000000734da00000,0x000000734db00000) (1024K)]
  0x000001f3fc8ca690 WorkerThread "G1 Conc#1"                       [id=16352, stack(0x000000734fc00000,0x000000734fd00000) (1024K)]
  0x000001f3f6fdd6f0 ConcurrentGCThread "G1 Refine#0"               [id=10192, stack(0x000000734db00000,0x000000734dc00000) (1024K)]
  0x000001f3f6fde080 ConcurrentGCThread "G1 Service"                [id=2688, stack(0x000000734dc00000,0x000000734dd00000) (1024K)]
Total: 15

Threads with active compile tasks:
C2 CompilerThread2  8736 9476       4       org.gradle.internal.instantiation.generator.AbstractClassGenerator::inspectType (560 bytes)
Total: 1

VM state: not at safepoint (normal execution)

VM Mutex/Monitor currently owned by a thread: None

Heap address: 0x0000000080000000, size: 2048 MB, Compressed Oops mode: 32-bit

CDS archive(s) not mapped
Compressed class space mapped at: 0x0000000100000000-0x0000000140000000, reserved size: 1073741824
Narrow klass base: 0x0000000000000000, Narrow klass shift: 3, Narrow klass range: 0x140000000

GC Precious Log:
 CardTable entry size: 512
 Card Set container configuration: InlinePtr #cards 5 size 8 Array Of Cards #cards 12 size 40 Howl #buckets 4 coarsen threshold 1843 Howl Bitmap #cards 512 size 80 coarsen threshold 460 Card regions per heap region 1 cards per card region 2048
 CPUs: 8 total, 8 available
 Memory: 16300M
 Large Page Support: Disabled
 NUMA Support: Disabled
 Compressed Oops: Enabled (32-bit)
 Heap Region Size: 1M
 Heap Min Capacity: 8M
 Heap Initial Capacity: 256M
 Heap Max Capacity: 2G
 Pre-touch: Disabled
 Parallel Workers: 8
 Concurrent Workers: 2
 Concurrent Refinement Workers: 8
 Periodic GC: Disabled

Heap:
 garbage-first heap   total 193536K, used 159390K [0x0000000080000000, 0x0000000100000000)
  region size 1024K, 43 young (44032K), 3 survivors (3072K)
 Metaspace       used 88968K, committed 90816K, reserved 1179648K
  class space    used 12284K, committed 13184K, reserved 1048576K

Heap Regions: E=young(eden), S=young(survivor), O=old, HS=humongous(starts), HC=humongous(continues), CS=collection set, F=free, TAMS=top-at-mark-start, PB=parsable bottom
|   0|0x0000000080000000, 0x0000000080100000, 0x0000000080100000|100%| O|  |TAMS 0x0000000080000000| PB 0x0000000080000000| Untracked 
|   1|0x0000000080100000, 0x0000000080200000, 0x0000000080200000|100%|HS|  |TAMS 0x0000000080100000| PB 0x0000000080100000| Complete 
|   2|0x0000000080200000, 0x0000000080300000, 0x0000000080300000|100%|HC|  |TAMS 0x0000000080200000| PB 0x0000000080200000| Complete 
|   3|0x0000000080300000, 0x0000000080400000, 0x0000000080400000|100%|HC|  |TAMS 0x0000000080300000| PB 0x0000000080300000| Complete 
|   4|0x0000000080400000, 0x0000000080500000, 0x0000000080500000|100%|HC|  |TAMS 0x0000000080400000| PB 0x0000000080400000| Complete 
|   5|0x0000000080500000, 0x0000000080600000, 0x0000000080600000|100%| O|  |TAMS 0x0000000080500000| PB 0x0000000080500000| Untracked 
|   6|0x0000000080600000, 0x0000000080700000, 0x0000000080700000|100%| O|  |TAMS 0x0000000080600000| PB 0x0000000080600000| Untracked 
|   7|0x0000000080700000, 0x0000000080800000, 0x0000000080800000|100%| O|  |TAMS 0x0000000080700000| PB 0x0000000080700000| Untracked 
|   8|0x0000000080800000, 0x0000000080900000, 0x0000000080900000|100%| O|  |TAMS 0x0000000080800000| PB 0x0000000080800000| Untracked 
|   9|0x0000000080900000, 0x0000000080a00000, 0x0000000080a00000|100%|HS|  |TAMS 0x0000000080900000| PB 0x0000000080900000| Complete 
|  10|0x0000000080a00000, 0x0000000080b00000, 0x0000000080b00000|100%|HS|  |TAMS 0x0000000080a00000| PB 0x0000000080a00000| Complete 
|  11|0x0000000080b00000, 0x0000000080c00000, 0x0000000080c00000|100%|HC|  |TAMS 0x0000000080b00000| PB 0x0000000080b00000| Complete 
|  12|0x0000000080c00000, 0x0000000080d00000, 0x0000000080d00000|100%|HC|  |TAMS 0x0000000080c00000| PB 0x0000000080c00000| Complete 
|  13|0x0000000080d00000, 0x0000000080e00000, 0x0000000080e00000|100%|HC|  |TAMS 0x0000000080d00000| PB 0x0000000080d00000| Complete 
|  14|0x0000000080e00000, 0x0000000080f00000, 0x0000000080f00000|100%|HC|  |TAMS 0x0000000080e00000| PB 0x0000000080e00000| Complete 
|  15|0x0000000080f00000, 0x0000000081000000, 0x0000000081000000|100%|HC|  |TAMS 0x0000000080f00000| PB 0x0000000080f00000| Complete 
|  16|0x0000000081000000, 0x0000000081100000, 0x0000000081100000|100%| O|  |TAMS 0x0000000081000000| PB 0x0000000081000000| Untracked 
|  17|0x0000000081100000, 0x0000000081200000, 0x0000000081200000|100%| O|  |TAMS 0x0000000081100000| PB 0x0000000081100000| Untracked 
|  18|0x0000000081200000, 0x0000000081300000, 0x0000000081300000|100%| O|  |TAMS 0x0000000081200000| PB 0x0000000081200000| Untracked 
|  19|0x0000000081300000, 0x0000000081400000, 0x0000000081400000|100%| O|  |TAMS 0x0000000081300000| PB 0x0000000081300000| Untracked 
|  20|0x0000000081400000, 0x0000000081500000, 0x0000000081500000|100%| O|  |TAMS 0x0000000081400000| PB 0x0000000081400000| Untracked 
|  21|0x0000000081500000, 0x0000000081600000, 0x0000000081600000|100%| O|  |TAMS 0x0000000081500000| PB 0x0000000081500000| Untracked 
|  22|0x0000000081600000, 0x0000000081700000, 0x0000000081700000|100%| O|  |TAMS 0x0000000081600000| PB 0x0000000081600000| Untracked 
|  23|0x0000000081700000, 0x0000000081800000, 0x0000000081800000|100%|HS|  |TAMS 0x0000000081700000| PB 0x0000000081700000| Complete 
|  24|0x0000000081800000, 0x0000000081900000, 0x0000000081900000|100%|HC|  |TAMS 0x0000000081800000| PB 0x0000000081800000| Complete 
|  25|0x0000000081900000, 0x0000000081a00000, 0x0000000081a00000|100%|HC|  |TAMS 0x0000000081900000| PB 0x0000000081900000| Complete 
|  26|0x0000000081a00000, 0x0000000081b00000, 0x0000000081b00000|100%|HC|  |TAMS 0x0000000081a00000| PB 0x0000000081a00000| Complete 
|  27|0x0000000081b00000, 0x0000000081c00000, 0x0000000081c00000|100%|HC|  |TAMS 0x0000000081b00000| PB 0x0000000081b00000| Complete 
|  28|0x0000000081c00000, 0x0000000081d00000, 0x0000000081d00000|100%|HC|  |TAMS 0x0000000081c00000| PB 0x0000000081c00000| Complete 
|  29|0x0000000081d00000, 0x0000000081e00000, 0x0000000081e00000|100%|HS|  |TAMS 0x0000000081d00000| PB 0x0000000081d00000| Complete 
|  30|0x0000000081e00000, 0x0000000081f00000, 0x0000000081f00000|100%|HS|  |TAMS 0x0000000081e00000| PB 0x0000000081e00000| Complete 
|  31|0x0000000081f00000, 0x0000000082000000, 0x0000000082000000|100%|HC|  |TAMS 0x0000000081f00000| PB 0x0000000081f00000| Complete 
|  32|0x0000000082000000, 0x0000000082100000, 0x0000000082100000|100%| O|  |TAMS 0x0000000082000000| PB 0x0000000082000000| Untracked 
|  33|0x0000000082100000, 0x0000000082200000, 0x0000000082200000|100%| O|  |TAMS 0x0000000082100000| PB 0x0000000082100000| Untracked 
|  34|0x0000000082200000, 0x0000000082300000, 0x0000000082300000|100%| O|  |TAMS 0x0000000082200000| PB 0x0000000082200000| Untracked 
|  35|0x0000000082300000, 0x0000000082400000, 0x0000000082400000|100%| O|  |TAMS 0x0000000082300000| PB 0x0000000082300000| Untracked 
|  36|0x0000000082400000, 0x0000000082500000, 0x0000000082500000|100%| O|  |TAMS 0x0000000082400000| PB 0x0000000082400000| Untracked 
|  37|0x0000000082500000, 0x0000000082600000, 0x0000000082600000|100%| O|  |TAMS 0x0000000082500000| PB 0x0000000082500000| Untracked 
|  38|0x0000000082600000, 0x0000000082700000, 0x0000000082700000|100%| O|  |TAMS 0x0000000082600000| PB 0x0000000082600000| Untracked 
|  39|0x0000000082700000, 0x0000000082800000, 0x0000000082800000|100%|HS|  |TAMS 0x0000000082700000| PB 0x0000000082700000| Complete 
|  40|0x0000000082800000, 0x0000000082900000, 0x0000000082900000|100%|HC|  |TAMS 0x0000000082800000| PB 0x0000000082800000| Complete 
|  41|0x0000000082900000, 0x0000000082a00000, 0x0000000082a00000|100%| O|  |TAMS 0x0000000082900000| PB 0x0000000082900000| Untracked 
|  42|0x0000000082a00000, 0x0000000082b00000, 0x0000000082b00000|100%| O|  |TAMS 0x0000000082a00000| PB 0x0000000082a00000| Untracked 
|  43|0x0000000082b00000, 0x0000000082c00000, 0x0000000082c00000|100%| O|  |TAMS 0x0000000082b00000| PB 0x0000000082b00000| Untracked 
|  44|0x0000000082c00000, 0x0000000082d00000, 0x0000000082d00000|100%| O|  |TAMS 0x0000000082c00000| PB 0x0000000082c00000| Untracked 
|  45|0x0000000082d00000, 0x0000000082e00000, 0x0000000082e00000|100%| O|  |TAMS 0x0000000082d00000| PB 0x0000000082d00000| Untracked 
|  46|0x0000000082e00000, 0x0000000082f00000, 0x0000000082f00000|100%| O|  |TAMS 0x0000000082e00000| PB 0x0000000082e00000| Untracked 
|  47|0x0000000082f00000, 0x0000000083000000, 0x0000000083000000|100%| O|  |TAMS 0x0000000082f00000| PB 0x0000000082f00000| Untracked 
|  48|0x0000000083000000, 0x0000000083100000, 0x0000000083100000|100%| O|  |TAMS 0x0000000083000000| PB 0x0000000083000000| Untracked 
|  49|0x0000000083100000, 0x0000000083200000, 0x0000000083200000|100%| O|  |TAMS 0x0000000083100000| PB 0x0000000083100000| Untracked 
|  50|0x0000000083200000, 0x0000000083300000, 0x0000000083300000|100%| O|  |TAMS 0x0000000083200000| PB 0x0000000083200000| Untracked 
|  51|0x0000000083300000, 0x0000000083400000, 0x0000000083400000|100%| O|  |TAMS 0x0000000083300000| PB 0x0000000083300000| Untracked 
|  52|0x0000000083400000, 0x0000000083500000, 0x0000000083500000|100%| O|  |TAMS 0x0000000083400000| PB 0x0000000083400000| Untracked 
|  53|0x0000000083500000, 0x0000000083600000, 0x0000000083600000|100%| O|  |TAMS 0x0000000083500000| PB 0x0000000083500000| Untracked 
|  54|0x0000000083600000, 0x0000000083700000, 0x0000000083700000|100%|HS|  |TAMS 0x0000000083600000| PB 0x0000000083600000| Complete 
|  55|0x0000000083700000, 0x0000000083800000, 0x0000000083800000|100%|HC|  |TAMS 0x0000000083700000| PB 0x0000000083700000| Complete 
|  56|0x0000000083800000, 0x0000000083900000, 0x0000000083900000|100%| O|Cm|TAMS 0x0000000083800000| PB 0x0000000083800000| Complete 
|  57|0x0000000083900000, 0x0000000083a00000, 0x0000000083a00000|100%| O|  |TAMS 0x0000000083900000| PB 0x0000000083900000| Untracked 
|  58|0x0000000083a00000, 0x0000000083b00000, 0x0000000083b00000|100%| O|  |TAMS 0x0000000083a00000| PB 0x0000000083a00000| Untracked 
|  59|0x0000000083b00000, 0x0000000083c00000, 0x0000000083c00000|100%| O|  |TAMS 0x0000000083b00000| PB 0x0000000083b00000| Untracked 
|  60|0x0000000083c00000, 0x0000000083d00000, 0x0000000083d00000|100%| O|  |TAMS 0x0000000083c00000| PB 0x0000000083c00000| Untracked 
|  61|0x0000000083d00000, 0x0000000083e00000, 0x0000000083e00000|100%| O|  |TAMS 0x0000000083d00000| PB 0x0000000083d00000| Untracked 
|  62|0x0000000083e00000, 0x0000000083f00000, 0x0000000083f00000|100%| O|  |TAMS 0x0000000083e00000| PB 0x0000000083e00000| Untracked 
|  63|0x0000000083f00000, 0x0000000084000000, 0x0000000084000000|100%| O|  |TAMS 0x0000000083f00000| PB 0x0000000083f00000| Untracked 
|  64|0x0000000084000000, 0x0000000084100000, 0x0000000084100000|100%| O|  |TAMS 0x0000000084000000| PB 0x0000000084000000| Untracked 
|  65|0x0000000084100000, 0x0000000084200000, 0x0000000084200000|100%| O|  |TAMS 0x0000000084100000| PB 0x0000000084100000| Untracked 
|  66|0x0000000084200000, 0x0000000084300000, 0x0000000084300000|100%| O|  |TAMS 0x0000000084200000| PB 0x0000000084200000| Untracked 
|  67|0x0000000084300000, 0x0000000084400000, 0x0000000084400000|100%| O|Cm|TAMS 0x0000000084300000| PB 0x0000000084300000| Complete 
|  68|0x0000000084400000, 0x0000000084500000, 0x0000000084500000|100%| O|Cm|TAMS 0x0000000084400000| PB 0x0000000084400000| Complete 
|  69|0x0000000084500000, 0x0000000084600000, 0x0000000084600000|100%| O|  |TAMS 0x0000000084500000| PB 0x0000000084500000| Untracked 
|  70|0x0000000084600000, 0x0000000084700000, 0x0000000084700000|100%| O|  |TAMS 0x0000000084600000| PB 0x0000000084600000| Untracked 
|  71|0x0000000084700000, 0x0000000084800000, 0x0000000084800000|100%| O|  |TAMS 0x0000000084700000| PB 0x0000000084700000| Untracked 
|  72|0x0000000084800000, 0x0000000084900000, 0x0000000084900000|100%| O|  |TAMS 0x0000000084800000| PB 0x0000000084800000| Untracked 
|  73|0x0000000084900000, 0x0000000084a00000, 0x0000000084a00000|100%|HS|  |TAMS 0x0000000084900000| PB 0x0000000084900000| Complete 
|  74|0x0000000084a00000, 0x0000000084b00000, 0x0000000084b00000|100%|HS|  |TAMS 0x0000000084a00000| PB 0x0000000084a00000| Complete 
|  75|0x0000000084b00000, 0x0000000084c00000, 0x0000000084c00000|100%|HS|  |TAMS 0x0000000084b00000| PB 0x0000000084b00000| Complete 
|  76|0x0000000084c00000, 0x0000000084d00000, 0x0000000084d00000|100%|HC|  |TAMS 0x0000000084c00000| PB 0x0000000084c00000| Complete 
|  77|0x0000000084d00000, 0x0000000084e00000, 0x0000000084e00000|100%|HS|  |TAMS 0x0000000084d00000| PB 0x0000000084d00000| Complete 
|  78|0x0000000084e00000, 0x0000000084f00000, 0x0000000084f00000|100%|HC|  |TAMS 0x0000000084e00000| PB 0x0000000084e00000| Complete 
|  79|0x0000000084f00000, 0x0000000085000000, 0x0000000085000000|100%|HS|  |TAMS 0x0000000084f00000| PB 0x0000000084f00000| Complete 
|  80|0x0000000085000000, 0x0000000085100000, 0x0000000085100000|100%| O|Cm|TAMS 0x0000000085000000| PB 0x0000000085000000| Complete 
|  81|0x0000000085100000, 0x0000000085200000, 0x0000000085200000|100%|HS|  |TAMS 0x0000000085100000| PB 0x0000000085100000| Complete 
|  82|0x0000000085200000, 0x0000000085300000, 0x0000000085300000|100%| O|  |TAMS 0x0000000085200000| PB 0x0000000085200000| Untracked 
|  83|0x0000000085300000, 0x0000000085400000, 0x0000000085400000|100%| O|  |TAMS 0x0000000085300000| PB 0x0000000085300000| Untracked 
|  84|0x0000000085400000, 0x0000000085500000, 0x0000000085500000|100%|HS|  |TAMS 0x0000000085400000| PB 0x0000000085400000| Complete 
|  85|0x0000000085500000, 0x0000000085600000, 0x0000000085600000|100%|HS|  |TAMS 0x0000000085500000| PB 0x0000000085500000| Complete 
|  86|0x0000000085600000, 0x0000000085700000, 0x0000000085700000|100%|HS|  |TAMS 0x0000000085600000| PB 0x0000000085600000| Complete 
|  87|0x0000000085700000, 0x0000000085800000, 0x0000000085800000|100%|HC|  |TAMS 0x0000000085700000| PB 0x0000000085700000| Complete 
|  88|0x0000000085800000, 0x0000000085900000, 0x0000000085900000|100%|HC|  |TAMS 0x0000000085800000| PB 0x0000000085800000| Complete 
|  89|0x0000000085900000, 0x0000000085a00000, 0x0000000085a00000|100%|HC|  |TAMS 0x0000000085900000| PB 0x0000000085900000| Complete 
|  90|0x0000000085a00000, 0x0000000085b00000, 0x0000000085b00000|100%| O|  |TAMS 0x0000000085a00000| PB 0x0000000085a00000| Untracked 
|  91|0x0000000085b00000, 0x0000000085c00000, 0x0000000085c00000|100%| O|  |TAMS 0x0000000085b00000| PB 0x0000000085b00000| Untracked 
|  92|0x0000000085c00000, 0x0000000085d00000, 0x0000000085d00000|100%| O|  |TAMS 0x0000000085c00000| PB 0x0000000085c00000| Untracked 
|  93|0x0000000085d00000, 0x0000000085e00000, 0x0000000085e00000|100%| O|  |TAMS 0x0000000085d00000| PB 0x0000000085d00000| Untracked 
|  94|0x0000000085e00000, 0x0000000085f00000, 0x0000000085f00000|100%| O|  |TAMS 0x0000000085e00000| PB 0x0000000085e00000| Untracked 
|  95|0x0000000085f00000, 0x0000000086000000, 0x0000000086000000|100%|HS|  |TAMS 0x0000000085f00000| PB 0x0000000085f00000| Complete 
|  96|0x0000000086000000, 0x0000000086100000, 0x0000000086100000|100%| O|  |TAMS 0x0000000086000000| PB 0x0000000086000000| Untracked 
|  97|0x0000000086100000, 0x0000000086200000, 0x0000000086200000|100%| O|  |TAMS 0x0000000086100000| PB 0x0000000086100000| Untracked 
|  98|0x0000000086200000, 0x0000000086300000, 0x0000000086300000|100%| O|  |TAMS 0x0000000086200000| PB 0x0000000086200000| Untracked 
|  99|0x0000000086300000, 0x0000000086400000, 0x0000000086400000|100%| O|  |TAMS 0x0000000086300000| PB 0x0000000086300000| Untracked 
| 100|0x0000000086400000, 0x0000000086500000, 0x0000000086500000|100%| O|  |TAMS 0x0000000086400000| PB 0x0000000086400000| Untracked 
| 101|0x0000000086500000, 0x0000000086600000, 0x0000000086600000|100%| O|  |TAMS 0x0000000086500000| PB 0x0000000086500000| Untracked 
| 102|0x0000000086600000, 0x00000000866afe58, 0x0000000086700000| 68%| O|  |TAMS 0x0000000086600000| PB 0x0000000086600000| Untracked 
| 103|0x0000000086700000, 0x0000000086800000, 0x0000000086800000|100%| O|  |TAMS 0x0000000086700000| PB 0x0000000086700000| Untracked 
| 104|0x0000000086800000, 0x0000000086900000, 0x0000000086900000|100%| O|  |TAMS 0x0000000086800000| PB 0x0000000086800000| Untracked 
| 105|0x0000000086900000, 0x0000000086a00000, 0x0000000086a00000|100%|HS|  |TAMS 0x0000000086900000| PB 0x0000000086900000| Complete 
| 106|0x0000000086a00000, 0x0000000086b00000, 0x0000000086b00000|100%|HC|  |TAMS 0x0000000086a00000| PB 0x0000000086a00000| Complete 
| 107|0x0000000086b00000, 0x0000000086c00000, 0x0000000086c00000|100%|HC|  |TAMS 0x0000000086b00000| PB 0x0000000086b00000| Complete 
| 108|0x0000000086c00000, 0x0000000086d00000, 0x0000000086d00000|100%|HC|  |TAMS 0x0000000086c00000| PB 0x0000000086c00000| Complete 
| 109|0x0000000086d00000, 0x0000000086d00000, 0x0000000086e00000|  0%| F|  |TAMS 0x0000000086d00000| PB 0x0000000086d00000| Untracked 
| 110|0x0000000086e00000, 0x0000000086e00000, 0x0000000086f00000|  0%| F|  |TAMS 0x0000000086e00000| PB 0x0000000086e00000| Untracked 
| 111|0x0000000086f00000, 0x0000000086f00000, 0x0000000087000000|  0%| F|  |TAMS 0x0000000086f00000| PB 0x0000000086f00000| Untracked 
| 112|0x0000000087000000, 0x0000000087000000, 0x0000000087100000|  0%| F|  |TAMS 0x0000000087000000| PB 0x0000000087000000| Untracked 
| 113|0x0000000087100000, 0x0000000087100000, 0x0000000087200000|  0%| F|  |TAMS 0x0000000087100000| PB 0x0000000087100000| Untracked 
| 114|0x0000000087200000, 0x0000000087200000, 0x0000000087300000|  0%| F|  |TAMS 0x0000000087200000| PB 0x0000000087200000| Untracked 
| 115|0x0000000087300000, 0x0000000087300000, 0x0000000087400000|  0%| F|  |TAMS 0x0000000087300000| PB 0x0000000087300000| Untracked 
| 116|0x0000000087400000, 0x0000000087400000, 0x0000000087500000|  0%| F|  |TAMS 0x0000000087400000| PB 0x0000000087400000| Untracked 
| 117|0x0000000087500000, 0x00000000875f7d00, 0x0000000087600000| 96%| S|CS|TAMS 0x0000000087500000| PB 0x0000000087500000| Complete 
| 118|0x0000000087600000, 0x0000000087700000, 0x0000000087700000|100%| S|CS|TAMS 0x0000000087600000| PB 0x0000000087600000| Complete 
| 119|0x0000000087700000, 0x0000000087800000, 0x0000000087800000|100%| S|CS|TAMS 0x0000000087700000| PB 0x0000000087700000| Complete 
| 120|0x0000000087800000, 0x0000000087800000, 0x0000000087900000|  0%| F|  |TAMS 0x0000000087800000| PB 0x0000000087800000| Untracked 
| 121|0x0000000087900000, 0x0000000087900000, 0x0000000087a00000|  0%| F|  |TAMS 0x0000000087900000| PB 0x0000000087900000| Untracked 
| 122|0x0000000087a00000, 0x0000000087a00000, 0x0000000087b00000|  0%| F|  |TAMS 0x0000000087a00000| PB 0x0000000087a00000| Untracked 
| 123|0x0000000087b00000, 0x0000000087b00000, 0x0000000087c00000|  0%| F|  |TAMS 0x0000000087b00000| PB 0x0000000087b00000| Untracked 
| 124|0x0000000087c00000, 0x0000000087c00000, 0x0000000087d00000|  0%| F|  |TAMS 0x0000000087c00000| PB 0x0000000087c00000| Untracked 
| 125|0x0000000087d00000, 0x0000000087d00000, 0x0000000087e00000|  0%| F|  |TAMS 0x0000000087d00000| PB 0x0000000087d00000| Untracked 
| 126|0x0000000087e00000, 0x0000000087e00000, 0x0000000087f00000|  0%| F|  |TAMS 0x0000000087e00000| PB 0x0000000087e00000| Untracked 
| 127|0x0000000087f00000, 0x0000000087f00000, 0x0000000088000000|  0%| F|  |TAMS 0x0000000087f00000| PB 0x0000000087f00000| Untracked 
| 128|0x0000000088000000, 0x0000000088000000, 0x0000000088100000|  0%| F|  |TAMS 0x0000000088000000| PB 0x0000000088000000| Untracked 
| 129|0x0000000088100000, 0x0000000088100000, 0x0000000088200000|  0%| F|  |TAMS 0x0000000088100000| PB 0x0000000088100000| Untracked 
| 130|0x0000000088200000, 0x0000000088200000, 0x0000000088300000|  0%| F|  |TAMS 0x0000000088200000| PB 0x0000000088200000| Untracked 
| 131|0x0000000088300000, 0x0000000088300000, 0x0000000088400000|  0%| F|  |TAMS 0x0000000088300000| PB 0x0000000088300000| Untracked 
| 132|0x0000000088400000, 0x0000000088400000, 0x0000000088500000|  0%| F|  |TAMS 0x0000000088400000| PB 0x0000000088400000| Untracked 
| 133|0x0000000088500000, 0x0000000088500000, 0x0000000088600000|  0%| F|  |TAMS 0x0000000088500000| PB 0x0000000088500000| Untracked 
| 134|0x0000000088600000, 0x0000000088600000, 0x0000000088700000|  0%| F|  |TAMS 0x0000000088600000| PB 0x0000000088600000| Untracked 
| 135|0x0000000088700000, 0x0000000088700000, 0x0000000088800000|  0%| F|  |TAMS 0x0000000088700000| PB 0x0000000088700000| Untracked 
| 136|0x0000000088800000, 0x0000000088800000, 0x0000000088900000|  0%| F|  |TAMS 0x0000000088800000| PB 0x0000000088800000| Untracked 
| 137|0x0000000088900000, 0x0000000088900000, 0x0000000088a00000|  0%| F|  |TAMS 0x0000000088900000| PB 0x0000000088900000| Untracked 
| 138|0x0000000088a00000, 0x0000000088a00000, 0x0000000088b00000|  0%| F|  |TAMS 0x0000000088a00000| PB 0x0000000088a00000| Untracked 
| 139|0x0000000088b00000, 0x0000000088b00000, 0x0000000088c00000|  0%| F|  |TAMS 0x0000000088b00000| PB 0x0000000088b00000| Untracked 
| 140|0x0000000088c00000, 0x0000000088c00000, 0x0000000088d00000|  0%| F|  |TAMS 0x0000000088c00000| PB 0x0000000088c00000| Untracked 
| 141|0x0000000088d00000, 0x0000000088d00000, 0x0000000088e00000|  0%| F|  |TAMS 0x0000000088d00000| PB 0x0000000088d00000| Untracked 
| 142|0x0000000088e00000, 0x0000000088e00000, 0x0000000088f00000|  0%| F|  |TAMS 0x0000000088e00000| PB 0x0000000088e00000| Untracked 
| 143|0x0000000088f00000, 0x0000000088f00000, 0x0000000089000000|  0%| F|  |TAMS 0x0000000088f00000| PB 0x0000000088f00000| Untracked 
| 144|0x0000000089000000, 0x0000000089100000, 0x0000000089100000|100%| E|  |TAMS 0x0000000089000000| PB 0x0000000089000000| Complete 
| 145|0x0000000089100000, 0x0000000089200000, 0x0000000089200000|100%| E|CS|TAMS 0x0000000089100000| PB 0x0000000089100000| Complete 
| 146|0x0000000089200000, 0x0000000089300000, 0x0000000089300000|100%| E|CS|TAMS 0x0000000089200000| PB 0x0000000089200000| Complete 
| 147|0x0000000089300000, 0x0000000089400000, 0x0000000089400000|100%| E|CS|TAMS 0x0000000089300000| PB 0x0000000089300000| Complete 
| 148|0x0000000089400000, 0x0000000089500000, 0x0000000089500000|100%| E|CS|TAMS 0x0000000089400000| PB 0x0000000089400000| Complete 
| 149|0x0000000089500000, 0x0000000089600000, 0x0000000089600000|100%| E|CS|TAMS 0x0000000089500000| PB 0x0000000089500000| Complete 
| 150|0x0000000089600000, 0x0000000089700000, 0x0000000089700000|100%| E|CS|TAMS 0x0000000089600000| PB 0x0000000089600000| Complete 
| 151|0x0000000089700000, 0x0000000089800000, 0x0000000089800000|100%| E|CS|TAMS 0x0000000089700000| PB 0x0000000089700000| Complete 
| 152|0x0000000089800000, 0x0000000089900000, 0x0000000089900000|100%| E|CS|TAMS 0x0000000089800000| PB 0x0000000089800000| Complete 
| 153|0x0000000089900000, 0x0000000089a00000, 0x0000000089a00000|100%| E|CS|TAMS 0x0000000089900000| PB 0x0000000089900000| Complete 
| 154|0x0000000089a00000, 0x0000000089b00000, 0x0000000089b00000|100%| E|CS|TAMS 0x0000000089a00000| PB 0x0000000089a00000| Complete 
| 155|0x0000000089b00000, 0x0000000089c00000, 0x0000000089c00000|100%| E|CS|TAMS 0x0000000089b00000| PB 0x0000000089b00000| Complete 
| 156|0x0000000089c00000, 0x0000000089d00000, 0x0000000089d00000|100%| E|CS|TAMS 0x0000000089c00000| PB 0x0000000089c00000| Complete 
| 157|0x0000000089d00000, 0x0000000089e00000, 0x0000000089e00000|100%| E|CS|TAMS 0x0000000089d00000| PB 0x0000000089d00000| Complete 
| 158|0x0000000089e00000, 0x0000000089f00000, 0x0000000089f00000|100%| E|CS|TAMS 0x0000000089e00000| PB 0x0000000089e00000| Complete 
| 159|0x0000000089f00000, 0x000000008a000000, 0x000000008a000000|100%| E|CS|TAMS 0x0000000089f00000| PB 0x0000000089f00000| Complete 
| 160|0x000000008a000000, 0x000000008a100000, 0x000000008a100000|100%| E|CS|TAMS 0x000000008a000000| PB 0x000000008a000000| Complete 
| 161|0x000000008a100000, 0x000000008a200000, 0x000000008a200000|100%| E|CS|TAMS 0x000000008a100000| PB 0x000000008a100000| Complete 
| 162|0x000000008a200000, 0x000000008a300000, 0x000000008a300000|100%| E|CS|TAMS 0x000000008a200000| PB 0x000000008a200000| Complete 
| 163|0x000000008a300000, 0x000000008a400000, 0x000000008a400000|100%| E|CS|TAMS 0x000000008a300000| PB 0x000000008a300000| Complete 
| 164|0x000000008a400000, 0x000000008a500000, 0x000000008a500000|100%| E|CS|TAMS 0x000000008a400000| PB 0x000000008a400000| Complete 
| 165|0x000000008a500000, 0x000000008a600000, 0x000000008a600000|100%| E|CS|TAMS 0x000000008a500000| PB 0x000000008a500000| Complete 
| 166|0x000000008a600000, 0x000000008a700000, 0x000000008a700000|100%| E|CS|TAMS 0x000000008a600000| PB 0x000000008a600000| Complete 
| 167|0x000000008a700000, 0x000000008a800000, 0x000000008a800000|100%| E|CS|TAMS 0x000000008a700000| PB 0x000000008a700000| Complete 
| 168|0x000000008a800000, 0x000000008a900000, 0x000000008a900000|100%| E|CS|TAMS 0x000000008a800000| PB 0x000000008a800000| Complete 
| 169|0x000000008a900000, 0x000000008aa00000, 0x000000008aa00000|100%| E|CS|TAMS 0x000000008a900000| PB 0x000000008a900000| Complete 
| 170|0x000000008aa00000, 0x000000008ab00000, 0x000000008ab00000|100%| E|CS|TAMS 0x000000008aa00000| PB 0x000000008aa00000| Complete 
| 214|0x000000008d600000, 0x000000008d700000, 0x000000008d700000|100%| E|CS|TAMS 0x000000008d600000| PB 0x000000008d600000| Complete 
| 215|0x000000008d700000, 0x000000008d800000, 0x000000008d800000|100%| E|CS|TAMS 0x000000008d700000| PB 0x000000008d700000| Complete 
| 216|0x000000008d800000, 0x000000008d900000, 0x000000008d900000|100%| E|CS|TAMS 0x000000008d800000| PB 0x000000008d800000| Complete 
| 217|0x000000008d900000, 0x000000008da00000, 0x000000008da00000|100%| E|CS|TAMS 0x000000008d900000| PB 0x000000008d900000| Complete 
| 218|0x000000008da00000, 0x000000008db00000, 0x000000008db00000|100%| E|CS|TAMS 0x000000008da00000| PB 0x000000008da00000| Complete 
| 219|0x000000008db00000, 0x000000008dc00000, 0x000000008dc00000|100%| E|CS|TAMS 0x000000008db00000| PB 0x000000008db00000| Complete 
| 220|0x000000008dc00000, 0x000000008dd00000, 0x000000008dd00000|100%| E|CS|TAMS 0x000000008dc00000| PB 0x000000008dc00000| Complete 
| 221|0x000000008dd00000, 0x000000008de00000, 0x000000008de00000|100%| E|CS|TAMS 0x000000008dd00000| PB 0x000000008dd00000| Complete 
| 222|0x000000008de00000, 0x000000008df00000, 0x000000008df00000|100%| E|CS|TAMS 0x000000008de00000| PB 0x000000008de00000| Complete 
| 223|0x000000008df00000, 0x000000008e000000, 0x000000008e000000|100%| E|CS|TAMS 0x000000008df00000| PB 0x000000008df00000| Complete 
| 224|0x000000008e000000, 0x000000008e100000, 0x000000008e100000|100%| E|CS|TAMS 0x000000008e000000| PB 0x000000008e000000| Complete 
| 255|0x000000008ff00000, 0x0000000090000000, 0x0000000090000000|100%| E|CS|TAMS 0x000000008ff00000| PB 0x000000008ff00000| Complete 
|2042|0x00000000ffa00000, 0x00000000ffb00000, 0x00000000ffb00000|100%| E|CS|TAMS 0x00000000ffa00000| PB 0x00000000ffa00000| Complete 
|2043|0x00000000ffb00000, 0x00000000ffc00000, 0x00000000ffc00000|100%| O|  |TAMS 0x00000000ffb00000| PB 0x00000000ffb00000| Untracked 
|2044|0x00000000ffc00000, 0x00000000ffd00000, 0x00000000ffd00000|100%| O|  |TAMS 0x00000000ffc00000| PB 0x00000000ffc00000| Untracked 
|2045|0x00000000ffd00000, 0x00000000ffe00000, 0x00000000ffe00000|100%| O|  |TAMS 0x00000000ffd00000| PB 0x00000000ffd00000| Untracked 
|2046|0x00000000ffe00000, 0x00000000fff00000, 0x00000000fff00000|100%| O|  |TAMS 0x00000000ffe00000| PB 0x00000000ffe00000| Untracked 
|2047|0x00000000fff00000, 0x0000000100000000, 0x0000000100000000|100%| O|  |TAMS 0x00000000fff00000| PB 0x00000000fff00000| Untracked 

Card table byte_map: [0x000001f3f2290000,0x000001f3f2690000] _byte_map_base: 0x000001f3f1e90000

Marking Bits: (CMBitMap*) 0x000001f3eea527f0
 Bits: [0x000001f3f2690000, 0x000001f3f4690000)

Polling page: 0x000001f3ee1c0000

Metaspace:

Usage:
  Non-class:     74.93 MB used.
      Class:     12.01 MB used.
       Both:     86.93 MB used.

Virtual space:
  Non-class space:      128.00 MB reserved,      75.88 MB ( 59%) committed,  2 nodes.
      Class space:        1.00 GB reserved,      12.88 MB (  1%) committed,  1 nodes.
             Both:        1.12 GB reserved,      88.75 MB (  8%) committed. 

Chunk freelists:
   Non-Class:  3.52 MB
       Class:  2.94 MB
        Both:  6.45 MB

MaxMetaspaceSize: unlimited
CompressedClassSpaceSize: 1.00 GB
Initial GC threshold: 21.00 MB
Current GC threshold: 142.00 MB
CDS: off
 - commit_granule_bytes: 65536.
 - commit_granule_words: 8192.
 - virtual_space_node_default_size: 8388608.
 - enlarge_chunks_in_place: 1.
 - use_allocation_guard: 0.


Internal statistics:

num_allocs_failed_limit: 6.
num_arena_births: 3626.
num_arena_deaths: 0.
num_vsnodes_births: 3.
num_vsnodes_deaths: 0.
num_space_committed: 1420.
num_space_uncommitted: 0.
num_chunks_returned_to_freelist: 6.
num_chunks_taken_from_freelist: 7275.
num_chunk_merges: 6.
num_chunk_splits: 4722.
num_chunks_enlarged: 2917.
num_inconsistent_stats: 0.

CodeHeap 'non-profiled nmethods': size=120000Kb used=4968Kb max_used=4968Kb free=115031Kb
 bounds [0x000001f387ad0000, 0x000001f387fb0000, 0x000001f38f000000]
CodeHeap 'profiled nmethods': size=120000Kb used=14762Kb max_used=14858Kb free=105237Kb
 bounds [0x000001f380000000, 0x000001f380e90000, 0x000001f387530000]
CodeHeap 'non-nmethods': size=5760Kb used=2653Kb max_used=2766Kb free=3106Kb
 bounds [0x000001f387530000, 0x000001f3877f0000, 0x000001f387ad0000]
CodeCache: size=245760Kb, used=22383Kb, max_used=22592Kb, free=223374Kb
 total_blobs=9035, nmethods=8098, adapters=840, full_count=0
Compilation: enabled, stopped_count=0, restarted_count=0

Compilation events (20 events):
Event: 8.657 Thread 0x000001f3f73594f0 9519       3       kotlin.reflect.jvm.internal.ReflectProperties::lazySoft (14 bytes)
Event: 8.657 Thread 0x000001f3f73594f0 nmethod 9519 0x000001f38045d690 code [0x000001f38045d860, 0x000001f38045db10]
Event: 8.662 Thread 0x000001f3f73594f0 9520       3       kotlin.SafePublicationLazyImpl::<init> (30 bytes)
Event: 8.662 Thread 0x000001f3f73594f0 nmethod 9520 0x000001f38084a910 code [0x000001f38084ab40, 0x000001f38084b260]
Event: 8.662 Thread 0x000001f3f73594f0 9522       3       kotlin.LazyKt__LazyJVMKt::lazy (102 bytes)
Event: 8.663 Thread 0x000001f3f73594f0 nmethod 9522 0x000001f38018c590 code [0x000001f38018c9a0, 0x000001f38018e348]
Event: 8.663 Thread 0x000001f3f73594f0 9521       1       kotlin.reflect.jvm.internal.KClassImpl::getJClass (5 bytes)
Event: 8.663 Thread 0x000001f3f73594f0 nmethod 9521 0x000001f387fa9b90 code [0x000001f387fa9d20, 0x000001f387fa9de8]
Event: 8.670 Thread 0x000001f3f73594f0 9523       3       kotlin.reflect.jvm.internal.impl.renderer.DescriptorRendererOptionsImpl::property (20 bytes)
Event: 8.670 Thread 0x000001f3f73594f0 nmethod 9523 0x000001f38061e910 code [0x000001f38061eac0, 0x000001f38061edf0]
Event: 8.670 Thread 0x000001f3f73594f0 9524       3       kotlin.reflect.jvm.internal.impl.renderer.DescriptorRendererOptionsImpl$property$$inlined$vetoable$1::<init> (11 bytes)
Event: 8.670 Thread 0x000001f3f73594f0 nmethod 9524 0x000001f380c4ba90 code [0x000001f380c4bc40, 0x000001f380c4bec0]
Event: 8.670 Thread 0x000001f3f73594f0 9525       3       kotlin.properties.ObservableProperty::<init> (10 bytes)
Event: 8.670 Thread 0x000001f3f73594f0 nmethod 9525 0x000001f38061e510 code [0x000001f38061e6c0, 0x000001f38061e878]
Event: 8.686 Thread 0x000001f3f73594f0 9526       3       kotlin.collections.CollectionsKt__CollectionsKt::emptyList (7 bytes)
Event: 8.686 Thread 0x000001f3f73594f0 nmethod 9526 0x000001f380ab7d90 code [0x000001f380ab7f20, 0x000001f380ab8018]
Event: 8.693 Thread 0x000001f3f73594f0 9527       3       java.net.URLClassLoader$3::next (66 bytes)
Event: 8.694 Thread 0x000001f3f73594f0 nmethod 9527 0x000001f380913590 code [0x000001f380913800, 0x000001f3809140b8]
Event: 8.695 Thread 0x000001f3f73594f0 9528       1       java.util.Formatter$FixedString::index (3 bytes)
Event: 8.695 Thread 0x000001f3f73594f0 nmethod 9528 0x000001f387fa9e90 code [0x000001f387faa020, 0x000001f387faa0e8]

GC Heap History (20 events):
Event: 5.366 GC heap before
{Heap before GC invocations=19 (full 0):
 garbage-first heap   total 113664K, used 99328K [0x0000000080000000, 0x0000000100000000)
  region size 1024K, 34 young (34816K), 5 survivors (5120K)
 Metaspace       used 59705K, committed 61248K, reserved 1114112K
  class space    used 8286K, committed 9024K, reserved 1048576K
}
Event: 5.369 GC heap after
{Heap after GC invocations=20 (full 0):
 garbage-first heap   total 113664K, used 71585K [0x0000000080000000, 0x0000000100000000)
  region size 1024K, 2 young (2048K), 2 survivors (2048K)
 Metaspace       used 59705K, committed 61248K, reserved 1114112K
  class space    used 8286K, committed 9024K, reserved 1048576K
}
Event: 5.688 GC heap before
{Heap before GC invocations=21 (full 0):
 garbage-first heap   total 121856K, used 101281K [0x0000000080000000, 0x0000000100000000)
  region size 1024K, 31 young (31744K), 2 survivors (2048K)
 Metaspace       used 62884K, committed 64384K, reserved 1114112K
  class space    used 8799K, committed 9536K, reserved 1048576K
}
Event: 5.691 GC heap after
{Heap after GC invocations=22 (full 0):
 garbage-first heap   total 121856K, used 74480K [0x0000000080000000, 0x0000000100000000)
  region size 1024K, 4 young (4096K), 4 survivors (4096K)
 Metaspace       used 62884K, committed 64384K, reserved 1114112K
  class space    used 8799K, committed 9536K, reserved 1048576K
}
Event: 6.073 GC heap before
{Heap before GC invocations=22 (full 0):
 garbage-first heap   total 121856K, used 107248K [0x0000000080000000, 0x0000000100000000)
  region size 1024K, 37 young (37888K), 4 survivors (4096K)
 Metaspace       used 66291K, committed 67968K, reserved 1114112K
  class space    used 9367K, committed 10176K, reserved 1048576K
}
Event: 6.078 GC heap after
{Heap after GC invocations=23 (full 0):
 garbage-first heap   total 121856K, used 76778K [0x0000000080000000, 0x0000000100000000)
  region size 1024K, 5 young (5120K), 5 survivors (5120K)
 Metaspace       used 66291K, committed 67968K, reserved 1114112K
  class space    used 9367K, committed 10176K, reserved 1048576K
}
Event: 6.389 GC heap before
{Heap before GC invocations=23 (full 0):
 garbage-first heap   total 121856K, used 108522K [0x0000000080000000, 0x0000000100000000)
  region size 1024K, 37 young (37888K), 5 survivors (5120K)
 Metaspace       used 66976K, committed 68672K, reserved 1114112K
  class space    used 9413K, committed 10240K, reserved 1048576K
}
Event: 6.397 GC heap after
{Heap after GC invocations=24 (full 0):
 garbage-first heap   total 146432K, used 82001K [0x0000000080000000, 0x0000000100000000)
  region size 1024K, 5 young (5120K), 5 survivors (5120K)
 Metaspace       used 66976K, committed 68672K, reserved 1114112K
  class space    used 9413K, committed 10240K, reserved 1048576K
}
Event: 6.654 GC heap before
{Heap before GC invocations=25 (full 0):
 garbage-first heap   total 146432K, used 139345K [0x0000000080000000, 0x0000000100000000)
  region size 1024K, 49 young (50176K), 5 survivors (5120K)
 Metaspace       used 67454K, committed 69184K, reserved 1114112K
  class space    used 9461K, committed 10304K, reserved 1048576K
}
Event: 6.659 GC heap after
{Heap after GC invocations=26 (full 0):
 garbage-first heap   total 151552K, used 101105K [0x0000000080000000, 0x0000000100000000)
  region size 1024K, 7 young (7168K), 7 survivors (7168K)
 Metaspace       used 67454K, committed 69184K, reserved 1114112K
  class space    used 9461K, committed 10304K, reserved 1048576K
}
Event: 6.857 GC heap before
{Heap before GC invocations=26 (full 0):
 garbage-first heap   total 151552K, used 136945K [0x0000000080000000, 0x0000000100000000)
  region size 1024K, 39 young (39936K), 7 survivors (7168K)
 Metaspace       used 69605K, committed 71360K, reserved 1114112K
  class space    used 9742K, committed 10560K, reserved 1048576K
}
Event: 6.862 GC heap after
{Heap after GC invocations=27 (full 0):
 garbage-first heap   total 151552K, used 105459K [0x0000000080000000, 0x0000000100000000)
  region size 1024K, 3 young (3072K), 3 survivors (3072K)
 Metaspace       used 69605K, committed 71360K, reserved 1114112K
  class space    used 9742K, committed 10560K, reserved 1048576K
}
Event: 7.073 GC heap before
{Heap before GC invocations=27 (full 0):
 garbage-first heap   total 151552K, used 136179K [0x0000000080000000, 0x0000000100000000)
  region size 1024K, 33 young (33792K), 3 survivors (3072K)
 Metaspace       used 72261K, committed 73984K, reserved 1114112K
  class space    used 10041K, committed 10880K, reserved 1048576K
}
Event: 7.075 GC heap after
{Heap after GC invocations=28 (full 0):
 garbage-first heap   total 151552K, used 107292K [0x0000000080000000, 0x0000000100000000)
  region size 1024K, 2 young (2048K), 2 survivors (2048K)
 Metaspace       used 72261K, committed 73984K, reserved 1114112K
  class space    used 10041K, committed 10880K, reserved 1048576K
}
Event: 7.356 GC heap before
{Heap before GC invocations=29 (full 0):
 garbage-first heap   total 181248K, used 138012K [0x0000000080000000, 0x0000000100000000)
  region size 1024K, 32 young (32768K), 2 survivors (2048K)
 Metaspace       used 75441K, committed 77248K, reserved 1179648K
  class space    used 10372K, committed 11264K, reserved 1048576K
}
Event: 7.359 GC heap after
{Heap after GC invocations=30 (full 0):
 garbage-first heap   total 181248K, used 107732K [0x0000000080000000, 0x0000000100000000)
  region size 1024K, 2 young (2048K), 2 survivors (2048K)
 Metaspace       used 75441K, committed 77248K, reserved 1179648K
  class space    used 10372K, committed 11264K, reserved 1048576K
}
Event: 7.850 GC heap before
{Heap before GC invocations=30 (full 0):
 garbage-first heap   total 181248K, used 169172K [0x0000000080000000, 0x0000000100000000)
  region size 1024K, 58 young (59392K), 2 survivors (2048K)
 Metaspace       used 80270K, committed 82112K, reserved 1179648K
  class space    used 11087K, committed 11968K, reserved 1048576K
}
Event: 7.854 GC heap after
{Heap after GC invocations=31 (full 0):
 garbage-first heap   total 181248K, used 112382K [0x0000000080000000, 0x0000000100000000)
  region size 1024K, 7 young (7168K), 7 survivors (7168K)
 Metaspace       used 80270K, committed 82112K, reserved 1179648K
  class space    used 11087K, committed 11968K, reserved 1048576K
}
Event: 8.386 GC heap before
{Heap before GC invocations=31 (full 0):
 garbage-first heap   total 181248K, used 165630K [0x0000000080000000, 0x0000000100000000)
  region size 1024K, 59 young (60416K), 7 survivors (7168K)
 Metaspace       used 84924K, committed 86784K, reserved 1179648K
  class space    used 11698K, committed 12608K, reserved 1048576K
}
Event: 8.391 GC heap after
{Heap after GC invocations=32 (full 0):
 garbage-first heap   total 181248K, used 115358K [0x0000000080000000, 0x0000000100000000)
  region size 1024K, 3 young (3072K), 3 survivors (3072K)
 Metaspace       used 84924K, committed 86784K, reserved 1179648K
  class space    used 11698K, committed 12608K, reserved 1048576K
}

Dll operation events (3 events):
Event: 0.007 Loaded shared library C:\Program Files\Android\Android Studio\jbr\bin\java.dll
Event: 0.013 Loaded shared library C:\Program Files\Android\Android Studio\jbr\bin\zip.dll
Event: 0.419 Loaded shared library C:\Program Files\Android\Android Studio\jbr\bin\verify.dll

Deoptimization events (20 events):
Event: 8.509 Thread 0x000001f3fd78a820 DEOPT PACKING pc=0x000001f387cf259c sp=0x000000734f6f4df0
Event: 8.509 Thread 0x000001f3fd78a820 DEOPT UNPACKING pc=0x000001f3875843a2 sp=0x000000734f6f4d80 mode 2
Event: 8.509 Thread 0x000001f3fd78a820 Uncommon trap: trap_request=0xffffff45 fr.pc=0x000001f387f2058c relative=0x00000000000032ac
Event: 8.509 Thread 0x000001f3fd78a820 Uncommon trap: reason=unstable_if action=reinterpret pc=0x000001f387f2058c method=java.lang.ClassLoader.defineClassSourceLocation(Ljava/security/ProtectionDomain;)Ljava/lang/String; @ 15 c2
Event: 8.509 Thread 0x000001f3fd78a820 DEOPT PACKING pc=0x000001f387f2058c sp=0x000000734f6f4f70
Event: 8.509 Thread 0x000001f3fd78a820 DEOPT UNPACKING pc=0x000001f3875843a2 sp=0x000000734f6f4eb0 mode 2
Event: 8.523 Thread 0x000001f3fd78a820 DEOPT PACKING pc=0x000001f380d0a2c6 sp=0x000000734f6f6df0
Event: 8.523 Thread 0x000001f3fd78a820 DEOPT UNPACKING pc=0x000001f387584b42 sp=0x000000734f6f63a0 mode 0
Event: 8.546 Thread 0x000001f3fd78a820 Uncommon trap: trap_request=0xffffff45 fr.pc=0x000001f387e22a6c relative=0x000000000000054c
Event: 8.546 Thread 0x000001f3fd78a820 Uncommon trap: reason=unstable_if action=reinterpret pc=0x000001f387e22a6c method=org.gradle.internal.service.DefaultServiceRegistry$OwnServices.getService(Ljava/lang/reflect/Type;)Lorg/gradle/internal/service/Service; @ 27 c2
Event: 8.546 Thread 0x000001f3fd78a820 DEOPT PACKING pc=0x000001f387e22a6c sp=0x000000734f6f6eb0
Event: 8.546 Thread 0x000001f3fd78a820 DEOPT UNPACKING pc=0x000001f3875843a2 sp=0x000000734f6f6e28 mode 2
Event: 8.547 Thread 0x000001f3fd78a820 Uncommon trap: trap_request=0xffffff76 fr.pc=0x000001f387ef73d0 relative=0x0000000000000230
Event: 8.547 Thread 0x000001f3fd78a820 Uncommon trap: reason=predicate action=maybe_recompile pc=0x000001f387ef73d0 method=java.util.Arrays.fill([Ljava/lang/Object;IILjava/lang/Object;)V @ 13 c2
Event: 8.547 Thread 0x000001f3fd78a820 DEOPT PACKING pc=0x000001f387ef73d0 sp=0x000000734f6f6b30
Event: 8.547 Thread 0x000001f3fd78a820 DEOPT UNPACKING pc=0x000001f3875843a2 sp=0x000000734f6f6b00 mode 2
Event: 8.672 Thread 0x000001f3fd78a820 Uncommon trap: trap_request=0xffffff45 fr.pc=0x000001f387b248d4 relative=0x00000000000006f4
Event: 8.672 Thread 0x000001f3fd78a820 Uncommon trap: reason=unstable_if action=reinterpret pc=0x000001f387b248d4 method=java.lang.AbstractStringBuilder.append(Ljava/lang/String;)Ljava/lang/AbstractStringBuilder; @ 1 c2
Event: 8.672 Thread 0x000001f3fd78a820 DEOPT PACKING pc=0x000001f387b248d4 sp=0x000000734f6f56f0
Event: 8.672 Thread 0x000001f3fd78a820 DEOPT UNPACKING pc=0x000001f3875843a2 sp=0x000000734f6f5680 mode 2

Classes loaded (20 events):
Event: 8.371 Loading class javax/management/JMException
Event: 8.371 Loading class javax/management/JMException done
Event: 8.371 Loading class javax/management/OperationsException done
Event: 8.371 Loading class javax/management/ListenerNotFoundException done
Event: 8.371 Loading class jdk/jfr/FlightRecorder
Event: 8.371 Loading class jdk/jfr/FlightRecorder done
Event: 8.371 Loading class jdk/management/jfr/FlightRecorderMXBeanImpl$MXBeanListener
Event: 8.371 Loading class jdk/jfr/FlightRecorderListener
Event: 8.371 Loading class jdk/jfr/FlightRecorderListener done
Event: 8.371 Loading class jdk/management/jfr/FlightRecorderMXBeanImpl$MXBeanListener done
Event: 8.376 Loading class java/time/format/DateTimeFormatterBuilder$WeekBasedFieldPrinterParser
Event: 8.376 Loading class java/time/format/DateTimeFormatterBuilder$WeekBasedFieldPrinterParser done
Event: 8.396 Loading class com/sun/jmx/mbeanserver/StandardMBeanSupport
Event: 8.396 Loading class com/sun/jmx/mbeanserver/StandardMBeanSupport done
Event: 8.397 Loading class com/sun/jmx/mbeanserver/StandardMBeanIntrospector
Event: 8.397 Loading class com/sun/jmx/mbeanserver/StandardMBeanIntrospector done
Event: 8.508 Loading class sun/reflect/misc/MethodUtil
Event: 8.509 Loading class sun/reflect/misc/MethodUtil done
Event: 8.509 Loading class sun/reflect/misc/MethodUtil$1
Event: 8.509 Loading class sun/reflect/misc/MethodUtil$1 done

Classes unloaded (0 events):
No events

Classes redefined (0 events):
No events

Internal exceptions (20 events):
Event: 8.587 Thread 0x000001f3fd78a820 Exception <a 'sun/nio/fs/WindowsException'{0x000000008a4e7b48}> (0x000000008a4e7b48) 
thrown [s\src\hotspot\share\prims\jni.cpp, line 537]
Event: 8.587 Thread 0x000001f3fd78a820 Exception <a 'sun/nio/fs/WindowsException'{0x000000008a4f4fe8}> (0x000000008a4f4fe8) 
thrown [s\src\hotspot\share\prims\jni.cpp, line 537]
Event: 8.588 Thread 0x000001f3fd78a820 Exception <a 'sun/nio/fs/WindowsException'{0x000000008a303a98}> (0x000000008a303a98) 
thrown [s\src\hotspot\share\prims\jni.cpp, line 537]
Event: 8.589 Thread 0x000001f3fd78a820 Exception <a 'sun/nio/fs/WindowsException'{0x000000008a3275a0}> (0x000000008a3275a0) 
thrown [s\src\hotspot\share\prims\jni.cpp, line 537]
Event: 8.589 Thread 0x000001f3fd78a820 Exception <a 'sun/nio/fs/WindowsException'{0x000000008a33c180}> (0x000000008a33c180) 
thrown [s\src\hotspot\share\prims\jni.cpp, line 537]
Event: 8.590 Thread 0x000001f3fd78a820 Exception <a 'sun/nio/fs/WindowsException'{0x000000008a34ef30}> (0x000000008a34ef30) 
thrown [s\src\hotspot\share\prims\jni.cpp, line 537]
Event: 8.591 Thread 0x000001f3fd78a820 Exception <a 'sun/nio/fs/WindowsException'{0x000000008a35a308}> (0x000000008a35a308) 
thrown [s\src\hotspot\share\prims\jni.cpp, line 537]
Event: 8.591 Thread 0x000001f3fd78a820 Exception <a 'sun/nio/fs/WindowsException'{0x000000008a369490}> (0x000000008a369490) 
thrown [s\src\hotspot\share\prims\jni.cpp, line 537]
Event: 8.591 Thread 0x000001f3fd78a820 Exception <a 'sun/nio/fs/WindowsException'{0x000000008a3817d0}> (0x000000008a3817d0) 
thrown [s\src\hotspot\share\prims\jni.cpp, line 537]
Event: 8.592 Thread 0x000001f3fd78a820 Exception <a 'sun/nio/fs/WindowsException'{0x000000008a397bb8}> (0x000000008a397bb8) 
thrown [s\src\hotspot\share\prims\jni.cpp, line 537]
Event: 8.592 Thread 0x000001f3fd78a820 Exception <a 'sun/nio/fs/WindowsException'{0x000000008a3a40a0}> (0x000000008a3a40a0) 
thrown [s\src\hotspot\share\prims\jni.cpp, line 537]
Event: 8.593 Thread 0x000001f3fd78a820 Exception <a 'sun/nio/fs/WindowsException'{0x000000008a3b5998}> (0x000000008a3b5998) 
thrown [s\src\hotspot\share\prims\jni.cpp, line 537]
Event: 8.595 Thread 0x000001f3fd78a820 Exception <a 'sun/nio/fs/WindowsException'{0x000000008a21c530}> (0x000000008a21c530) 
thrown [s\src\hotspot\share\prims\jni.cpp, line 537]
Event: 8.597 Thread 0x000001f3fd78a820 Exception <a 'sun/nio/fs/WindowsException'{0x000000008a2540b8}> (0x000000008a2540b8) 
thrown [s\src\hotspot\share\prims\jni.cpp, line 537]
Event: 8.597 Thread 0x000001f3fd78a820 Exception <a 'sun/nio/fs/WindowsException'{0x000000008a2630b0}> (0x000000008a2630b0) 
thrown [s\src\hotspot\share\prims\jni.cpp, line 537]
Event: 8.597 Thread 0x000001f3fd78a820 Exception <a 'sun/nio/fs/WindowsException'{0x000000008a2725f8}> (0x000000008a2725f8) 
thrown [s\src\hotspot\share\prims\jni.cpp, line 537]
Event: 8.598 Thread 0x000001f3fd78a820 Exception <a 'sun/nio/fs/WindowsException'{0x000000008a27f6f0}> (0x000000008a27f6f0) 
thrown [s\src\hotspot\share\prims\jni.cpp, line 537]
Event: 8.598 Thread 0x000001f3fd78a820 Exception <a 'sun/nio/fs/WindowsException'{0x000000008a28cbc0}> (0x000000008a28cbc0) 
thrown [s\src\hotspot\share\prims\jni.cpp, line 537]
Event: 8.599 Thread 0x000001f3fd78a820 Exception <a 'sun/nio/fs/WindowsException'{0x000000008a297ca0}> (0x000000008a297ca0) 
thrown [s\src\hotspot\share\prims\jni.cpp, line 537]
Event: 8.672 Thread 0x000001f3fd78a820 Implicit null exception at 0x000001f387b24224 to 0x000001f387b248bc

ZGC Phase Switch (0 events):
No events

VM Operations (20 events):
Event: 7.570 Executing non-safepoint VM operation: HandshakeAllThreads (Deoptimize)
Event: 7.570 Executing non-safepoint VM operation: HandshakeAllThreads (Deoptimize) done
Event: 7.751 Executing safepoint VM operation: ICBufferFull
Event: 7.751 Executing safepoint VM operation: ICBufferFull done
Event: 7.850 Executing safepoint VM operation: G1CollectForAllocation (G1 Evacuation Pause)
Event: 7.854 Executing safepoint VM operation: G1CollectForAllocation (G1 Evacuation Pause) done
Event: 8.279 Executing non-safepoint VM operation: HandshakeAllThreads (Deoptimize)
Event: 8.279 Executing non-safepoint VM operation: HandshakeAllThreads (Deoptimize) done
Event: 8.343 Executing safepoint VM operation: ICBufferFull
Event: 8.343 Executing safepoint VM operation: ICBufferFull done
Event: 8.386 Executing safepoint VM operation: G1CollectForAllocation (G1 Evacuation Pause)
Event: 8.391 Executing safepoint VM operation: G1CollectForAllocation (G1 Evacuation Pause) done
Event: 8.407 Executing non-safepoint VM operation: HandshakeAllThreads (Deoptimize)
Event: 8.407 Executing non-safepoint VM operation: HandshakeAllThreads (Deoptimize) done
Event: 8.434 Executing safepoint VM operation: G1PauseRemark
Event: 8.438 Executing safepoint VM operation: G1PauseRemark done
Event: 8.464 Executing safepoint VM operation: G1PauseCleanup
Event: 8.464 Executing safepoint VM operation: G1PauseCleanup done
Event: 8.576 Executing non-safepoint VM operation: HandshakeAllThreads (Deoptimize)
Event: 8.576 Executing non-safepoint VM operation: HandshakeAllThreads (Deoptimize) done

Memory protections (0 events):
No events

Nmethod flushes (20 events):
Event: 8.437 Thread 0x000001f3f7296650 flushing  nmethod 0x000001f387e32210
Event: 8.437 Thread 0x000001f3f7296650 flushing  nmethod 0x000001f387eedb90
Event: 8.437 Thread 0x000001f3f7296650 flushing  nmethod 0x000001f387ef7010
Event: 8.437 Thread 0x000001f3f7296650 flushing  nmethod 0x000001f380081410
Event: 8.437 Thread 0x000001f3f7296650 flushing  nmethod 0x000001f380121a10
Event: 8.437 Thread 0x000001f3f7296650 flushing  nmethod 0x000001f38012db10
Event: 8.437 Thread 0x000001f3f7296650 flushing  nmethod 0x000001f3801ff390
Event: 8.437 Thread 0x000001f3f7296650 flushing  nmethod 0x000001f380200190
Event: 8.437 Thread 0x000001f3f7296650 flushing  nmethod 0x000001f38026ae90
Event: 8.437 Thread 0x000001f3f7296650 flushing  nmethod 0x000001f38026ca90
Event: 8.437 Thread 0x000001f3f7296650 flushing  nmethod 0x000001f3803af210
Event: 8.437 Thread 0x000001f3f7296650 flushing  nmethod 0x000001f38048d290
Event: 8.437 Thread 0x000001f3f7296650 flushing  nmethod 0x000001f38048ea10
Event: 8.437 Thread 0x000001f3f7296650 flushing  nmethod 0x000001f3806db910
Event: 8.437 Thread 0x000001f3f7296650 flushing  nmethod 0x000001f38070ed90
Event: 8.437 Thread 0x000001f3f7296650 flushing  nmethod 0x000001f38070f890
Event: 8.437 Thread 0x000001f3f7296650 flushing  nmethod 0x000001f38081e490
Event: 8.437 Thread 0x000001f3f7296650 flushing  nmethod 0x000001f3809df710
Event: 8.437 Thread 0x000001f3f7296650 flushing  nmethod 0x000001f380a66c10
Event: 8.437 Thread 0x000001f3f7296650 flushing  nmethod 0x000001f380a67390

Events (20 events):
Event: 4.906 Thread 0x000001f3fd78a820 Thread added: 0x000001f3fe6da040
Event: 5.837 Thread 0x000001f3fd78a820 Thread added: 0x000001f3fe6dce30
Event: 6.307 Thread 0x000001f3fd78a820 Thread added: 0x000001f3fe6d7f70
Event: 6.308 Thread 0x000001f3fd78a820 Thread added: 0x000001f3fe6d8600
Event: 6.308 Thread 0x000001f3fd78a820 Thread added: 0x000001f3fe6d8c90
Event: 6.308 Thread 0x000001f3fd78a820 Thread added: 0x000001f391866860
Event: 6.308 Thread 0x000001f3fd78a820 Thread added: 0x000001f391864790
Event: 6.308 Thread 0x000001f3fd78a820 Thread added: 0x000001f39186a370
Event: 6.308 Thread 0x000001f3fd78a820 Thread added: 0x000001f391864100
Event: 6.339 Thread 0x000001f3fd78a820 Thread added: 0x000001f39186b720
Event: 6.340 Thread 0x000001f3fd78a820 Thread added: 0x000001f39186b090
Event: 6.340 Thread 0x000001f3fd78a820 Thread added: 0x000001f39186aa00
Event: 6.342 Thread 0x000001f3fd78a820 Thread added: 0x000001f3918661d0
Event: 6.344 Thread 0x000001f3fd78a820 Thread added: 0x000001f391868930
Event: 6.345 Thread 0x000001f3fd78a820 Thread added: 0x000001f391864e20
Event: 6.347 Thread 0x000001f3fd78a820 Thread added: 0x000001f391868fc0
Event: 7.108 Thread 0x000001f3fc9b7350 Thread exited: 0x000001f3fc9b7350
Event: 7.479 Thread 0x000001f3fd78a820 Thread added: 0x000001f38f383f40
Event: 7.589 Thread 0x000001f3f73594f0 Thread added: 0x000001f3fcfb8410
Event: 8.409 Thread 0x000001f3fd78a820 Thread added: 0x000001f38f383220


Dynamic libraries:
0x00007ff64b080000 - 0x00007ff64b08a000 	C:\Program Files\Android\Android Studio\jbr\bin\java.exe
0x00007ffe14d10000 - 0x00007ffe14f28000 	C:\Windows\SYSTEM32\ntdll.dll
0x00007ffe14430000 - 0x00007ffe144f4000 	C:\Windows\System32\KERNEL32.DLL
0x00007ffe11ea0000 - 0x00007ffe12273000 	C:\Windows\System32\KERNELBASE.dll
0x00007ffe127a0000 - 0x00007ffe128b1000 	C:\Windows\System32\ucrtbase.dll
0x00007ffded510000 - 0x00007ffded528000 	C:\Program Files\Android\Android Studio\jbr\bin\jli.dll
0x00007ffdec8f0000 - 0x00007ffdec90b000 	C:\Program Files\Android\Android Studio\jbr\bin\VCRUNTIME140.dll
0x00007ffe14960000 - 0x00007ffe14b12000 	C:\Windows\System32\USER32.dll
0x00007ffe02ad0000 - 0x00007ffe02d6c000 	C:\Windows\WinSxS\amd64_microsoft.windows.common-controls_6595b64144ccf1df_6.0.22621.6060_none_2712eda17382d24b\COMCTL32.dll
0x00007ffe128c0000 - 0x00007ffe128e6000 	C:\Windows\System32\win32u.dll
0x00007ffe12be0000 - 0x00007ffe12c87000 	C:\Windows\System32\msvcrt.dll
0x00007ffe14c80000 - 0x00007ffe14ca9000 	C:\Windows\System32\GDI32.dll
0x00007ffe12510000 - 0x00007ffe1262b000 	C:\Windows\System32\gdi32full.dll
0x00007ffe12280000 - 0x00007ffe1231a000 	C:\Windows\System32\msvcp_win.dll
0x00007ffe138e0000 - 0x00007ffe13911000 	C:\Windows\System32\IMM32.DLL
0x00007ffdec8e0000 - 0x00007ffdec8ec000 	C:\Program Files\Android\Android Studio\jbr\bin\vcruntime140_1.dll
0x00007ffdd96c0000 - 0x00007ffdd974d000 	C:\Program Files\Android\Android Studio\jbr\bin\msvcp140.dll
0x00007ffdd9ed0000 - 0x00007ffddab66000 	C:\Program Files\Android\Android Studio\jbr\bin\server\jvm.dll
0x00007ffe12e60000 - 0x00007ffe12f11000 	C:\Windows\System32\ADVAPI32.dll
0x00007ffe148b0000 - 0x00007ffe14958000 	C:\Windows\System32\sechost.dll
0x00007ffe12770000 - 0x00007ffe12798000 	C:\Windows\System32\bcrypt.dll
0x00007ffe129b0000 - 0x00007ffe12ac8000 	C:\Windows\System32\RPCRT4.dll
0x00007ffe143b0000 - 0x00007ffe14421000 	C:\Windows\System32\WS2_32.dll
0x00007ffe11cf0000 - 0x00007ffe11d3d000 	C:\Windows\SYSTEM32\POWRPROF.dll
0x00007ffe0a830000 - 0x00007ffe0a864000 	C:\Windows\SYSTEM32\WINMM.dll
0x00007ffe0b8a0000 - 0x00007ffe0b8aa000 	C:\Windows\SYSTEM32\VERSION.dll
0x00007ffe11cd0000 - 0x00007ffe11ce3000 	C:\Windows\SYSTEM32\UMPDC.dll
0x00007ffe10e00000 - 0x00007ffe10e18000 	C:\Windows\SYSTEM32\kernel.appcore.dll
0x00007ffdec8d0000 - 0x00007ffdec8da000 	C:\Program Files\Android\Android Studio\jbr\bin\jimage.dll
0x00007ffe02890000 - 0x00007ffe02ac3000 	C:\Windows\SYSTEM32\DBGHELP.DLL
0x00007ffe13540000 - 0x00007ffe138d1000 	C:\Windows\System32\combase.dll
0x00007ffe14500000 - 0x00007ffe145d8000 	C:\Windows\System32\OLEAUT32.dll
0x00007ffdf79b0000 - 0x00007ffdf79e2000 	C:\Windows\SYSTEM32\dbgcore.DLL
0x00007ffe11e20000 - 0x00007ffe11e9b000 	C:\Windows\System32\bcryptPrimitives.dll
0x00007ffe0df80000 - 0x00007ffe0df8e000 	C:\Program Files\Android\Android Studio\jbr\bin\instrument.dll
0x00007ffdec100000 - 0x00007ffdec120000 	C:\Program Files\Android\Android Studio\jbr\bin\java.dll
0x00007ffdd9eb0000 - 0x00007ffdd9ec8000 	C:\Program Files\Android\Android Studio\jbr\bin\zip.dll
0x00007ffe13a90000 - 0x00007ffe1432c000 	C:\Windows\System32\SHELL32.dll
0x00007ffe12630000 - 0x00007ffe1276f000 	C:\Windows\System32\wintypes.dll
0x00007ffe0fd20000 - 0x00007ffe1063a000 	C:\Windows\SYSTEM32\windows.storage.dll
0x00007ffe12ad0000 - 0x00007ffe12bd4000 	C:\Windows\System32\SHCORE.dll
0x00007ffe12f30000 - 0x00007ffe12f99000 	C:\Windows\System32\shlwapi.dll
0x00007ffe11d50000 - 0x00007ffe11d75000 	C:\Windows\SYSTEM32\profapi.dll
0x00007ffddbd80000 - 0x00007ffddbd90000 	C:\Program Files\Android\Android Studio\jbr\bin\net.dll
0x00007ffe0c370000 - 0x00007ffe0c49c000 	C:\Windows\SYSTEM32\WINHTTP.dll
0x00007ffe112e0000 - 0x00007ffe11349000 	C:\Windows\system32\mswsock.dll
0x00007ffdd9e90000 - 0x00007ffdd9ea6000 	C:\Program Files\Android\Android Studio\jbr\bin\nio.dll
0x00007ffdec910000 - 0x00007ffdec920000 	C:\Program Files\Android\Android Studio\jbr\bin\verify.dll
0x00007ffdf14d0000 - 0x00007ffdf14f7000 	C:\Users\Annu pc\.gradle\native\c067742578af261105cb4f569cf0c3c89f3d7b1fecec35dd04571415982c5e48\windows-amd64\native-platform.dll
0x00007ffdd5cf0000 - 0x00007ffdd5e34000 	C:\Users\Annu pc\.gradle\native\38dada09dfb8b06ba9b0570ebf7e218e3eb74d4ef43ca46872605cf95ebc2f47\windows-amd64\native-platform-file-events.dll
0x00007ffdd9a10000 - 0x00007ffdd9a19000 	C:\Program Files\Android\Android Studio\jbr\bin\management.dll
0x00007ffdd9a00000 - 0x00007ffdd9a0b000 	C:\Program Files\Android\Android Studio\jbr\bin\management_ext.dll
0x00007ffe14cb0000 - 0x00007ffe14cb8000 	C:\Windows\System32\PSAPI.DLL
0x00007ffe11540000 - 0x00007ffe1155b000 	C:\Windows\SYSTEM32\CRYPTSP.dll
0x00007ffe10d60000 - 0x00007ffe10d97000 	C:\Windows\system32\rsaenh.dll
0x00007ffe113d0000 - 0x00007ffe113f8000 	C:\Windows\SYSTEM32\USERENV.dll
0x00007ffe11530000 - 0x00007ffe1153c000 	C:\Windows\SYSTEM32\CRYPTBASE.dll
0x00007ffe108a0000 - 0x00007ffe108cd000 	C:\Windows\SYSTEM32\IPHLPAPI.DLL
0x00007ffe145e0000 - 0x00007ffe145e9000 	C:\Windows\System32\NSI.dll
0x00007ffdd9a70000 - 0x00007ffdd9a79000 	C:\Program Files\Android\Android Studio\jbr\bin\extnet.dll
0x00007ffdef660000 - 0x00007ffdef668000 	C:\Windows\system32\wshunix.dll

JVMTI agents:
C:\Users\Annu pc\.gradle\wrapper\dists\gradle-8.7-bin\bhs2wmbdwecv87pi65oeuq5iu\gradle-8.7\lib\agents\gradle-instrumentation-agent-8.7.jar path:C:\Program Files\Android\Android Studio\jbr\bin\instrument.dll, loaded, initialized, instrumentlib options:none

dbghelp: loaded successfully - version: 4.0.5 - missing functions: none
symbol engine: initialized successfully - sym options: 0x614 - pdb path: .;C:\Program Files\Android\Android Studio\jbr\bin;C:\Windows\SYSTEM32;C:\Windows\WinSxS\amd64_microsoft.windows.common-controls_6595b64144ccf1df_6.0.22621.6060_none_2712eda17382d24b;C:\Program Files\Android\Android Studio\jbr\bin\server;C:\Users\Annu pc\.gradle\native\c067742578af261105cb4f569cf0c3c89f3d7b1fecec35dd04571415982c5e48\windows-amd64;C:\Users\Annu pc\.gradle\native\38dada09dfb8b06ba9b0570ebf7e218e3eb74d4ef43ca46872605cf95ebc2f47\windows-amd64

VM Arguments:
jvm_args: --add-opens=java.base/java.util=ALL-UNNAMED --add-opens=java.base/java.lang=ALL-UNNAMED --add-opens=java.base/java.lang.invoke=ALL-UNNAMED --add-opens=java.prefs/java.util.prefs=ALL-UNNAMED --add-opens=java.base/java.nio.charset=ALL-UNNAMED --add-opens=java.base/java.net=ALL-UNNAMED --add-opens=java.base/java.util.concurrent.atomic=ALL-UNNAMED -Xmx2048m -Dfile.encoding=UTF-8 -Duser.country=US -Duser.language=en -Duser.variant -javaagent:C:\Users\Annu pc\.gradle\wrapper\dists\gradle-8.7-bin\bhs2wmbdwecv87pi65oeuq5iu\gradle-8.7\lib\agents\gradle-instrumentation-agent-8.7.jar 
java_command: org.gradle.launcher.daemon.bootstrap.GradleDaemon 8.7
java_class_path (initial): C:\Users\Annu pc\.gradle\wrapper\dists\gradle-8.7-bin\bhs2wmbdwecv87pi65oeuq5iu\gradle-8.7\lib\gradle-launcher-8.7.jar
Launcher Type: SUN_STANDARD

[Global flags]
     intx CICompilerCount                          = 4                                         {product} {ergonomic}
     uint ConcGCThreads                            = 2                                         {product} {ergonomic}
     uint G1ConcRefinementThreads                  = 8                                         {product} {ergonomic}
   size_t G1HeapRegionSize                         = 1048576                                   {product} {ergonomic}
    uintx GCDrainStackTargetSize                   = 64                                        {product} {ergonomic}
   size_t InitialHeapSize                          = 268435456                                 {product} {ergonomic}
   size_t MarkStackSize                            = 4194304                                   {product} {ergonomic}
   size_t MaxHeapSize                              = 2147483648                                {product} {command line}
   size_t MaxNewSize                               = 1287651328                                {product} {ergonomic}
   size_t MinHeapDeltaBytes                        = 1048576                                   {product} {ergonomic}
   size_t MinHeapSize                              = 8388608                                   {product} {ergonomic}
    uintx NonNMethodCodeHeapSize                   = 5839372                                {pd product} {ergonomic}
    uintx NonProfiledCodeHeapSize                  = 122909434                              {pd product} {ergonomic}
    uintx ProfiledCodeHeapSize                     = 122909434                              {pd product} {ergonomic}
    uintx ReservedCodeCacheSize                    = 251658240                              {pd product} {ergonomic}
     bool SegmentedCodeCache                       = true                                      {product} {ergonomic}
   size_t SoftMaxHeapSize                          = 2147483648                             {manageable} {ergonomic}
     bool UseCompressedOops                        = true                           {product lp64_product} {ergonomic}
     bool UseG1GC                                  = true                                      {product} {ergonomic}
     bool UseLargePagesIndividualAllocation        = false                                  {pd product} {ergonomic}

Logging:
Log output configuration:
 #0: stdout all=warning uptime,level,tags foldmultilines=false
 #1: stderr all=off uptime,level,tags foldmultilines=false

Release file:
JAVA_VERSION="21.0.10" 
MODULES="java.base java.compiler java.datatransfer java.xml java.prefs java.desktop java.instrument java.logging java.management java.security.sasl java.naming java.rmi java.management.rmi java.net.http java.scripting java.security.jgss java.transaction.xa java.sql java.sql.rowset java.xml.crypto java.se java.smartcardio jdk.accessibility jdk.internal.jvmstat jdk.attach jdk.charsets jdk.internal.opt jdk.zipfs jdk.compiler jdk.crypto.ec jdk.crypto.cryptoki jdk.dynalink jdk.hotspot.agent jdk.httpserver jdk.internal.ed jdk.internal.le jdk.internal.vm.ci jdk.jartool jdk.javadoc jdk.jcmd jdk.jdeps jdk.jdwp.agent jdk.jdi jdk.jfr jdk.jlink jdk.jsobject jdk.localedata jdk.management jdk.management.agent jdk.management.jfr jdk.naming.dns jdk.naming.rmi jdk.net jdk.sctp jdk.security.auth jdk.security.jgss jdk.unsupported jdk.unsupported.desktop jdk.xml.dom" 
IMPLEMENTOR="JetBrains s.r.o." 
JAVA_RUNTIME_VERSION="21.0.10+-14961533-b1163.108" 
LIBC="default" 
OS_ARCH="x86_64" 
OS_NAME="Windows" 
SOURCE=".:git:1351622c2ff2" 

Environment Variables:
JAVA_HOME=C:\Program Files\Eclipse Adoptium\jdk-17.0.18.8-hotspot
PATH=C:\Program Files\Eclipse Adoptium\jdk-17.0.18.8-hotspot\bin;C:\Program Files\Eclipse Adoptium\jdk-25.0.2.10-hotspot\bin;C:\Program Files\Common Files\Oracle\Java\javapath;C:\Windows\system32;C:\Windows;C:\Windows\System32\Wbem;C:\Windows\System32\WindowsPowerShell\v1.0\;C:\Windows\System32\OpenSSH\;C:\Program Files\Git\cmd;C:\bazel\;C:\Users\Annu pc\AppData\Local\Microsoft\WindowsApps;C:\ProgramData\Annu pc\GitHubDesktop\bin
USERNAME=Annu pc
OS=Windows_NT
PROCESSOR_IDENTIFIER=Intel64 Family 6 Model 94 Stepping 3, GenuineIntel
TMP=C:\Users\ANNUPC~1\AppData\Local\Temp
TEMP=C:\Users\ANNUPC~1\AppData\Local\Temp




Periodic native trim disabled

JNI global refs:
JNI global refs: 27, weak refs: 0

JNI global refs memory usage: 835, weak refs: 833

Process memory usage:
Resident Set Size: 491844K (2% of 16692172K total physical memory with 3563008K free physical memory)

OOME stack traces (most recent first):
Classloader memory used:
Loader org.gradle.internal.classloader.VisitableURLClassLoader                         : 36155K
Loader bootstrap                                                                       : 27256K
Loader org.gradle.internal.classloader.VisitableURLClassLoader$InstrumentingVisitableURLClassLoader: 13177K
Loader org.gradle.initialization.MixInLegacyTypesClassLoader                           : 10198K
Loader org.gradle.internal.classloader.VisitableURLClassLoader                         : 1196K
Loader jdk.internal.loader.ClassLoaders$PlatformClassLoader                            : 498K
Loader jdk.internal.reflect.DelegatingClassLoader                                      : 331K
Loader jdk.internal.loader.ClassLoaders$AppClassLoader                                 : 230K
Loader org.gradle.groovy.scripts.internal.DefaultScriptCompilationHandler$ScriptClassLoader: 90632B
Loader org.codehaus.groovy.runtime.callsite.CallSiteClassLoader                        : 46360B
Loader sun.reflect.misc.MethodUtil                                                     : 2984B

Classes loaded by more than one classloader:
Class Program                                                                         : loaded 4 times (x 74B)
Class com.google.common.collect.PeekingIterator                                       : loaded 3 times (x 70B)
Class com.google.common.base.Preconditions                                            : loaded 3 times (x 71B)
Class org.gradle.internal.IoActions                                                   : loaded 3 times (x 71B)
Class org.gradle.api.GradleException                                                  : loaded 3 times (x 82B)
Class org.gradle.api.Action                                                           : loaded 3 times (x 70B)
Class org.gradle.internal.Cast                                                        : loaded 3 times (x 71B)
Class com.google.common.collect.ImmutableList                                         : loaded 3 times (x 206B)
Class com.google.common.collect.Iterators$9                                           : loaded 3 times (x 81B)
Class com.google.common.collect.Lists                                                 : loaded 3 times (x 71B)
Class com.google.common.collect.ImmutableCollection                                   : loaded 3 times (x 125B)
Class com.google.common.collect.Iterators$5                                           : loaded 3 times (x 82B)
Class com.google.common.collect.Iterators$4                                           : loaded 3 times (x 82B)
Class com.google.common.collect.Iterators$1                                           : loaded 3 times (x 81B)
Class com.google.common.collect.Iterators$MergingIterator                             : loaded 3 times (x 81B)
Class com.google.common.collect.AbstractIndexedListIterator                           : loaded 3 times (x 96B)
Class com.google.common.collect.UnmodifiableListIterator                              : loaded 3 times (x 95B)
Class com.google.common.collect.AbstractIterator                                      : loaded 3 times (x 82B)
Class com.google.common.collect.Lists$StringAsImmutableList                           : loaded 3 times (x 207B)
Class com.google.common.collect.Iterators                                             : loaded 3 times (x 71B)
Class com.google.common.collect.UnmodifiableIterator                                  : loaded 3 times (x 80B)
Class com.google.common.collect.Iterators$ArrayItr                                    : loaded 3 times (x 97B)
Class org.gradle.internal.classloader.DefaultClassLoaderFactory                       : loaded 2 times (x 82B)
Class com.google.common.base.CharMatcher$None                                         : loaded 2 times (x 112B)
Class kotlin.collections.AbstractList$Companion                                       : loaded 2 times (x 71B)
Class org.gradle.internal.classloader.ClassLoaderVisitor                              : loaded 2 times (x 76B)
Class [Lcom.google.common.collect.ImmutableMapEntry;                                  : loaded 2 times (x 69B)
Class org.gradle.api.internal.classpath.EffectiveClassPath                            : loaded 2 times (x 90B)
Class com.google.common.collect.ImmutableEnumMap                                      : loaded 2 times (x 125B)
Class com.google.common.collect.ListMultimap                                          : loaded 2 times (x 70B)
Class org.gradle.tooling.internal.gradle.DefaultProjectIdentifier                     : loaded 2 times (x 86B)
Class com.google.common.collect.Sets$1                                                : loaded 2 times (x 139B)
Class org.objectweb.asm.AnnotationVisitor                                             : loaded 2 times (x 78B)
Class com.google.common.base.Splitter                                                 : loaded 2 times (x 72B)
Class org.gradle.api.internal.DefaultClassPathProvider                                : loaded 2 times (x 76B)
Class com.google.common.collect.Sets$2                                                : loaded 2 times (x 139B)
Class [Lorg.gradle.api.internal.ClassPathProvider;                                    : loaded 2 times (x 69B)
Class org.gradle.api.internal.ClassPathProvider                                       : loaded 2 times (x 70B)
Class com.google.common.collect.Sets$3                                                : loaded 2 times (x 139B)
Class com.google.common.util.concurrent.AbstractFuture$SafeAtomicHelper               : loaded 2 times (x 79B)
Class com.google.common.cache.LocalCache$LocalLoadingCache                            : loaded 2 times (x 134B)
Class com.google.common.base.AbstractIterator$State                                   : loaded 2 times (x 79B)
Class org.gradle.internal.service.UnknownServiceException                             : loaded 2 times (x 83B)
Class com.google.common.collect.Sets$4                                                : loaded 2 times (x 139B)
Class org.objectweb.asm.ModuleVisitor                                                 : loaded 2 times (x 81B)
Class com.google.common.cache.LocalCache$Strength$1                                   : loaded 2 times (x 81B)
Class com.google.common.util.concurrent.SettableFuture                                : loaded 2 times (x 114B)
Class com.google.common.cache.LocalCache$Strength$2                                   : loaded 2 times (x 81B)
Class com.google.common.cache.LocalCache$Strength$3                                   : loaded 2 times (x 81B)
Class com.google.common.collect.MapDifference                                         : loaded 2 times (x 70B)
Class com.google.common.base.Splitter$1                                               : loaded 2 times (x 77B)
Class org.objectweb.asm.FieldWriter                                                   : loaded 2 times (x 78B)
Class com.google.common.cache.CacheBuilder$NullListener                               : loaded 2 times (x 82B)
Class org.gradle.internal.classpath.TransformedClassPath                              : loaded 2 times (x 96B)
Class com.google.common.cache.CacheLoader$FunctionToCacheLoader                       : loaded 2 times (x 75B)
Class com.google.common.base.Platform$JdkPatternCompiler                              : loaded 2 times (x 75B)
Class com.google.common.collect.ImmutableCollection$Builder                           : loaded 2 times (x 76B)
Class kotlin.enums.EnumEntriesList                                                    : loaded 2 times (x 223B)
Class com.google.common.base.Joiner                                                   : loaded 2 times (x 79B)
Class com.google.common.base.MoreObjects                                              : loaded 2 times (x 71B)
Class [Lorg.objectweb.asm.Type;                                                       : loaded 2 times (x 69B)
Class com.google.common.collect.Platform                                              : loaded 2 times (x 71B)
Class com.google.common.base.Suppliers                                                : loaded 2 times (x 71B)
Class org.gradle.internal.service.ServiceLocator                                      : loaded 2 times (x 70B)
Class com.google.common.base.Ascii                                                    : loaded 2 times (x 71B)
Class com.google.common.collect.SingletonImmutableBiMap                               : loaded 2 times (x 143B)
Class com.google.common.cache.LocalCache$1                                            : loaded 2 times (x 89B)
Class com.google.common.collect.AbstractMapEntry                                      : loaded 2 times (x 81B)
Class com.intellij.gradle.toolingExtension.util.GradleVersionUtil                     : loaded 2 times (x 71B)
Class org.gradle.tooling.model.UnsupportedMethodException                             : loaded 2 times (x 82B)
Class com.google.common.cache.LocalCache$2                                            : loaded 2 times (x 142B)
Class com.google.common.collect.AbstractMultimap                                      : loaded 2 times (x 123B)
Class com.google.common.util.concurrent.AbstractFuture$UnsafeAtomicHelper$1           : loaded 2 times (x 76B)
Class com.google.common.collect.RegularImmutableAsList                                : loaded 2 times (x 216B)
Class com.google.common.util.concurrent.AbstractFuture$Trusted                        : loaded 2 times (x 70B)
Class [Lcom.google.common.cache.CacheBuilder$OneWeigher;                              : loaded 2 times (x 69B)
Class com.google.common.base.CharMatcher$RangesMatcher                                : loaded 2 times (x 112B)
Class com.google.common.util.concurrent.UncheckedExecutionException                   : loaded 2 times (x 82B)
Class org.objectweb.asm.MethodTooLargeException                                       : loaded 2 times (x 83B)
Class org.gradle.kotlin.dsl.VersionCatalogAccessorsKt                                 : loaded 2 times (x 71B)
Class com.google.common.base.CharMatcher$JavaLetterOrDigit                            : loaded 2 times (x 111B)
Class org.gradle.internal.InternalTransformer                                         : loaded 2 times (x 70B)
Class org.objectweb.asm.ClassWriter                                                   : loaded 2 times (x 106B)
Class com.google.common.cache.CacheLoader$UnsupportedLoadingOperationException        : loaded 2 times (x 82B)
Class com.google.common.base.CharMatcher$And                                          : loaded 2 times (x 112B)
Class org.gradle.internal.time.DefaultTimer                                           : loaded 2 times (x 80B)
Class org.gradle.internal.classloader.ClasspathUtil$1                                 : loaded 2 times (x 76B)
Class org.objectweb.asm.FieldVisitor                                                  : loaded 2 times (x 77B)
Class com.google.common.collect.IndexedImmutableSet                                   : loaded 2 times (x 150B)
Class com.google.common.collect.ImmutableMap$1                                        : loaded 2 times (x 81B)
Class com.google.common.collect.BiMap                                                 : loaded 2 times (x 70B)
Class org.gradle.api.internal.classpath.DefaultModuleRegistry$DefaultModule           : loaded 2 times (x 86B)
Class com.google.common.primitives.Ints                                               : loaded 2 times (x 71B)
Class org.gradle.internal.operations.MultipleBuildOperationFailures                   : loaded 2 times (x 95B)
Class com.google.common.math.MathPreconditions                                        : loaded 2 times (x 71B)
Class com.google.common.collect.Multiset                                              : loaded 2 times (x 70B)
Class com.google.common.collect.ArrayListMultimapGwtSerializationDependencies         : loaded 2 times (x 172B)
Class com.google.common.collect.ObjectArrays                                          : loaded 2 times (x 71B)
Class org.objectweb.asm.ClassVisitor                                                  : loaded 2 times (x 88B)
Class org.gradle.internal.time.DefaultCountdownTimer                                  : loaded 2 times (x 88B)
Class com.google.common.collect.ImmutableMapEntrySet                                  : loaded 2 times (x 151B)
Class org.gradle.tooling.internal.gradle.DefaultBuildIdentifier                       : loaded 2 times (x 79B)
Class org.gradle.api.internal.classpath.Module                                        : loaded 2 times (x 70B)
Class com.google.common.cache.Weigher                                                 : loaded 2 times (x 70B)
Class org.gradle.api.internal.classpath.UnknownModuleException                        : loaded 2 times (x 82B)
Class org.gradle.cache.GlobalCache                                                    : loaded 2 times (x 70B)
Class com.google.common.base.Stopwatch                                                : loaded 2 times (x 72B)
Class com.google.common.cache.LocalCache$Strength                                     : loaded 2 times (x 81B)
Class com.google.common.cache.Cache                                                   : loaded 2 times (x 70B)
Class com.google.common.util.concurrent.AbstractFuture$Cancellation                   : loaded 2 times (x 72B)
Class com.google.common.collect.ImmutableMap$Builder                                  : loaded 2 times (x 82B)
Class com.google.common.base.NullnessCasts                                            : loaded 2 times (x 71B)
Class com.google.common.cache.RemovalListener                                         : loaded 2 times (x 70B)
Class org.gradle.tooling.internal.gradle.GradleProjectIdentity                        : loaded 2 times (x 70B)
Class org.gradle.api.internal.DefaultClassPathRegistry                                : loaded 2 times (x 76B)
Class com.google.common.primitives.IntsMethodsForWeb                                  : loaded 2 times (x 71B)
Class com.google.common.collect.Multimap                                              : loaded 2 times (x 70B)
Class org.gradle.api.internal.ClassPathRegistry                                       : loaded 2 times (x 70B)
Class org.gradle.internal.classpath.DefaultClassPath$ImmutableUniqueList              : loaded 2 times (x 199B)
Class com.google.common.cache.CacheBuilder                                            : loaded 2 times (x 72B)
Class com.google.common.collect.SingletonImmutableList                                : loaded 2 times (x 207B)
Class [Lorg.objectweb.asm.Symbol;                                                     : loaded 2 times (x 69B)
Class Settings_gradle$1                                                               : loaded 2 times (x 75B)
Class org.gradle.internal.classpath.ClassPath                                         : loaded 2 times (x 70B)
Class org.gradle.api.UncheckedIOException                                             : loaded 2 times (x 82B)
Class com.google.common.collect.ImmutableList$ReverseImmutableList                    : loaded 2 times (x 208B)
Class com.google.common.base.JdkPattern                                               : loaded 2 times (x 75B)
Class org.objectweb.asm.SymbolTable$Entry                                             : loaded 2 times (x 74B)
Class com.google.common.util.concurrent.AbstractFuture$AtomicHelper                   : loaded 2 times (x 78B)
Class org.objectweb.asm.Edge                                                          : loaded 2 times (x 72B)
Class com.google.common.base.Suppliers$SupplierOfInstance                             : loaded 2 times (x 79B)
Class com.google.common.collect.ImmutableMap$MapViewOfValuesAsSingletonSets           : loaded 2 times (x 125B)
Class org.gradle.tooling.model.Model                                                  : loaded 2 times (x 70B)
Class com.google.common.cache.LocalCache$ComputingValueReference                      : loaded 2 times (x 96B)
Class com.google.common.collect.SingletonImmutableSet                                 : loaded 2 times (x 146B)
Class com.google.common.collect.ImmutableMap$IteratorBasedImmutableMap                : loaded 2 times (x 125B)
Class kotlin.UninitializedPropertyAccessException                                     : loaded 2 times (x 82B)
Class com.google.common.cache.LocalCache$Segment                                      : loaded 2 times (x 154B)
Class sync_studio_tooling58139_e6yvv24zg1monl9g8rt0jnh8o                              : loaded 2 times (x 179B)
Class [Lorg.objectweb.asm.SymbolTable$Entry;                                          : loaded 2 times (x 69B)
Class com.google.common.cache.CacheLoader                                             : loaded 2 times (x 74B)
Class com.google.common.collect.RegularImmutableMap                                   : loaded 2 times (x 121B)
Class com.google.common.collect.ImmutableBiMap                                        : loaded 2 times (x 143B)
Class com.google.common.collect.AbstractListMultimap                                  : loaded 2 times (x 172B)
Class org.gradle.internal.installation.GradleInstallation$1                           : loaded 2 times (x 75B)
Class org.gradle.api.internal.classpath.ModuleRegistry                                : loaded 2 times (x 70B)
Class com.google.common.util.concurrent.internal.InternalFutureFailureAccess          : loaded 2 times (x 72B)
Class org.gradle.api.internal.classpath.ManifestUtil                                  : loaded 2 times (x 71B)
Class com.google.common.collect.ImmutableSet$JdkBackedSetBuilderImpl                  : loaded 2 times (x 76B)
Class com.google.common.base.Splitter$SplittingIterator                               : loaded 2 times (x 84B)
Class com.google.common.util.concurrent.AbstractFuture$UnsafeAtomicHelper             : loaded 2 times (x 78B)
Class com.google.common.cache.LocalCache$LocalManualCache$1                           : loaded 2 times (x 75B)
Class com.google.common.base.CharMatcher$ForPredicate                                 : loaded 2 times (x 112B)
Class com.google.common.collect.ImmutableList$1                                       : loaded 2 times (x 97B)
Class com.google.common.base.CharMatcher$AnyOf                                        : loaded 2 times (x 112B)
Class org.gradle.api.internal.classpath.DefaultModuleRegistry                         : loaded 2 times (x 86B)
Class com.google.common.util.concurrent.ListenableFuture                              : loaded 2 times (x 70B)
Class com.google.common.cache.ReferenceEntry                                          : loaded 2 times (x 70B)
Class com.google.common.collect.ImmutableSet$CachingAsList                            : loaded 2 times (x 147B)
Class com.google.common.base.Converter                                                : loaded 2 times (x 90B)
Class com.google.common.util.concurrent.ExecutionError                                : loaded 2 times (x 82B)
Class com.google.common.base.CharMatcher$Any                                          : loaded 2 times (x 112B)
Class com.google.common.util.concurrent.AbstractFuture                                : loaded 2 times (x 106B)
Class com.google.common.base.FunctionalEquivalence                                    : loaded 2 times (x 83B)
Class com.google.common.collect.ImmutableEnumSet                                      : loaded 2 times (x 146B)
Class com.google.common.collect.AbstractMapBasedMultimap                              : loaded 2 times (x 139B)
Class com.google.common.collect.ImmutableAsList                                       : loaded 2 times (x 209B)
Class org.objectweb.asm.RecordComponentVisitor                                        : loaded 2 times (x 77B)
Class com.google.common.cache.CacheLoader$SupplierToCacheLoader                       : loaded 2 times (x 75B)
Class com.google.common.collect.Maps$EntryTransformer                                 : loaded 2 times (x 70B)
Class org.gradle.internal.classloader.ClassLoaderHierarchy                            : loaded 2 times (x 70B)
Class org.gradle.internal.service.ServiceLookupException                              : loaded 2 times (x 82B)
Class [Lcom.google.common.cache.LocalCache$EntryFactory;                              : loaded 2 times (x 69B)
Class com.google.common.base.CharMatcher$JavaLetter                                   : loaded 2 times (x 111B)
Class org.gradle.internal.classloader.ClassLoaderFactory                              : loaded 2 times (x 70B)
Class com.google.common.cache.LocalCache$LocalManualCache                             : loaded 2 times (x 99B)
Class com.google.common.base.CharMatcher$IsNot                                        : loaded 2 times (x 111B)
Class com.google.common.base.CommonPattern                                            : loaded 2 times (x 74B)
Class org.gradle.internal.service.CachingServiceLocator                               : loaded 2 times (x 82B)
Class com.google.common.math.IntMath                                                  : loaded 2 times (x 71B)
Class com.google.common.collect.Iterators$10                                          : loaded 2 times (x 81B)
Class com.google.common.collect.ImmutableMapEntry                                     : loaded 2 times (x 85B)
Class com.google.common.base.CharMatcher$JavaDigit                                    : loaded 2 times (x 111B)
Class org.gradle.internal.time.TimeSource                                             : loaded 2 times (x 70B)
Class com.google.common.base.Equivalence                                              : loaded 2 times (x 82B)
Class com.google.common.collect.ImmutableMapEntry$NonTerminalImmutableMapEntry        : loaded 2 times (x 85B)
Class com.google.common.base.Function                                                 : loaded 2 times (x 70B)
Class org.gradle.tooling.internal.gradle.GradleBuildIdentity                          : loaded 2 times (x 70B)
Class kotlin.enums.EnumEntries                                                        : loaded 2 times (x 70B)
Class com.google.common.collect.IndexedImmutableSet$1                                 : loaded 2 times (x 212B)
Class com.google.common.cache.CacheBuilder$OneWeigher                                 : loaded 2 times (x 82B)
Class com.google.common.collect.RegularImmutableList                                  : loaded 2 times (x 212B)
Class org.gradle.internal.exceptions.ResolutionProvider                               : loaded 2 times (x 70B)
Class com.google.common.collect.ImmutableBiMapFauxverideShim                          : loaded 2 times (x 120B)
Class org.gradle.tooling.model.ProjectIdentifier                                      : loaded 2 times (x 70B)
Class org.gradle.internal.classloader.ClasspathUtil                                   : loaded 2 times (x 71B)
Class org.jetbrains.kotlin.tooling.core.HasExtras                                     : loaded 2 times (x 70B)
Class com.google.common.base.Charsets                                                 : loaded 2 times (x 71B)
Class com.google.common.util.concurrent.Uninterruptibles                              : loaded 2 times (x 71B)
Class com.google.common.collect.Maps                                                  : loaded 2 times (x 71B)
Class com.google.common.base.CharMatcher$JavaUpperCase                                : loaded 2 times (x 111B)
Class org.gradle.internal.time.TimeSource$1                                           : loaded 2 times (x 77B)
Class kotlin.jvm.internal.DefaultConstructorMarker                                    : loaded 2 times (x 71B)
Class org.gradle.api.specs.Spec                                                       : loaded 2 times (x 70B)
Class [Lcom.google.common.collect.ImmutableEntry;                                     : loaded 2 times (x 69B)
Class com.google.common.cache.LocalCache$LoadingValueReference                        : loaded 2 times (x 96B)
Class com.google.common.base.Platform                                                 : loaded 2 times (x 71B)
Class Build_gradle$1                                                                  : loaded 2 times (x 78B)
Class com.intellij.gradle.toolingExtension.impl.model.utilDummyModel.DummyModel       : loaded 2 times (x 70B)
Class org.gradle.internal.time.Clock                                                  : loaded 2 times (x 70B)
Class com.google.common.primitives.Ints$IntConverter                                  : loaded 2 times (x 90B)
Class com.google.common.collect.Maps$8                                                : loaded 2 times (x 82B)
Class kotlin.collections.AbstractList                                                 : loaded 2 times (x 197B)
Class kotlin.collections.AbstractCollection                                           : loaded 2 times (x 117B)
Class com.google.common.collect.Sets$SetView                                          : loaded 2 times (x 138B)
Class com.google.common.cache.LocalCache$StrongValueReference                         : loaded 2 times (x 90B)
Class com.google.common.util.concurrent.AbstractFuture$SynchronizedHelper             : loaded 2 times (x 78B)
Class com.google.common.base.CharMatcher$Invisible                                    : loaded 2 times (x 112B)
Class org.objectweb.asm.Type                                                          : loaded 2 times (x 72B)
Class org.gradle.internal.classloader.VisitableURLClassLoader$InstrumentingVisitableURLClassLoader: loaded 2 times (x 123B)
Class org.objectweb.asm.ByteVector                                                    : loaded 2 times (x 79B)
Class [Lcom.google.common.cache.CacheBuilder$NullListener;                            : loaded 2 times (x 69B)
Class com.google.common.math.IntMath$1                                                : loaded 2 times (x 71B)
Class org.gradle.internal.classloader.VisitableURLClassLoader$Spec                    : loaded 2 times (x 74B)
Class org.gradle.internal.classpath.DefaultClassPath                                  : loaded 2 times (x 90B)
Class org.objectweb.asm.Symbol                                                        : loaded 2 times (x 73B)
Class com.google.common.base.AbstractIterator                                         : loaded 2 times (x 80B)
Class org.gradle.util.internal.DefaultGradleVersion                                   : loaded 2 times (x 82B)
Class com.google.common.collect.RegularImmutableMap$Values                            : loaded 2 times (x 207B)
Class com.google.common.collect.ImmutableSet                                          : loaded 2 times (x 145B)
Class com.google.common.base.CharMatcher$BitSetMatcher                                : loaded 2 times (x 112B)
Class com.google.common.base.CharMatcher$Ascii                                        : loaded 2 times (x 112B)
Class org.gradle.internal.classloader.ClassLoaderSpec                                 : loaded 2 times (x 71B)
Class org.objectweb.asm.AnnotationWriter                                              : loaded 2 times (x 79B)
Class com.google.common.cache.CacheStats                                              : loaded 2 times (x 71B)
Class org.objectweb.asm.RecordComponentWriter                                         : loaded 2 times (x 78B)
Class com.google.common.util.concurrent.AbstractFuture$Listener                       : loaded 2 times (x 72B)
Class com.google.common.base.CharMatcher$Or                                           : loaded 2 times (x 112B)
Class Settings_gradle$1$1                                                             : loaded 2 times (x 75B)
Class org.objectweb.asm.Attribute                                                     : loaded 2 times (x 77B)
Class com.google.common.base.Supplier                                                 : loaded 2 times (x 70B)
Class org.gradle.internal.classloader.VisitableURLClassLoader                         : loaded 2 times (x 117B)
Class com.google.common.util.concurrent.AbstractFuture$Waiter                         : loaded 2 times (x 72B)
Class Settings_gradle                                                                 : loaded 2 times (x 128B)
Class com.google.common.base.CharMatcher$IsEither                                     : loaded 2 times (x 111B)
Class [Lcom.google.common.base.AbstractIterator$State;                                : loaded 2 times (x 69B)
Class com.google.common.collect.Sets                                                  : loaded 2 times (x 71B)
Class org.objectweb.asm.Handler                                                       : loaded 2 times (x 72B)
Class com.google.common.base.Ticker                                                   : loaded 2 times (x 72B)
Class com.google.common.base.Strings                                                  : loaded 2 times (x 71B)
Class com.google.common.base.CharMatcher$FastMatcher                                  : loaded 2 times (x 111B)
Class org.gradle.internal.agents.InstrumentingClassLoader                             : loaded 2 times (x 70B)
Class [Lcom.google.common.cache.LocalCache$Segment;                                   : loaded 2 times (x 69B)
Class [Lcom.google.common.cache.LocalCache$Strength;                                  : loaded 2 times (x 69B)
Class com.google.common.cache.CacheBuilder$1                                          : loaded 2 times (x 85B)
Class com.google.common.collect.ImmutableMap                                          : loaded 2 times (x 120B)
Class com.google.common.base.Predicate                                                : loaded 2 times (x 70B)
Class org.gradle.internal.classpath.DefaultClassPath$ImmutableUniqueList$Builder      : loaded 2 times (x 75B)
Class com.google.common.cache.LocalCache                                              : loaded 2 times (x 187B)
Class com.google.common.cache.CacheBuilder$2                                          : loaded 2 times (x 72B)
Class com.google.common.base.CharMatcher$NegatedFastMatcher                           : loaded 2 times (x 113B)
Class [Lcom.google.common.collect.AbstractMapEntry;                                   : loaded 2 times (x 69B)
Class com.google.common.collect.ImmutableEntry                                        : loaded 2 times (x 82B)
Class com.google.common.collect.ArrayListMultimap                                     : loaded 2 times (x 172B)
Class com.google.common.base.AbstractIterator$1                                       : loaded 2 times (x 71B)
Class com.google.common.base.CharMatcher$Digit                                        : loaded 2 times (x 112B)
Class org.gradle.internal.classloader.FilteringClassLoader                            : loaded 2 times (x 105B)
Class org.gradle.internal.exceptions.NonGradleCauseExceptionsHolder                   : loaded 2 times (x 70B)
Class com.google.common.collect.CollectPreconditions                                  : loaded 2 times (x 71B)
Class com.google.common.base.CharMatcher$JavaIsoControl                               : loaded 2 times (x 112B)
Class com.google.common.collect.SortedMapDifference                                   : loaded 2 times (x 70B)
Class com.google.common.base.CharMatcher$JavaLowerCase                                : loaded 2 times (x 111B)
Class com.google.common.cache.LocalCache$EntryFactory                                 : loaded 2 times (x 83B)
Class org.jetbrains.kotlin.tooling.core.HasMutableExtras                              : loaded 2 times (x 70B)
Class com.google.common.cache.LocalCache$AbstractReferenceEntry                       : loaded 2 times (x 107B)
Class com.google.common.base.Splitter$1$1                                             : loaded 2 times (x 86B)
Class com.google.common.base.CharMatcher$Whitespace                                   : loaded 2 times (x 112B)
Class kotlin.NotImplementedError                                                      : loaded 2 times (x 82B)
Class kotlin.enums.EnumEntriesKt                                                      : loaded 2 times (x 71B)
Class org.objectweb.asm.SymbolTable                                                   : loaded 2 times (x 72B)
Class com.google.common.cache.CacheLoader$InvalidCacheLoadException                   : loaded 2 times (x 82B)
Class com.google.common.collect.ImmutableSet$RegularSetBuilderImpl                    : loaded 2 times (x 77B)
Class com.google.common.base.CharMatcher$SingleWidth                                  : loaded 2 times (x 112B)
Class org.gradle.internal.classloader.SystemClassLoaderSpec                           : loaded 2 times (x 71B)
Class com.google.common.cache.LocalCache$StrongEntry                                  : loaded 2 times (x 108B)
Class com.google.common.util.concurrent.AbstractFuture$TrustedFuture                  : loaded 2 times (x 114B)
Class com.google.common.cache.LoadingCache                                            : loaded 2 times (x 70B)
Class org.gradle.internal.exceptions.MultiCauseException                              : loaded 2 times (x 70B)
Class org.gradle.internal.time.CountdownTimer                                         : loaded 2 times (x 70B)
Class kotlin.jvm.internal.Intrinsics                                                  : loaded 2 times (x 71B)
Class org.objectweb.asm.MethodWriter                                                  : loaded 2 times (x 106B)
Class [Lcom.google.common.cache.Weigher;                                              : loaded 2 times (x 69B)
Class com.google.common.collect.RegularImmutableMap$BucketOverflowException           : loaded 2 times (x 82B)
Class org.gradle.tooling.model.ProjectModel                                           : loaded 2 times (x 70B)
Class kotlin.KotlinNullPointerException                                               : loaded 2 times (x 83B)
Class com.google.common.collect.RegularImmutableBiMap                                 : loaded 2 times (x 148B)
Class com.google.common.cache.LocalCache$ValueReference                               : loaded 2 times (x 70B)
Class com.google.common.base.CharMatcher$Negated                                      : loaded 2 times (x 113B)
Class com.google.common.base.CharMatcher$Is                                           : loaded 2 times (x 111B)
Class org.gradle.internal.exceptions.DefaultMultiCauseException                       : loaded 2 times (x 95B)
Class com.google.common.util.concurrent.AbstractFuture$Failure                        : loaded 2 times (x 72B)
Class com.google.common.base.Equivalence$Equals                                       : loaded 2 times (x 82B)
Class com.google.common.collect.Hashing                                               : loaded 2 times (x 71B)
Class com.google.common.base.PatternCompiler                                          : loaded 2 times (x 70B)
Class com.google.common.collect.RegularImmutableMap$KeySet                            : loaded 2 times (x 150B)
Class com.google.common.base.Joiner$1                                                 : loaded 2 times (x 80B)
Class org.objectweb.asm.Label                                                         : loaded 2 times (x 73B)
Class org.objectweb.asm.CurrentFrame                                                  : loaded 2 times (x 73B)
Class org.objectweb.asm.ClassTooLargeException                                        : loaded 2 times (x 83B)
Class com.google.common.base.Equivalence$Identity                                     : loaded 2 times (x 82B)
Class com.google.common.base.CharMatcher                                              : loaded 2 times (x 111B)
Class org.gradle.internal.time.Time                                                   : loaded 2 times (x 71B)
Class com.google.common.base.Joiner$2                                                 : loaded 2 times (x 79B)
Class org.objectweb.asm.Frame                                                         : loaded 2 times (x 73B)
Class org.objectweb.asm.MethodVisitor                                                 : loaded 2 times (x 105B)
Class com.google.common.cache.LocalCache$EntryFactory$1                               : loaded 2 times (x 83B)
Class [Lcom.google.common.cache.RemovalListener;                                      : loaded 2 times (x 69B)
Class com.google.common.base.CharMatcher$1                                            : loaded 2 times (x 113B)
Class com.google.common.base.CharMatcher$NamedFastMatcher                             : loaded 2 times (x 112B)
Class com.google.common.cache.LocalCache$EntryFactory$2                               : loaded 2 times (x 83B)
Class ijInit1_ao5nmjx43uqs5rk672v6dj5xg                                               : loaded 2 times (x 179B)
Class org.objectweb.asm.ModuleWriter                                                  : loaded 2 times (x 82B)
Class com.google.common.cache.LocalCache$EntryFactory$3                               : loaded 2 times (x 83B)
Class com.google.common.base.Ticker$1                                                 : loaded 2 times (x 72B)
Class com.google.common.collect.ImmutableMapEntrySet$RegularEntrySet                  : loaded 2 times (x 151B)
Class com.google.common.collect.Maps$BiMapConverter                                   : loaded 2 times (x 90B)
Class org.gradle.tooling.model.BuildIdentifier                                        : loaded 2 times (x 70B)
Class kotlin.NoWhenBranchMatchedException                                             : loaded 2 times (x 82B)
Class com.google.common.cache.LocalCache$EntryFactory$4                               : loaded 2 times (x 83B)
Class com.google.common.collect.ImmutableSet$Builder                                  : loaded 2 times (x 85B)
Class com.google.common.base.CharMatcher$InRange                                      : loaded 2 times (x 111B)
Class com.google.common.cache.LocalCache$EntryFactory$5                               : loaded 2 times (x 83B)
Class com.google.common.cache.LocalCache$EntryFactory$6                               : loaded 2 times (x 83B)
Class Build_gradle                                                                    : loaded 2 times (x 72B)
Class org.gradle.internal.time.Timer                                                  : loaded 2 times (x 70B)
Class kotlin.jvm.internal.markers.KMappedMarker                                       : loaded 2 times (x 70B)
Class org.gradle.internal.installation.CurrentGradleInstallationLocator               : loaded 2 times (x 71B)
Class com.google.common.cache.LocalCache$EntryFactory$7                               : loaded 2 times (x 83B)
Class com.google.common.collect.ImmutableSet$EmptySetBuilderImpl                      : loaded 2 times (x 76B)
Class org.gradle.internal.time.MonotonicClock                                         : loaded 2 times (x 77B)
Class org.gradle.internal.service.DefaultServiceLocator                               : loaded 2 times (x 83B)
Class com.google.common.cache.LocalCache$EntryFactory$8                               : loaded 2 times (x 83B)
Class com.google.common.collect.ImmutableSet$SetBuilderImpl                           : loaded 2 times (x 76B)
Class org.gradle.util.GradleVersion                                                   : loaded 2 times (x 81B)
Class org.gradle.internal.installation.CurrentGradleInstallation                      : loaded 2 times (x 73B)
Class com.google.common.cache.CacheLoader$1                                           : loaded 2 times (x 75B)
Class com.google.common.collect.ImmutableList$SubList                                 : loaded 2 times (x 208B)
Class org.gradle.util.internal.GUtil                                                  : loaded 2 times (x 71B)
Class com.google.common.util.concurrent.AbstractFuture$SetFuture                      : loaded 2 times (x 75B)
Class com.google.common.cache.AbstractCache$StatsCounter                              : loaded 2 times (x 70B)
Class com.google.common.base.PairwiseEquivalence                                      : loaded 2 times (x 83B)
Class com.google.common.collect.RegularImmutableSet                                   : loaded 2 times (x 148B)
Class org.gradle.internal.installation.GradleInstallation                             : loaded 2 times (x 75B)
Class com.google.common.collect.Iterables                                             : loaded 2 times (x 71B)
Class com.google.common.base.Splitter$Strategy                                        : loaded 2 times (x 70B)
Class sync_studio_tooling58139_e6yvv24zg1monl9g8rt0jnh8o$_run_closure1                : loaded 2 times (x 139B)

---------------  S Y S T E M  ---------------

OS:
 Windows 11 , 64 bit Build 22621 (10.0.22621.5415)
OS uptime: 0 days 7:01 hours

CPU: total 8 (initial active 8) (4 cores per cpu, 2 threads per core) family 6 model 94 stepping 3 microcode 0xd6, cx8, cmov, fxsr, ht, mmx, 3dnowpref, sse, sse2, sse3, ssse3, sse4.1, sse4.2, popcnt, lzcnt, tsc, tscinvbit, avx, avx2, aes, erms, clmul, bmi1, bmi2, rtm, adx, fma, vzeroupper, clflush, clflushopt, rdtscp, f16c
Processor Information for the first 8 processors :
  Max Mhz: 3408, Current Mhz: 3408, Mhz Limit: 3408

Memory: 4k page, system-wide physical 16300M (3478M free)
TotalPageFile size 34940M (AvailPageFile size 6M)
current process WorkingSet (physical memory assigned to process): 481M, peak: 481M
current process commit charge ("private bytes"): 515M, peak: 516M

vm_info: OpenJDK 64-Bit Server VM (21.0.10+-14961533-b1163.108) for windows-amd64 JRE (21.0.10+-14961533-b1163.108), built on 2026-03-02T19:58:50Z by "builder" with MS VC++ 16.10 / 16.11 (VS2019)

END.
