#
# There is insufficient memory for the Java Runtime Environment to continue.
# Native memory allocation (mmap) failed to map 208666624 bytes. Error detail: G1 virtual space
# Possible reasons:
#   The system is out of physical RAM or swap space
#   This process is running with CompressedOops enabled, and the Java Heap may be blocking the growth of the native heap
# Possible solutions:
#   Reduce memory load on the system
#   Increase physical memory or swap space
#   Check if swap backing store is full
#   Decrease Java heap size (-Xmx/-Xms)
#   Decrease number of Java threads
#   Decrease Java thread stack sizes (-Xss)
#   Set larger code cache with -XX:ReservedCodeCacheSize=
#   JVM is running with Unscaled Compressed Oops mode in which the Java heap is
#     placed in the first 4GB address space. The Java Heap base address is the
#     maximum limit for the native heap growth. Please use -XX:HeapBaseMinAddress
#     to set the Java Heap base and to place the Java Heap above 4GB virtual address.
# This output file may be truncated or incomplete.
#
#  Out of Memory Error (os_windows.cpp:3926), pid=15140, tid=5908
#
# JRE version: OpenJDK Runtime Environment (21.0.10) (build 21.0.10+-14961533-b1163.108)
# Java VM: OpenJDK 64-Bit Server VM (21.0.10+-14961533-b1163.108, mixed mode, tiered, compressed oops, compressed class ptrs, g1 gc, windows-amd64)
# No core dump will be written. Minidumps are not enabled by default on client versions of Windows
#

---------------  S U M M A R Y ------------

Command Line: --add-opens=java.base/java.util=ALL-UNNAMED --add-opens=java.base/java.lang=ALL-UNNAMED --add-opens=java.base/java.lang.invoke=ALL-UNNAMED --add-opens=java.prefs/java.util.prefs=ALL-UNNAMED --add-opens=java.base/java.nio.charset=ALL-UNNAMED --add-opens=java.base/java.net=ALL-UNNAMED --add-opens=java.base/java.util.concurrent.atomic=ALL-UNNAMED -Xmx2048m -Dfile.encoding=UTF-8 -Duser.country=US -Duser.language=en -Duser.variant -javaagent:C:\Users\Annu pc\.gradle\wrapper\dists\gradle-8.7-bin\bhs2wmbdwecv87pi65oeuq5iu\gradle-8.7\lib\agents\gradle-instrumentation-agent-8.7.jar org.gradle.launcher.daemon.bootstrap.GradleDaemon 8.7

Host: Intel(R) Core(TM) i7-6700 CPU @ 3.40GHz, 8 cores, 15G,  Windows 11 , 64 bit Build 22621 (10.0.22621.5415)
Time: Sat Jun 20 17:18:04 2026 India Standard Time elapsed time: 15.754126 seconds (0d 0h 0m 15s)

---------------  T H R E A D  ---------------

Current thread (0x0000026bc9133620):  VMThread "VM Thread"          [id=5908, stack(0x000000e1cea00000,0x000000e1ceb00000) (1024K)]

Stack: [0x000000e1cea00000,0x000000e1ceb00000]
Native frames: (J=compiled Java code, j=interpreted, Vv=VM code, C=native code)
V  [jvm.dll+0x6d78a9]
V  [jvm.dll+0x8665b3]
V  [jvm.dll+0x868bde]
V  [jvm.dll+0x8692c3]
V  [jvm.dll+0x280ee6]
V  [jvm.dll+0x6d4165]
V  [jvm.dll+0x6c77fa]
V  [jvm.dll+0x358f4b]
V  [jvm.dll+0x360bc6]
V  [jvm.dll+0x3b2ea6]
V  [jvm.dll+0x3b3178]
V  [jvm.dll+0x32b65c]
V  [jvm.dll+0x32b6e7]
V  [jvm.dll+0x3715cc]
V  [jvm.dll+0x36fd7e]
V  [jvm.dll+0x32adb1]
V  [jvm.dll+0x36f480]
V  [jvm.dll+0x86f048]
V  [jvm.dll+0x870394]
V  [jvm.dll+0x8708d0]
V  [jvm.dll+0x870b63]
V  [jvm.dll+0x80fd28]
V  [jvm.dll+0x6d60fd]
C  [ucrtbase.dll+0x29333]
C  [KERNEL32.DLL+0x1259d]
C  [ntdll.dll+0x5af78]

VM_Operation (0x000000e1d81fc1a0): G1CollectForAllocation, mode: safepoint, requested by thread 0x0000026bd592e3c0


---------------  P R O C E S S  ---------------

Threads class SMR info:
_java_thread_list=0x0000026bd40db990, length=145, elements={
0x0000026bb18a9310, 0x0000026bc91c25e0, 0x0000026bc91cd560, 0x0000026bc91ce280,
0x0000026bc91d0950, 0x0000026bc91d23c0, 0x0000026bc91d2e20, 0x0000026bc91ebf00,
0x0000026bc91fa1c0, 0x0000026bc91fc120, 0x0000026bc9598150, 0x0000026bc91fba50,
0x0000026bce33dc30, 0x0000026bcee9f540, 0x0000026bcf066fe0, 0x0000026bcfde1600,
0x0000026bd0597380, 0x0000026bcf8edb60, 0x0000026bcf00b890, 0x0000026bcf00d960,
0x0000026bcf00a4e0, 0x0000026bcf00d2d0, 0x0000026bcf00bf20, 0x0000026bcf00cc40,
0x0000026bcf00ab70, 0x0000026bcf00b200, 0x0000026bd2107550, 0x0000026bd21005c0,
0x0000026bd2102d20, 0x0000026bd2106ec0, 0x0000026bd2107be0, 0x0000026bd21012e0,
0x0000026bd2100c50, 0x0000026bd2105b10, 0x0000026bd2102000, 0x0000026bd21061a0,
0x0000026bd2102690, 0x0000026bd2104df0, 0x0000026bd2103a40, 0x0000026bd2105480,
0x0000026bd2106830, 0x0000026bd2da53d0, 0x0000026bd2da9570, 0x0000026bd2da4d40,
0x0000026bd2da46b0, 0x0000026bd2da8ee0, 0x0000026bd2da6e10, 0x0000026bd2da6780,
0x0000026bd2da9c00, 0x0000026bd2da2c70, 0x0000026bd2da7b30, 0x0000026bd2da81c0,
0x0000026bd2daa290, 0x0000026bd2da8850, 0x0000026bcfe3dea0, 0x0000026bcfe3b0b0,
0x0000026bcfe3ff70, 0x0000026bcfe3ebc0, 0x0000026bcfe3f250, 0x0000026bcfe39d00,
0x0000026bcfe40c90, 0x0000026bcfe3bdd0, 0x0000026bcfe3aa20, 0x0000026bcfe3d810,
0x0000026bcfe3c460, 0x0000026bd04ae280, 0x0000026bc93cb590, 0x0000026bc93d0ae0,
0x0000026bc93cbc20, 0x0000026bc93cfdc0, 0x0000026bc93cd660, 0x0000026bc93cdcf0,
0x0000026bc93caf00, 0x0000026bc93d2520, 0x0000026bc93cc940, 0x0000026bc93d1800,
0x0000026bc93cea10, 0x0000026bc93ce380, 0x0000026bc93ccfd0, 0x0000026bc93cf730,
0x0000026bc93d1170, 0x0000026bc93d1e90, 0x0000026bd1e78730, 0x0000026bd1e79ae0,
0x0000026bd1e7bbb0, 0x0000026bd1e7a170, 0x0000026bd1e7ae90, 0x0000026bd1e7f6c0,
0x0000026bd1e7c240, 0x0000026bd1e7c8d0, 0x0000026bd4404e50, 0x0000026bd68c9a90,
0x0000026bd68ca7b0, 0x0000026bd68cae40, 0x0000026bd68cbb60, 0x0000026bce822960,
0x0000026bce81c6f0, 0x0000026bce822ff0, 0x0000026bce823680, 0x0000026bce81cd80,
0x0000026bce81fb70, 0x0000026bce820200, 0x0000026bce81d410, 0x0000026bce81e7c0,
0x0000026bce81daa0, 0x0000026bce81e130, 0x0000026bce81ee50, 0x0000026bce820f20,
0x0000026bce820890, 0x0000026bce81f4e0, 0x0000026bce8215b0, 0x0000026bce821c40,
0x0000026bce8222d0, 0x0000026bd68cf670, 0x0000026bd68ca120, 0x0000026bd68cb4d0,
0x0000026bd68cc1f0, 0x0000026bd68cefe0, 0x0000026bd68cc880, 0x0000026bd68c86e0,
0x0000026bd68ccf10, 0x0000026bd68cd5a0, 0x0000026bd68cdc30, 0x0000026bd68ce2c0,
0x0000026bd68ce950, 0x0000026bd68cfd00, 0x0000026bd4403410, 0x0000026bd44026f0,
0x0000026bd44047c0, 0x0000026bd44054e0, 0x0000026bd4402d80, 0x0000026bd4404130,
0x0000026bd4402060, 0x0000026bd4403aa0, 0x0000026bd68c8d70, 0x0000026bd51b2940,
0x0000026bd51b1590, 0x0000026bd592d6a0, 0x0000026bd592c2f0, 0x0000026bd5930490,
0x0000026bd5932bf0, 0x0000026bd592f0e0, 0x0000026bd592bc60, 0x0000026bd592e3c0,
0x0000026bd592c980
}

Java Threads: ( => current thread )
  0x0000026bb18a9310 JavaThread "main"                              [_thread_blocked, id=14012, stack(0x000000e1ce300000,0x000000e1ce400000) (1024K)]
  0x0000026bc91c25e0 JavaThread "Common-Cleaner"             daemon [_thread_blocked, id=5636, stack(0x000000e1ceb00000,0x000000e1cec00000) (1024K)]
  0x0000026bc91cd560 JavaThread "Reference Handler"          daemon [_thread_blocked, id=13760, stack(0x000000e1cec00000,0x000000e1ced00000) (1024K)]
  0x0000026bc91ce280 JavaThread "Finalizer"                  daemon [_thread_blocked, id=14300, stack(0x000000e1ced00000,0x000000e1cee00000) (1024K)]
  0x0000026bc91d0950 JavaThread "Signal Dispatcher"          daemon [_thread_blocked, id=9696, stack(0x000000e1cee00000,0x000000e1cef00000) (1024K)]
  0x0000026bc91d23c0 JavaThread "Attach Listener"            daemon [_thread_blocked, id=11428, stack(0x000000e1cef00000,0x000000e1cf000000) (1024K)]
  0x0000026bc91d2e20 JavaThread "Service Thread"             daemon [_thread_blocked, id=5408, stack(0x000000e1cf000000,0x000000e1cf100000) (1024K)]
  0x0000026bc91ebf00 JavaThread "Monitor Deflation Thread"   daemon [_thread_blocked, id=1812, stack(0x000000e1cf100000,0x000000e1cf200000) (1024K)]
  0x0000026bc91fa1c0 JavaThread "C2 CompilerThread0"         daemon [_thread_blocked, id=164, stack(0x000000e1cf200000,0x000000e1cf300000) (1024K)]
  0x0000026bc91fc120 JavaThread "C1 CompilerThread0"         daemon [_thread_blocked, id=11584, stack(0x000000e1cf300000,0x000000e1cf400000) (1024K)]
  0x0000026bc9598150 JavaThread "Notification Thread"        daemon [_thread_blocked, id=12276, stack(0x000000e1cf400000,0x000000e1cf500000) (1024K)]
  0x0000026bc91fba50 JavaThread "C2 CompilerThread1"         daemon [_thread_in_native, id=7976, stack(0x000000e1cf500000,0x000000e1cf600000) (1024K)]
  0x0000026bce33dc30 JavaThread "Daemon health stats"               [_thread_blocked, id=11576, stack(0x000000e1cfc00000,0x000000e1cfd00000) (1024K)]
  0x0000026bcee9f540 JavaThread "Incoming local TCP Connector on port 58722"        [_thread_in_native, id=7692, stack(0x000000e1cfd00000,0x000000e1cfe00000) (1024K)]
  0x0000026bcf066fe0 JavaThread "Daemon periodic checks"            [_thread_blocked, id=11836, stack(0x000000e1cfe00000,0x000000e1cff00000) (1024K)]
  0x0000026bcfde1600 JavaThread "Daemon"                            [_thread_blocked, id=4744, stack(0x000000e1cff00000,0x000000e1d0000000) (1024K)]
  0x0000026bd0597380 JavaThread "Handler for socket connection from /127.0.0.1:58722 to /127.0.0.1:58723"        [_thread_in_native, id=7120, stack(0x000000e1d0000000,0x000000e1d0100000) (1024K)]
  0x0000026bcf8edb60 JavaThread "Cancel handler"                    [_thread_blocked, id=2700, stack(0x000000e1d0100000,0x000000e1d0200000) (1024K)]
  0x0000026bcf00b890 JavaThread "Daemon worker"                     [_thread_blocked, id=13892, stack(0x000000e1d0200000,0x000000e1d0300000) (1024K)]
  0x0000026bcf00d960 JavaThread "Asynchronous log dispatcher for DefaultDaemonConnection: socket connection from /127.0.0.1:58722 to /127.0.0.1:58723"        [_thread_blocked, id=7996, stack(0x000000e1d0300000,0x000000e1d0400000) (1024K)]
  0x0000026bcf00a4e0 JavaThread "Stdin handler"                     [_thread_blocked, id=10052, stack(0x000000e1d0400000,0x000000e1d0500000) (1024K)]
  0x0000026bcf00d2d0 JavaThread "Daemon client event forwarder"        [_thread_blocked, id=16064, stack(0x000000e1d0500000,0x000000e1d0600000) (1024K)]
  0x0000026bcf00bf20 JavaThread "Cache worker for journal cache (C:\Users\Annu pc\.gradle\caches\journal-1)"        [_thread_blocked, id=4376, stack(0x000000e1d0900000,0x000000e1d0a00000) (1024K)]
  0x0000026bcf00cc40 JavaThread "File lock request listener"        [_thread_in_native, id=5540, stack(0x000000e1d0a00000,0x000000e1d0b00000) (1024K)]
  0x0000026bcf00ab70 JavaThread "Cache worker for file hash cache (C:\Users\Annu pc\.gradle\caches\8.7\fileHashes)"        [_thread_blocked, id=15876, stack(0x000000e1d0b00000,0x000000e1d0c00000) (1024K)]
  0x0000026bcf00b200 JavaThread "Cache worker for file hash cache (D:\AOPAYFINANCEAPP\AOPAY-FinanceAndroidApplication\.gradle\8.7\fileHashes)"        [_thread_blocked, id=13448, stack(0x000000e1d0c00000,0x000000e1d0d00000) (1024K)]
  0x0000026bd2107550 JavaThread "File watcher server"        daemon [_thread_blocked, id=11708, stack(0x000000e1d0d00000,0x000000e1d0e00000) (1024K)]
  0x0000026bd21005c0 JavaThread "File watcher consumer"      daemon [_thread_blocked, id=15012, stack(0x000000e1d0e00000,0x000000e1d0f00000) (1024K)]
  0x0000026bd2102d20 JavaThread "Cache worker for checksums cache (D:\AOPAYFINANCEAPP\AOPAY-FinanceAndroidApplication\.gradle\8.7\checksums)"        [_thread_blocked, id=15748, stack(0x000000e1d0f00000,0x000000e1d1000000) (1024K)]
  0x0000026bd2106ec0 JavaThread "Cache worker for cache directory md-supplier (C:\Users\Annu pc\.gradle\caches\8.7\md-supplier)"        [_thread_blocked, id=7088, stack(0x000000e1d1000000,0x000000e1d1100000) (1024K)]
  0x0000026bd2107be0 JavaThread "Cache worker for cache directory md-rule (C:\Users\Annu pc\.gradle\caches\8.7\md-rule)"        [_thread_blocked, id=7628, stack(0x000000e1d1100000,0x000000e1d1200000) (1024K)]
  0x0000026bd21012e0 JavaThread "Cache worker for file content cache (C:\Users\Annu pc\.gradle\caches\8.7\fileContent)"        [_thread_blocked, id=14984, stack(0x000000e1d1200000,0x000000e1d1300000) (1024K)]
  0x0000026bd2100c50 JavaThread "jar transforms"                    [_thread_blocked, id=5868, stack(0x000000e1d1300000,0x000000e1d1400000) (1024K)]
  0x0000026bd2105b10 JavaThread "jar transforms Thread 2"           [_thread_blocked, id=2952, stack(0x000000e1d1400000,0x000000e1d1500000) (1024K)]
  0x0000026bd2102000 JavaThread "jar transforms Thread 3"           [_thread_blocked, id=11732, stack(0x000000e1d1500000,0x000000e1d1600000) (1024K)]
  0x0000026bd21061a0 JavaThread "Unconstrained build operations"        [_thread_blocked, id=5368, stack(0x000000e1cf600000,0x000000e1cf700000) (1024K)]
  0x0000026bd2102690 JavaThread "Unconstrained build operations Thread 2"        [_thread_blocked, id=14172, stack(0x000000e1d1600000,0x000000e1d1700000) (1024K)]
  0x0000026bd2104df0 JavaThread "Unconstrained build operations Thread 3"        [_thread_blocked, id=12768, stack(0x000000e1d1700000,0x000000e1d1800000) (1024K)]
  0x0000026bd2103a40 JavaThread "Unconstrained build operations Thread 4"        [_thread_blocked, id=13840, stack(0x000000e1d1800000,0x000000e1d1900000) (1024K)]
  0x0000026bd2105480 JavaThread "Unconstrained build operations Thread 5"        [_thread_blocked, id=9692, stack(0x000000e1d1900000,0x000000e1d1a00000) (1024K)]
  0x0000026bd2106830 JavaThread "Unconstrained build operations Thread 6"        [_thread_blocked, id=15952, stack(0x000000e1d1a00000,0x000000e1d1b00000) (1024K)]
  0x0000026bd2da53d0 JavaThread "Unconstrained build operations Thread 7"        [_thread_blocked, id=6076, stack(0x000000e1d1b00000,0x000000e1d1c00000) (1024K)]
  0x0000026bd2da9570 JavaThread "jar transforms Thread 4"           [_thread_blocked, id=9300, stack(0x000000e1d1c00000,0x000000e1d1d00000) (1024K)]
  0x0000026bd2da4d40 JavaThread "jar transforms Thread 5"           [_thread_blocked, id=5084, stack(0x000000e1d1d00000,0x000000e1d1e00000) (1024K)]
  0x0000026bd2da46b0 JavaThread "jar transforms Thread 6"           [_thread_blocked, id=15412, stack(0x000000e1d1e00000,0x000000e1d1f00000) (1024K)]
  0x0000026bd2da8ee0 JavaThread "jar transforms Thread 7"           [_thread_blocked, id=9292, stack(0x000000e1d1f00000,0x000000e1d2000000) (1024K)]
  0x0000026bd2da6e10 JavaThread "jar transforms Thread 8"           [_thread_blocked, id=1712, stack(0x000000e1d2000000,0x000000e1d2100000) (1024K)]
  0x0000026bd2da6780 JavaThread "Cache worker for Build Output Cleanup Cache (D:\AOPAYFINANCEAPP\AOPAY-FinanceAndroidApplication\.gradle\buildOutputCleanup)"        [_thread_blocked, id=15896, stack(0x000000e1d2200000,0x000000e1d2300000) (1024K)]
  0x0000026bd2da9c00 JavaThread "Unconstrained build operations Thread 8"        [_thread_blocked, id=1248, stack(0x000000e1d2300000,0x000000e1d2400000) (1024K)]
  0x0000026bd2da2c70 JavaThread "Unconstrained build operations Thread 9"        [_thread_blocked, id=4024, stack(0x000000e1d2400000,0x000000e1d2500000) (1024K)]
  0x0000026bd2da7b30 JavaThread "Unconstrained build operations Thread 10"        [_thread_blocked, id=6520, stack(0x000000e1d2500000,0x000000e1d2600000) (1024K)]
  0x0000026bd2da81c0 JavaThread "Unconstrained build operations Thread 11"        [_thread_blocked, id=12100, stack(0x000000e1d2600000,0x000000e1d2700000) (1024K)]
  0x0000026bd2daa290 JavaThread "Unconstrained build operations Thread 12"        [_thread_blocked, id=5556, stack(0x000000e1d2700000,0x000000e1d2800000) (1024K)]
  0x0000026bd2da8850 JavaThread "Unconstrained build operations Thread 13"        [_thread_blocked, id=5104, stack(0x000000e1d2800000,0x000000e1d2900000) (1024K)]
  0x0000026bcfe3dea0 JavaThread "Unconstrained build operations Thread 14"        [_thread_blocked, id=4064, stack(0x000000e1d2900000,0x000000e1d2a00000) (1024K)]
  0x0000026bcfe3b0b0 JavaThread "Unconstrained build operations Thread 15"        [_thread_blocked, id=16168, stack(0x000000e1d2a00000,0x000000e1d2b00000) (1024K)]
  0x0000026bcfe3ff70 JavaThread "Unconstrained build operations Thread 16"        [_thread_blocked, id=13292, stack(0x000000e1d2b00000,0x000000e1d2c00000) (1024K)]
  0x0000026bcfe3ebc0 JavaThread "Unconstrained build operations Thread 17"        [_thread_blocked, id=11756, stack(0x000000e1d2c00000,0x000000e1d2d00000) (1024K)]
  0x0000026bcfe3f250 JavaThread "Unconstrained build operations Thread 18"        [_thread_blocked, id=11924, stack(0x000000e1d2d00000,0x000000e1d2e00000) (1024K)]
  0x0000026bcfe39d00 JavaThread "Unconstrained build operations Thread 19"        [_thread_blocked, id=14036, stack(0x000000e1d2e00000,0x000000e1d2f00000) (1024K)]
  0x0000026bcfe40c90 JavaThread "Unconstrained build operations Thread 20"        [_thread_blocked, id=1076, stack(0x000000e1d2f00000,0x000000e1d3000000) (1024K)]
  0x0000026bcfe3bdd0 JavaThread "Unconstrained build operations Thread 21"        [_thread_blocked, id=2604, stack(0x000000e1d3000000,0x000000e1d3100000) (1024K)]
  0x0000026bcfe3aa20 JavaThread "build event listener"              [_thread_blocked, id=5432, stack(0x000000e1d3100000,0x000000e1d3200000) (1024K)]
  0x0000026bcfe3d810 JavaThread "Memory manager"                    [_thread_blocked, id=9880, stack(0x000000e1d3200000,0x000000e1d3300000) (1024K)]
  0x0000026bcfe3c460 JavaThread "build event listener"              [_thread_blocked, id=14860, stack(0x000000e1d3300000,0x000000e1d3400000) (1024K)]
  0x0000026bd04ae280 JavaThread "C2 CompilerThread2"         daemon [_thread_blocked, id=7980, stack(0x000000e1d2100000,0x000000e1d2200000) (1024K)]
  0x0000026bc93cb590 JavaThread "pool-3-thread-1"                   [_thread_blocked, id=15780, stack(0x000000e1d3400000,0x000000e1d3500000) (1024K)]
  0x0000026bc93d0ae0 JavaThread "build event listener"              [_thread_blocked, id=15300, stack(0x000000e1d3500000,0x000000e1d3600000) (1024K)]
  0x0000026bc93cbc20 JavaThread "included builds"                   [_thread_blocked, id=6712, stack(0x000000e1d3600000,0x000000e1d3700000) (1024K)]
  0x0000026bc93cfdc0 JavaThread "Execution worker"                  [_thread_blocked, id=8176, stack(0x000000e1d3700000,0x000000e1d3800000) (1024K)]
  0x0000026bc93cd660 JavaThread "Execution worker Thread 2"         [_thread_blocked, id=16104, stack(0x000000e1d3800000,0x000000e1d3900000) (1024K)]
  0x0000026bc93cdcf0 JavaThread "Execution worker Thread 3"         [_thread_blocked, id=8944, stack(0x000000e1d3900000,0x000000e1d3a00000) (1024K)]
  0x0000026bc93caf00 JavaThread "Execution worker Thread 4"         [_thread_blocked, id=14584, stack(0x000000e1d3a00000,0x000000e1d3b00000) (1024K)]
  0x0000026bc93d2520 JavaThread "Execution worker Thread 5"         [_thread_blocked, id=11872, stack(0x000000e1d3b00000,0x000000e1d3c00000) (1024K)]
  0x0000026bc93cc940 JavaThread "Execution worker Thread 6"         [_thread_blocked, id=13732, stack(0x000000e1d3c00000,0x000000e1d3d00000) (1024K)]
  0x0000026bc93d1800 JavaThread "Execution worker Thread 7"         [_thread_blocked, id=5672, stack(0x000000e1d3d00000,0x000000e1d3e00000) (1024K)]
  0x0000026bc93cea10 JavaThread "Cache worker for execution history cache (D:\AOPAYFINANCEAPP\AOPAY-FinanceAndroidApplication\.gradle\8.7\executionHistory)"        [_thread_blocked, id=11424, stack(0x000000e1d3e00000,0x000000e1d3f00000) (1024K)]
  0x0000026bc93ce380 JavaThread "Unconstrained build operations Thread 22"        [_thread_blocked, id=11764, stack(0x000000e1d3f00000,0x000000e1d4000000) (1024K)]
  0x0000026bc93ccfd0 JavaThread "Unconstrained build operations Thread 23"        [_thread_blocked, id=860, stack(0x000000e1d4000000,0x000000e1d4100000) (1024K)]
  0x0000026bc93cf730 JavaThread "Unconstrained build operations Thread 24"        [_thread_blocked, id=9684, stack(0x000000e1d4100000,0x000000e1d4200000) (1024K)]
  0x0000026bc93d1170 JavaThread "Unconstrained build operations Thread 25"        [_thread_blocked, id=2332, stack(0x000000e1d4200000,0x000000e1d4300000) (1024K)]
  0x0000026bc93d1e90 JavaThread "Unconstrained build operations Thread 26"        [_thread_blocked, id=16228, stack(0x000000e1d4300000,0x000000e1d4400000) (1024K)]
  0x0000026bd1e78730 JavaThread "Unconstrained build operations Thread 27"        [_thread_blocked, id=2648, stack(0x000000e1d4400000,0x000000e1d4500000) (1024K)]
  0x0000026bd1e79ae0 JavaThread "Unconstrained build operations Thread 28"        [_thread_blocked, id=6444, stack(0x000000e1d4500000,0x000000e1d4600000) (1024K)]
  0x0000026bd1e7bbb0 JavaThread "Unconstrained build operations Thread 29"        [_thread_blocked, id=11588, stack(0x000000e1d4600000,0x000000e1d4700000) (1024K)]
  0x0000026bd1e7a170 JavaThread "Unconstrained build operations Thread 30"        [_thread_blocked, id=5032, stack(0x000000e1d4700000,0x000000e1d4800000) (1024K)]
  0x0000026bd1e7ae90 JavaThread "Unconstrained build operations Thread 31"        [_thread_blocked, id=1548, stack(0x000000e1d4800000,0x000000e1d4900000) (1024K)]
  0x0000026bd1e7f6c0 JavaThread "Unconstrained build operations Thread 32"        [_thread_blocked, id=9076, stack(0x000000e1d4900000,0x000000e1d4a00000) (1024K)]
  0x0000026bd1e7c240 JavaThread "Unconstrained build operations Thread 33"        [_thread_blocked, id=4200, stack(0x000000e1d4a00000,0x000000e1d4b00000) (1024K)]
  0x0000026bd1e7c8d0 JavaThread "Unconstrained build operations Thread 34"        [_thread_blocked, id=5884, stack(0x000000e1d4b00000,0x000000e1d4c00000) (1024K)]
  0x0000026bd4404e50 JavaThread "Unconstrained build operations Thread 35"        [_thread_blocked, id=12440, stack(0x000000e1d4c00000,0x000000e1d4d00000) (1024K)]
  0x0000026bd68c9a90 JavaThread "Unconstrained build operations Thread 36"        [_thread_blocked, id=13652, stack(0x000000e1d4d00000,0x000000e1d4e00000) (1024K)]
  0x0000026bd68ca7b0 JavaThread "Unconstrained build operations Thread 37"        [_thread_blocked, id=316, stack(0x000000e1d4e00000,0x000000e1d4f00000) (1024K)]
  0x0000026bd68cae40 JavaThread "Unconstrained build operations Thread 38"        [_thread_blocked, id=6264, stack(0x000000e1d4f00000,0x000000e1d5000000) (1024K)]
  0x0000026bd68cbb60 JavaThread "Unconstrained build operations Thread 39"        [_thread_blocked, id=13636, stack(0x000000e1d5000000,0x000000e1d5100000) (1024K)]
  0x0000026bce822960 JavaThread "Unconstrained build operations Thread 40"        [_thread_blocked, id=11892, stack(0x000000e1d5100000,0x000000e1d5200000) (1024K)]
  0x0000026bce81c6f0 JavaThread "Unconstrained build operations Thread 41"        [_thread_blocked, id=7508, stack(0x000000e1d5200000,0x000000e1d5300000) (1024K)]
  0x0000026bce822ff0 JavaThread "Unconstrained build operations Thread 42"        [_thread_blocked, id=5360, stack(0x000000e1d5300000,0x000000e1d5400000) (1024K)]
  0x0000026bce823680 JavaThread "Unconstrained build operations Thread 43"        [_thread_blocked, id=11016, stack(0x000000e1d5400000,0x000000e1d5500000) (1024K)]
  0x0000026bce81cd80 JavaThread "Unconstrained build operations Thread 44"        [_thread_blocked, id=676, stack(0x000000e1d5500000,0x000000e1d5600000) (1024K)]
  0x0000026bce81fb70 JavaThread "Unconstrained build operations Thread 45"        [_thread_blocked, id=13408, stack(0x000000e1d5600000,0x000000e1d5700000) (1024K)]
  0x0000026bce820200 JavaThread "Unconstrained build operations Thread 46"        [_thread_blocked, id=11968, stack(0x000000e1d5700000,0x000000e1d5800000) (1024K)]
  0x0000026bce81d410 JavaThread "Unconstrained build operations Thread 47"        [_thread_blocked, id=14488, stack(0x000000e1d5800000,0x000000e1d5900000) (1024K)]
  0x0000026bce81e7c0 JavaThread "Unconstrained build operations Thread 48"        [_thread_blocked, id=15216, stack(0x000000e1d5900000,0x000000e1d5a00000) (1024K)]
  0x0000026bce81daa0 JavaThread "Unconstrained build operations Thread 49"        [_thread_blocked, id=15448, stack(0x000000e1d5a00000,0x000000e1d5b00000) (1024K)]
  0x0000026bce81e130 JavaThread "Unconstrained build operations Thread 50"        [_thread_blocked, id=15700, stack(0x000000e1d5b00000,0x000000e1d5c00000) (1024K)]
  0x0000026bce81ee50 JavaThread "Unconstrained build operations Thread 51"        [_thread_blocked, id=3048, stack(0x000000e1d5c00000,0x000000e1d5d00000) (1024K)]
  0x0000026bce820f20 JavaThread "Unconstrained build operations Thread 52"        [_thread_blocked, id=1164, stack(0x000000e1d5d00000,0x000000e1d5e00000) (1024K)]
  0x0000026bce820890 JavaThread "Unconstrained build operations Thread 53"        [_thread_blocked, id=11344, stack(0x000000e1d5e00000,0x000000e1d5f00000) (1024K)]
  0x0000026bce81f4e0 JavaThread "Unconstrained build operations Thread 54"        [_thread_blocked, id=1104, stack(0x000000e1d5f00000,0x000000e1d6000000) (1024K)]
  0x0000026bce8215b0 JavaThread "Unconstrained build operations Thread 55"        [_thread_blocked, id=15716, stack(0x000000e1d6000000,0x000000e1d6100000) (1024K)]
  0x0000026bce821c40 JavaThread "Unconstrained build operations Thread 56"        [_thread_blocked, id=12108, stack(0x000000e1d6100000,0x000000e1d6200000) (1024K)]
  0x0000026bce8222d0 JavaThread "Unconstrained build operations Thread 57"        [_thread_blocked, id=12144, stack(0x000000e1d6200000,0x000000e1d6300000) (1024K)]
  0x0000026bd68cf670 JavaThread "Unconstrained build operations Thread 58"        [_thread_blocked, id=10340, stack(0x000000e1d6300000,0x000000e1d6400000) (1024K)]
  0x0000026bd68ca120 JavaThread "Unconstrained build operations Thread 59"        [_thread_blocked, id=12984, stack(0x000000e1d6400000,0x000000e1d6500000) (1024K)]
  0x0000026bd68cb4d0 JavaThread "Unconstrained build operations Thread 60"        [_thread_blocked, id=5412, stack(0x000000e1d6500000,0x000000e1d6600000) (1024K)]
  0x0000026bd68cc1f0 JavaThread "Unconstrained build operations Thread 61"        [_thread_blocked, id=10936, stack(0x000000e1d6600000,0x000000e1d6700000) (1024K)]
  0x0000026bd68cefe0 JavaThread "Unconstrained build operations Thread 62"        [_thread_blocked, id=10464, stack(0x000000e1d6700000,0x000000e1d6800000) (1024K)]
  0x0000026bd68cc880 JavaThread "Unconstrained build operations Thread 63"        [_thread_blocked, id=13268, stack(0x000000e1d6800000,0x000000e1d6900000) (1024K)]
  0x0000026bd68c86e0 JavaThread "Unconstrained build operations Thread 64"        [_thread_blocked, id=324, stack(0x000000e1d6900000,0x000000e1d6a00000) (1024K)]
  0x0000026bd68ccf10 JavaThread "Unconstrained build operations Thread 65"        [_thread_blocked, id=10724, stack(0x000000e1d6a00000,0x000000e1d6b00000) (1024K)]
  0x0000026bd68cd5a0 JavaThread "Unconstrained build operations Thread 66"        [_thread_blocked, id=6752, stack(0x000000e1d6b00000,0x000000e1d6c00000) (1024K)]
  0x0000026bd68cdc30 JavaThread "Unconstrained build operations Thread 67"        [_thread_blocked, id=4008, stack(0x000000e1d6c00000,0x000000e1d6d00000) (1024K)]
  0x0000026bd68ce2c0 JavaThread "Unconstrained build operations Thread 68"        [_thread_blocked, id=5284, stack(0x000000e1d6d00000,0x000000e1d6e00000) (1024K)]
  0x0000026bd68ce950 JavaThread "Unconstrained build operations Thread 69"        [_thread_blocked, id=1444, stack(0x000000e1d6e00000,0x000000e1d6f00000) (1024K)]
  0x0000026bd68cfd00 JavaThread "Unconstrained build operations Thread 70"        [_thread_blocked, id=8992, stack(0x000000e1d6f00000,0x000000e1d7000000) (1024K)]
  0x0000026bd4403410 JavaThread "Unconstrained build operations Thread 71"        [_thread_blocked, id=7528, stack(0x000000e1d7000000,0x000000e1d7100000) (1024K)]
  0x0000026bd44026f0 JavaThread "Unconstrained build operations Thread 72"        [_thread_blocked, id=15528, stack(0x000000e1d7100000,0x000000e1d7200000) (1024K)]
  0x0000026bd44047c0 JavaThread "Unconstrained build operations Thread 73"        [_thread_blocked, id=15872, stack(0x000000e1d7200000,0x000000e1d7300000) (1024K)]
  0x0000026bd44054e0 JavaThread "Unconstrained build operations Thread 74"        [_thread_blocked, id=2108, stack(0x000000e1d7300000,0x000000e1d7400000) (1024K)]
  0x0000026bd4402d80 JavaThread "Unconstrained build operations Thread 75"        [_thread_blocked, id=16164, stack(0x000000e1d7400000,0x000000e1d7500000) (1024K)]
  0x0000026bd4404130 JavaThread "Unconstrained build operations Thread 76"        [_thread_blocked, id=11740, stack(0x000000e1d7500000,0x000000e1d7600000) (1024K)]
  0x0000026bd4402060 JavaThread "Unconstrained build operations Thread 77"        [_thread_blocked, id=6040, stack(0x000000e1d7600000,0x000000e1d7700000) (1024K)]
  0x0000026bd4403aa0 JavaThread "Unconstrained build operations Thread 78"        [_thread_blocked, id=9652, stack(0x000000e1d7700000,0x000000e1d7800000) (1024K)]
  0x0000026bd68c8d70 JavaThread "Unconstrained build operations Thread 79"        [_thread_blocked, id=7196, stack(0x000000e1d7800000,0x000000e1d7900000) (1024K)]
  0x0000026bd51b2940 JavaThread "Unconstrained build operations Thread 80"        [_thread_blocked, id=3460, stack(0x000000e1d7900000,0x000000e1d7a00000) (1024K)]
  0x0000026bd51b1590 JavaThread "WorkerExecutor Queue"              [_thread_blocked, id=13544, stack(0x000000e1d7a00000,0x000000e1d7b00000) (1024K)]
  0x0000026bd592d6a0 JavaThread "WorkerExecutor Queue Thread 2"        [_thread_blocked, id=7228, stack(0x000000e1d7b00000,0x000000e1d7c00000) (1024K)]
  0x0000026bd592c2f0 JavaThread "WorkerExecutor Queue Thread 3"        [_thread_blocked, id=11996, stack(0x000000e1d7c00000,0x000000e1d7d00000) (1024K)]
  0x0000026bd5930490 JavaThread "WorkerExecutor Queue Thread 4"        [_thread_blocked, id=13936, stack(0x000000e1d7d00000,0x000000e1d7e00000) (1024K)]
  0x0000026bd5932bf0 JavaThread "WorkerExecutor Queue Thread 5"        [_thread_blocked, id=15472, stack(0x000000e1d7e00000,0x000000e1d7f00000) (1024K)]
  0x0000026bd592f0e0 JavaThread "WorkerExecutor Queue Thread 6"        [_thread_blocked, id=4032, stack(0x000000e1d7f00000,0x000000e1d8000000) (1024K)]
  0x0000026bd592bc60 JavaThread "WorkerExecutor Queue Thread 7"        [_thread_blocked, id=7392, stack(0x000000e1d8000000,0x000000e1d8100000) (1024K)]
  0x0000026bd592e3c0 JavaThread "WorkerExecutor Queue Thread 8"        [_thread_blocked, id=6384, stack(0x000000e1d8100000,0x000000e1d8200000) (1024K)]
  0x0000026bd592c980 JavaThread "WorkerExecutor Queue Thread 9"        [_thread_blocked, id=7244, stack(0x000000e1d8200000,0x000000e1d8300000) (1024K)]
Total: 145

Other Threads:
=>0x0000026bc9133620 VMThread "VM Thread"                           [id=5908, stack(0x000000e1cea00000,0x000000e1ceb00000) (1024K)]
  0x0000026bc8fba300 WatcherThread "VM Periodic Task Thread"        [id=13412, stack(0x000000e1ce900000,0x000000e1cea00000) (1024K)]
  0x0000026bb19023b0 WorkerThread "GC Thread#0"                     [id=1820, stack(0x000000e1ce400000,0x000000e1ce500000) (1024K)]
  0x0000026bc9c8c9a0 WorkerThread "GC Thread#1"                     [id=2104, stack(0x000000e1cf700000,0x000000e1cf800000) (1024K)]
  0x0000026bc9c592e0 WorkerThread "GC Thread#2"                     [id=10692, stack(0x000000e1cf800000,0x000000e1cf900000) (1024K)]
  0x0000026bc9c03800 WorkerThread "GC Thread#3"                     [id=8804, stack(0x000000e1cf900000,0x000000e1cfa00000) (1024K)]
  0x0000026bc98457f0 WorkerThread "GC Thread#4"                     [id=4756, stack(0x000000e1cfa00000,0x000000e1cfb00000) (1024K)]
  0x0000026bc9845ba0 WorkerThread "GC Thread#5"                     [id=14556, stack(0x000000e1cfb00000,0x000000e1cfc00000) (1024K)]
  0x0000026bcfe89f50 WorkerThread "GC Thread#6"                     [id=9708, stack(0x000000e1d0600000,0x000000e1d0700000) (1024K)]
  0x0000026bcfe37570 WorkerThread "GC Thread#7"                     [id=9804, stack(0x000000e1d0700000,0x000000e1d0800000) (1024K)]
  0x0000026bb1913510 ConcurrentGCThread "G1 Main Marker"            [id=11272, stack(0x000000e1ce500000,0x000000e1ce600000) (1024K)]
  0x0000026bb19147c0 WorkerThread "G1 Conc#0"                       [id=9364, stack(0x000000e1ce600000,0x000000e1ce700000) (1024K)]
  0x0000026bcf7d12c0 WorkerThread "G1 Conc#1"                       [id=9108, stack(0x000000e1d0800000,0x000000e1d0900000) (1024K)]
  0x0000026bc8e882c0 ConcurrentGCThread "G1 Refine#0"               [id=3732, stack(0x000000e1ce700000,0x000000e1ce800000) (1024K)]
  0x0000026bc8e8ad50 ConcurrentGCThread "G1 Service"                [id=15244, stack(0x000000e1ce800000,0x000000e1ce900000) (1024K)]
Total: 15

Threads with active compile tasks:
C2 CompilerThread0  15787 17765       4       com.android.tools.r8.internal.Da::a (1175 bytes)
C1 CompilerThread0  15787 17926       2       com.android.tools.r8.ir.regalloc.b$$Lambda/0x0000000101357ba0::<init> (10 bytes)
C2 CompilerThread1  15787 16583       4       com.android.tools.r8.internal.kd::a (4363 bytes)
C2 CompilerThread2  15787 17878       4       com.android.tools.r8.internal.OV::put (259 bytes)
Total: 4

VM state: at safepoint (normal execution)

VM Mutex/Monitor currently owned by a thread:  ([mutex/lock_event])
[0x00007ffddaa886d0] Threads_lock - owner thread: 0x0000026bc9133620
[0x00007ffddaa887d0] Heap_lock - owner thread: 0x0000026bd592e3c0

Heap address: 0x0000000080000000, size: 2048 MB, Compressed Oops mode: 32-bit

CDS archive(s) not mapped
Compressed class space mapped at: 0x0000000100000000-0x0000000140000000, reserved size: 1073741824
Narrow klass base: 0x0000000000000000, Narrow klass shift: 3, Narrow klass range: 0x140000000

GC Precious Log:
 CardTable entry size: 512
 Card Set container configuration: InlinePtr #cards 5 size 8 Array Of Cards #cards 12 size 40 Howl #buckets 4 coarsen threshold 1843 Howl Bitmap #cards 512 size 80 coarsen threshold 460 Card regions per heap region 1 cards per card region 2048
 CPUs: 8 total, 8 available
 Memory: 16300M
 Large Page Support: Disabled
 NUMA Support: Disabled
 Compressed Oops: Enabled (32-bit)
 Heap Region Size: 1M
 Heap Min Capacity: 8M
 Heap Initial Capacity: 256M
 Heap Max Capacity: 2G
 Pre-touch: Disabled
 Parallel Workers: 8
 Concurrent Workers: 2
 Concurrent Refinement Workers: 8
 Periodic GC: Disabled

Heap:
 garbage-first heap   total 329728K, used 223232K [0x0000000080000000, 0x0000000100000000)
  region size 1024K, 5 young (5120K), 5 survivors (5120K)
 Metaspace       used 135193K, committed 137408K, reserved 1179648K
  class space    used 19078K, committed 20160K, reserved 1048576K

Heap Regions: E=young(eden), S=young(survivor), O=old, HS=humongous(starts), HC=humongous(continues), CS=collection set, F=free, TAMS=top-at-mark-start, PB=parsable bottom
|   0|0x0000000080000000, 0x0000000080100000, 0x0000000080100000|100%| O|  |TAMS 0x0000000080100000| PB 0x0000000080000000| Untracked 
|   1|0x0000000080100000, 0x0000000080200000, 0x0000000080200000|100%|HS|  |TAMS 0x0000000080200000| PB 0x0000000080100000| Complete 
|   2|0x0000000080200000, 0x0000000080300000, 0x0000000080300000|100%|HC|  |TAMS 0x0000000080300000| PB 0x0000000080200000| Complete 
|   3|0x0000000080300000, 0x0000000080400000, 0x0000000080400000|100%|HC|  |TAMS 0x0000000080400000| PB 0x0000000080300000| Complete 
|   4|0x0000000080400000, 0x0000000080500000, 0x0000000080500000|100%|HC|  |TAMS 0x0000000080500000| PB 0x0000000080400000| Complete 
|   5|0x0000000080500000, 0x0000000080600000, 0x0000000080600000|100%| O|  |TAMS 0x0000000080600000| PB 0x0000000080500000| Untracked 
|   6|0x0000000080600000, 0x0000000080700000, 0x0000000080700000|100%| O|  |TAMS 0x0000000080700000| PB 0x0000000080600000| Untracked 
|   7|0x0000000080700000, 0x0000000080800000, 0x0000000080800000|100%| O|  |TAMS 0x0000000080800000| PB 0x0000000080700000| Untracked 
|   8|0x0000000080800000, 0x0000000080900000, 0x0000000080900000|100%| O|  |TAMS 0x0000000080900000| PB 0x0000000080800000| Untracked 
|   9|0x0000000080900000, 0x0000000080a00000, 0x0000000080a00000|100%| O|  |TAMS 0x0000000080a00000| PB 0x0000000080900000| Untracked 
|  10|0x0000000080a00000, 0x0000000080b00000, 0x0000000080b00000|100%| O|  |TAMS 0x0000000080b00000| PB 0x0000000080a00000| Untracked 
|  11|0x0000000080b00000, 0x0000000080c00000, 0x0000000080c00000|100%| O|  |TAMS 0x0000000080c00000| PB 0x0000000080b00000| Untracked 
|  12|0x0000000080c00000, 0x0000000080d00000, 0x0000000080d00000|100%| O|  |TAMS 0x0000000080d00000| PB 0x0000000080c00000| Untracked 
|  13|0x0000000080d00000, 0x0000000080e00000, 0x0000000080e00000|100%| O|  |TAMS 0x0000000080e00000| PB 0x0000000080d00000| Untracked 
|  14|0x0000000080e00000, 0x0000000080f00000, 0x0000000080f00000|100%| O|  |TAMS 0x0000000080f00000| PB 0x0000000080e00000| Untracked 
|  15|0x0000000080f00000, 0x0000000081000000, 0x0000000081000000|100%| O|  |TAMS 0x0000000081000000| PB 0x0000000080f00000| Untracked 
|  16|0x0000000081000000, 0x0000000081100000, 0x0000000081100000|100%| O|  |TAMS 0x0000000081100000| PB 0x0000000081000000| Untracked 
|  17|0x0000000081100000, 0x0000000081200000, 0x0000000081200000|100%| O|  |TAMS 0x0000000081200000| PB 0x0000000081100000| Untracked 
|  18|0x0000000081200000, 0x0000000081300000, 0x0000000081300000|100%| O|  |TAMS 0x0000000081300000| PB 0x0000000081200000| Untracked 
|  19|0x0000000081300000, 0x0000000081400000, 0x0000000081400000|100%| O|  |TAMS 0x0000000081400000| PB 0x0000000081300000| Untracked 
|  20|0x0000000081400000, 0x0000000081500000, 0x0000000081500000|100%| O|  |TAMS 0x0000000081500000| PB 0x0000000081400000| Untracked 
|  21|0x0000000081500000, 0x0000000081600000, 0x0000000081600000|100%| O|  |TAMS 0x0000000081600000| PB 0x0000000081500000| Untracked 
|  22|0x0000000081600000, 0x0000000081700000, 0x0000000081700000|100%|HS|  |TAMS 0x0000000081700000| PB 0x0000000081600000| Complete 
|  23|0x0000000081700000, 0x0000000081800000, 0x0000000081800000|100%|HC|  |TAMS 0x0000000081800000| PB 0x0000000081700000| Complete 
|  24|0x0000000081800000, 0x0000000081900000, 0x0000000081900000|100%| O|  |TAMS 0x0000000081900000| PB 0x0000000081800000| Untracked 
|  25|0x0000000081900000, 0x0000000081a00000, 0x0000000081a00000|100%| O|  |TAMS 0x0000000081a00000| PB 0x0000000081900000| Untracked 
|  26|0x0000000081a00000, 0x0000000081b00000, 0x0000000081b00000|100%| O|  |TAMS 0x0000000081b00000| PB 0x0000000081a00000| Untracked 
|  27|0x0000000081b00000, 0x0000000081c00000, 0x0000000081c00000|100%| O|  |TAMS 0x0000000081c00000| PB 0x0000000081b00000| Untracked 
|  28|0x0000000081c00000, 0x0000000081d00000, 0x0000000081d00000|100%| O|  |TAMS 0x0000000081d00000| PB 0x0000000081c00000| Untracked 
|  29|0x0000000081d00000, 0x0000000081e00000, 0x0000000081e00000|100%| O|  |TAMS 0x0000000081e00000| PB 0x0000000081d00000| Untracked 
|  30|0x0000000081e00000, 0x0000000081f00000, 0x0000000081f00000|100%| O|  |TAMS 0x0000000081f00000| PB 0x0000000081e00000| Untracked 
|  31|0x0000000081f00000, 0x0000000082000000, 0x0000000082000000|100%| O|  |TAMS 0x0000000082000000| PB 0x0000000081f00000| Untracked 
|  32|0x0000000082000000, 0x0000000082100000, 0x0000000082100000|100%| O|  |TAMS 0x0000000082100000| PB 0x0000000082000000| Untracked 
|  33|0x0000000082100000, 0x0000000082200000, 0x0000000082200000|100%| O|  |TAMS 0x0000000082200000| PB 0x0000000082100000| Untracked 
|  34|0x0000000082200000, 0x0000000082300000, 0x0000000082300000|100%| O|  |TAMS 0x0000000082300000| PB 0x0000000082200000| Untracked 
|  35|0x0000000082300000, 0x0000000082400000, 0x0000000082400000|100%| O|  |TAMS 0x0000000082400000| PB 0x0000000082300000| Untracked 
|  36|0x0000000082400000, 0x0000000082500000, 0x0000000082500000|100%| O|  |TAMS 0x0000000082500000| PB 0x0000000082400000| Untracked 
|  37|0x0000000082500000, 0x0000000082600000, 0x0000000082600000|100%| O|  |TAMS 0x0000000082600000| PB 0x0000000082500000| Untracked 
|  38|0x0000000082600000, 0x0000000082700000, 0x0000000082700000|100%| O|  |TAMS 0x0000000082700000| PB 0x0000000082600000| Untracked 
|  39|0x0000000082700000, 0x0000000082800000, 0x0000000082800000|100%| O|  |TAMS 0x0000000082800000| PB 0x0000000082700000| Untracked 
|  40|0x0000000082800000, 0x0000000082900000, 0x0000000082900000|100%| O|  |TAMS 0x0000000082900000| PB 0x0000000082800000| Untracked 
|  41|0x0000000082900000, 0x0000000082a00000, 0x0000000082a00000|100%| O|  |TAMS 0x0000000082a00000| PB 0x0000000082900000| Untracked 
|  42|0x0000000082a00000, 0x0000000082b00000, 0x0000000082b00000|100%| O|  |TAMS 0x0000000082b00000| PB 0x0000000082a00000| Untracked 
|  43|0x0000000082b00000, 0x0000000082c00000, 0x0000000082c00000|100%| O|  |TAMS 0x0000000082c00000| PB 0x0000000082b00000| Untracked 
|  44|0x0000000082c00000, 0x0000000082d00000, 0x0000000082d00000|100%|HS|  |TAMS 0x0000000082d00000| PB 0x0000000082c00000| Complete 
|  45|0x0000000082d00000, 0x0000000082e00000, 0x0000000082e00000|100%|HS|  |TAMS 0x0000000082e00000| PB 0x0000000082d00000| Complete 
|  46|0x0000000082e00000, 0x0000000082f00000, 0x0000000082f00000|100%|HS|  |TAMS 0x0000000082f00000| PB 0x0000000082e00000| Complete 
|  47|0x0000000082f00000, 0x0000000083000000, 0x0000000083000000|100%|HC|  |TAMS 0x0000000083000000| PB 0x0000000082f00000| Complete 
|  48|0x0000000083000000, 0x0000000083100000, 0x0000000083100000|100%| O|  |TAMS 0x0000000083100000| PB 0x0000000083000000| Untracked 
|  49|0x0000000083100000, 0x0000000083200000, 0x0000000083200000|100%| O|  |TAMS 0x0000000083200000| PB 0x0000000083100000| Untracked 
|  50|0x0000000083200000, 0x0000000083300000, 0x0000000083300000|100%| O|  |TAMS 0x0000000083300000| PB 0x0000000083200000| Untracked 
|  51|0x0000000083300000, 0x0000000083400000, 0x0000000083400000|100%| O|  |TAMS 0x0000000083400000| PB 0x0000000083300000| Untracked 
|  52|0x0000000083400000, 0x0000000083500000, 0x0000000083500000|100%| O|  |TAMS 0x0000000083500000| PB 0x0000000083400000| Untracked 
|  53|0x0000000083500000, 0x0000000083600000, 0x0000000083600000|100%| O|  |TAMS 0x0000000083600000| PB 0x0000000083500000| Untracked 
|  54|0x0000000083600000, 0x0000000083700000, 0x0000000083700000|100%| O|  |TAMS 0x0000000083700000| PB 0x0000000083600000| Untracked 
|  55|0x0000000083700000, 0x0000000083800000, 0x0000000083800000|100%| O|  |TAMS 0x0000000083800000| PB 0x0000000083700000| Untracked 
|  56|0x0000000083800000, 0x0000000083900000, 0x0000000083900000|100%|HS|  |TAMS 0x0000000083900000| PB 0x0000000083800000| Complete 
|  57|0x0000000083900000, 0x0000000083a00000, 0x0000000083a00000|100%|HC|  |TAMS 0x0000000083a00000| PB 0x0000000083900000| Complete 
|  58|0x0000000083a00000, 0x0000000083b00000, 0x0000000083b00000|100%|HS|  |TAMS 0x0000000083b00000| PB 0x0000000083a00000| Complete 
|  59|0x0000000083b00000, 0x0000000083c00000, 0x0000000083c00000|100%|HS|  |TAMS 0x0000000083c00000| PB 0x0000000083b00000| Complete 
|  60|0x0000000083c00000, 0x0000000083d00000, 0x0000000083d00000|100%|HC|  |TAMS 0x0000000083d00000| PB 0x0000000083c00000| Complete 
|  61|0x0000000083d00000, 0x0000000083e00000, 0x0000000083e00000|100%|HC|  |TAMS 0x0000000083e00000| PB 0x0000000083d00000| Complete 
|  62|0x0000000083e00000, 0x0000000083f00000, 0x0000000083f00000|100%|HC|  |TAMS 0x0000000083f00000| PB 0x0000000083e00000| Complete 
|  63|0x0000000083f00000, 0x0000000084000000, 0x0000000084000000|100%|HS|  |TAMS 0x0000000084000000| PB 0x0000000083f00000| Complete 
|  64|0x0000000084000000, 0x0000000084100000, 0x0000000084100000|100%| O|  |TAMS 0x0000000084100000| PB 0x0000000084000000| Untracked 
|  65|0x0000000084100000, 0x0000000084200000, 0x0000000084200000|100%|HS|  |TAMS 0x0000000084200000| PB 0x0000000084100000| Complete 
|  66|0x0000000084200000, 0x0000000084300000, 0x0000000084300000|100%|HS|  |TAMS 0x0000000084300000| PB 0x0000000084200000| Complete 
|  67|0x0000000084300000, 0x0000000084400000, 0x0000000084400000|100%| O|  |TAMS 0x0000000084400000| PB 0x0000000084300000| Untracked 
|  68|0x0000000084400000, 0x0000000084500000, 0x0000000084500000|100%| O|  |TAMS 0x0000000084500000| PB 0x0000000084400000| Untracked 
|  69|0x0000000084500000, 0x0000000084600000, 0x0000000084600000|100%| O|  |TAMS 0x0000000084600000| PB 0x0000000084500000| Untracked 
|  70|0x0000000084600000, 0x0000000084700000, 0x0000000084700000|100%| O|  |TAMS 0x0000000084700000| PB 0x0000000084600000| Untracked 
|  71|0x0000000084700000, 0x0000000084800000, 0x0000000084800000|100%| O|  |TAMS 0x0000000084800000| PB 0x0000000084700000| Untracked 
|  72|0x0000000084800000, 0x0000000084900000, 0x0000000084900000|100%| O|  |TAMS 0x0000000084900000| PB 0x0000000084800000| Untracked 
|  73|0x0000000084900000, 0x0000000084a00000, 0x0000000084a00000|100%| O|  |TAMS 0x0000000084a00000| PB 0x0000000084900000| Untracked 
|  74|0x0000000084a00000, 0x0000000084b00000, 0x0000000084b00000|100%| O|  |TAMS 0x0000000084b00000| PB 0x0000000084a00000| Untracked 
|  75|0x0000000084b00000, 0x0000000084c00000, 0x0000000084c00000|100%| O|  |TAMS 0x0000000084c00000| PB 0x0000000084b00000| Untracked 
|  76|0x0000000084c00000, 0x0000000084d00000, 0x0000000084d00000|100%| O|  |TAMS 0x0000000084d00000| PB 0x0000000084c00000| Untracked 
|  77|0x0000000084d00000, 0x0000000084e00000, 0x0000000084e00000|100%| O|  |TAMS 0x0000000084e00000| PB 0x0000000084d00000| Untracked 
|  78|0x0000000084e00000, 0x0000000084f00000, 0x0000000084f00000|100%|HS|  |TAMS 0x0000000084f00000| PB 0x0000000084e00000| Complete 
|  79|0x0000000084f00000, 0x0000000085000000, 0x0000000085000000|100%| O|  |TAMS 0x0000000085000000| PB 0x0000000084f00000| Untracked 
|  80|0x0000000085000000, 0x0000000085100000, 0x0000000085100000|100%| O|  |TAMS 0x0000000085100000| PB 0x0000000085000000| Untracked 
|  81|0x0000000085100000, 0x0000000085200000, 0x0000000085200000|100%|HS|  |TAMS 0x0000000085200000| PB 0x0000000085100000| Complete 
|  82|0x0000000085200000, 0x0000000085300000, 0x0000000085300000|100%|HC|  |TAMS 0x0000000085300000| PB 0x0000000085200000| Complete 
|  83|0x0000000085300000, 0x0000000085400000, 0x0000000085400000|100%|HC|  |TAMS 0x0000000085400000| PB 0x0000000085300000| Complete 
|  84|0x0000000085400000, 0x0000000085500000, 0x0000000085500000|100%|HC|  |TAMS 0x0000000085500000| PB 0x0000000085400000| Complete 
|  85|0x0000000085500000, 0x0000000085600000, 0x0000000085600000|100%| O|  |TAMS 0x0000000085600000| PB 0x0000000085500000| Untracked 
|  86|0x0000000085600000, 0x0000000085700000, 0x0000000085700000|100%| O|  |TAMS 0x0000000085700000| PB 0x0000000085600000| Untracked 
|  87|0x0000000085700000, 0x0000000085800000, 0x0000000085800000|100%| O|  |TAMS 0x0000000085800000| PB 0x0000000085700000| Untracked 
|  88|0x0000000085800000, 0x0000000085900000, 0x0000000085900000|100%| O|  |TAMS 0x0000000085900000| PB 0x0000000085800000| Untracked 
|  89|0x0000000085900000, 0x0000000085a00000, 0x0000000085a00000|100%| O|  |TAMS 0x0000000085a00000| PB 0x0000000085900000| Untracked 
|  90|0x0000000085a00000, 0x0000000085b00000, 0x0000000085b00000|100%| O|  |TAMS 0x0000000085b00000| PB 0x0000000085a00000| Untracked 
|  91|0x0000000085b00000, 0x0000000085c00000, 0x0000000085c00000|100%| O|  |TAMS 0x0000000085c00000| PB 0x0000000085b00000| Untracked 
|  92|0x0000000085c00000, 0x0000000085d00000, 0x0000000085d00000|100%| O|  |TAMS 0x0000000085d00000| PB 0x0000000085c00000| Untracked 
|  93|0x0000000085d00000, 0x0000000085e00000, 0x0000000085e00000|100%| O|  |TAMS 0x0000000085e00000| PB 0x0000000085d00000| Untracked 
|  94|0x0000000085e00000, 0x0000000085f00000, 0x0000000085f00000|100%| O|  |TAMS 0x0000000085f00000| PB 0x0000000085e00000| Untracked 
|  95|0x0000000085f00000, 0x0000000086000000, 0x0000000086000000|100%| O|  |TAMS 0x0000000086000000| PB 0x0000000085f00000| Untracked 
|  96|0x0000000086000000, 0x0000000086100000, 0x0000000086100000|100%| O|  |TAMS 0x0000000086100000| PB 0x0000000086000000| Untracked 
|  97|0x0000000086100000, 0x0000000086200000, 0x0000000086200000|100%| O|  |TAMS 0x0000000086200000| PB 0x0000000086100000| Untracked 
|  98|0x0000000086200000, 0x0000000086300000, 0x0000000086300000|100%| O|  |TAMS 0x0000000086300000| PB 0x0000000086200000| Untracked 
|  99|0x0000000086300000, 0x0000000086400000, 0x0000000086400000|100%| O|  |TAMS 0x0000000086400000| PB 0x0000000086300000| Untracked 
| 100|0x0000000086400000, 0x0000000086500000, 0x0000000086500000|100%| O|  |TAMS 0x0000000086500000| PB 0x0000000086400000| Untracked 
| 101|0x0000000086500000, 0x0000000086600000, 0x0000000086600000|100%| O|  |TAMS 0x0000000086600000| PB 0x0000000086500000| Untracked 
| 102|0x0000000086600000, 0x0000000086700000, 0x0000000086700000|100%| O|  |TAMS 0x0000000086700000| PB 0x0000000086600000| Untracked 
| 103|0x0000000086700000, 0x0000000086800000, 0x0000000086800000|100%| O|  |TAMS 0x0000000086800000| PB 0x0000000086700000| Untracked 
| 104|0x0000000086800000, 0x0000000086900000, 0x0000000086900000|100%| O|  |TAMS 0x0000000086900000| PB 0x0000000086800000| Untracked 
| 105|0x0000000086900000, 0x0000000086a00000, 0x0000000086a00000|100%| O|  |TAMS 0x0000000086a00000| PB 0x0000000086900000| Untracked 
| 106|0x0000000086a00000, 0x0000000086b00000, 0x0000000086b00000|100%| O|  |TAMS 0x0000000086b00000| PB 0x0000000086a00000| Untracked 
| 107|0x0000000086b00000, 0x0000000086c00000, 0x0000000086c00000|100%| O|  |TAMS 0x0000000086c00000| PB 0x0000000086b00000| Untracked 
| 108|0x0000000086c00000, 0x0000000086d00000, 0x0000000086d00000|100%| O|  |TAMS 0x0000000086d00000| PB 0x0000000086c00000| Untracked 
| 109|0x0000000086d00000, 0x0000000086e00000, 0x0000000086e00000|100%| O|  |TAMS 0x0000000086e00000| PB 0x0000000086d00000| Untracked 
| 110|0x0000000086e00000, 0x0000000086f00000, 0x0000000086f00000|100%| O|  |TAMS 0x0000000086f00000| PB 0x0000000086e00000| Untracked 
| 111|0x0000000086f00000, 0x0000000087000000, 0x0000000087000000|100%| O|  |TAMS 0x0000000087000000| PB 0x0000000086f00000| Untracked 
| 112|0x0000000087000000, 0x0000000087100000, 0x0000000087100000|100%| O|  |TAMS 0x0000000087100000| PB 0x0000000087000000| Untracked 
| 113|0x0000000087100000, 0x0000000087200000, 0x0000000087200000|100%| O|  |TAMS 0x0000000087200000| PB 0x0000000087100000| Untracked 
| 114|0x0000000087200000, 0x0000000087300000, 0x0000000087300000|100%| O|  |TAMS 0x0000000087300000| PB 0x0000000087200000| Untracked 
| 115|0x0000000087300000, 0x0000000087400000, 0x0000000087400000|100%| O|  |TAMS 0x0000000087400000| PB 0x0000000087300000| Untracked 
| 116|0x0000000087400000, 0x0000000087500000, 0x0000000087500000|100%| O|  |TAMS 0x0000000087500000| PB 0x0000000087400000| Untracked 
| 117|0x0000000087500000, 0x0000000087600000, 0x0000000087600000|100%| O|  |TAMS 0x0000000087600000| PB 0x0000000087500000| Untracked 
| 118|0x0000000087600000, 0x0000000087700000, 0x0000000087700000|100%| O|  |TAMS 0x0000000087700000| PB 0x0000000087600000| Untracked 
| 119|0x0000000087700000, 0x0000000087800000, 0x0000000087800000|100%| O|  |TAMS 0x0000000087800000| PB 0x0000000087700000| Untracked 
| 120|0x0000000087800000, 0x0000000087900000, 0x0000000087900000|100%| O|  |TAMS 0x0000000087900000| PB 0x0000000087800000| Untracked 
| 121|0x0000000087900000, 0x0000000087a00000, 0x0000000087a00000|100%| O|  |TAMS 0x0000000087a00000| PB 0x0000000087900000| Untracked 
| 122|0x0000000087a00000, 0x0000000087b00000, 0x0000000087b00000|100%| O|  |TAMS 0x0000000087b00000| PB 0x0000000087a00000| Untracked 
| 123|0x0000000087b00000, 0x0000000087c00000, 0x0000000087c00000|100%| O|  |TAMS 0x0000000087c00000| PB 0x0000000087b00000| Untracked 
| 124|0x0000000087c00000, 0x0000000087d00000, 0x0000000087d00000|100%| O|  |TAMS 0x0000000087d00000| PB 0x0000000087c00000| Untracked 
| 125|0x0000000087d00000, 0x0000000087e00000, 0x0000000087e00000|100%| O|  |TAMS 0x0000000087e00000| PB 0x0000000087d00000| Untracked 
| 126|0x0000000087e00000, 0x0000000087f00000, 0x0000000087f00000|100%| O|  |TAMS 0x0000000087f00000| PB 0x0000000087e00000| Untracked 
| 127|0x0000000087f00000, 0x0000000088000000, 0x0000000088000000|100%| O|  |TAMS 0x0000000088000000| PB 0x0000000087f00000| Untracked 
| 128|0x0000000088000000, 0x0000000088100000, 0x0000000088100000|100%| O|  |TAMS 0x0000000088100000| PB 0x0000000088000000| Untracked 
| 129|0x0000000088100000, 0x0000000088200000, 0x0000000088200000|100%| O|  |TAMS 0x0000000088200000| PB 0x0000000088100000| Untracked 
| 130|0x0000000088200000, 0x0000000088300000, 0x0000000088300000|100%| O|  |TAMS 0x0000000088300000| PB 0x0000000088200000| Untracked 
| 131|0x0000000088300000, 0x0000000088400000, 0x0000000088400000|100%| O|  |TAMS 0x0000000088400000| PB 0x0000000088300000| Untracked 
| 132|0x0000000088400000, 0x0000000088500000, 0x0000000088500000|100%| O|  |TAMS 0x0000000088500000| PB 0x0000000088400000| Untracked 
| 133|0x0000000088500000, 0x0000000088600000, 0x0000000088600000|100%| O|  |TAMS 0x0000000088600000| PB 0x0000000088500000| Untracked 
| 134|0x0000000088600000, 0x0000000088700000, 0x0000000088700000|100%| O|  |TAMS 0x0000000088700000| PB 0x0000000088600000| Untracked 
| 135|0x0000000088700000, 0x0000000088800000, 0x0000000088800000|100%| O|  |TAMS 0x0000000088800000| PB 0x0000000088700000| Untracked 
| 136|0x0000000088800000, 0x0000000088900000, 0x0000000088900000|100%| O|  |TAMS 0x0000000088900000| PB 0x0000000088800000| Untracked 
| 137|0x0000000088900000, 0x0000000088a00000, 0x0000000088a00000|100%| O|  |TAMS 0x0000000088a00000| PB 0x0000000088900000| Untracked 
| 138|0x0000000088a00000, 0x0000000088b00000, 0x0000000088b00000|100%| O|  |TAMS 0x0000000088a00000| PB 0x0000000088a00000| Untracked 
| 139|0x0000000088b00000, 0x0000000088c00000, 0x0000000088c00000|100%| O|  |TAMS 0x0000000088c00000| PB 0x0000000088b00000| Untracked 
| 140|0x0000000088c00000, 0x0000000088d00000, 0x0000000088d00000|100%| O|  |TAMS 0x0000000088d00000| PB 0x0000000088c00000| Untracked 
| 141|0x0000000088d00000, 0x0000000088e00000, 0x0000000088e00000|100%| O|  |TAMS 0x0000000088e00000| PB 0x0000000088d00000| Untracked 
| 142|0x0000000088e00000, 0x0000000088f00000, 0x0000000088f00000|100%| O|  |TAMS 0x0000000088f00000| PB 0x0000000088e00000| Untracked 
| 143|0x0000000088f00000, 0x0000000089000000, 0x0000000089000000|100%| O|  |TAMS 0x0000000089000000| PB 0x0000000088f00000| Untracked 
| 144|0x0000000089000000, 0x0000000089100000, 0x0000000089100000|100%| O|  |TAMS 0x0000000089100000| PB 0x0000000089000000| Untracked 
| 145|0x0000000089100000, 0x0000000089200000, 0x0000000089200000|100%| O|  |TAMS 0x0000000089200000| PB 0x0000000089100000| Untracked 
| 146|0x0000000089200000, 0x0000000089300000, 0x0000000089300000|100%| O|  |TAMS 0x0000000089300000| PB 0x0000000089200000| Untracked 
| 147|0x0000000089300000, 0x0000000089400000, 0x0000000089400000|100%| O|  |TAMS 0x0000000089400000| PB 0x0000000089300000| Untracked 
| 148|0x0000000089400000, 0x0000000089500000, 0x0000000089500000|100%| O|  |TAMS 0x0000000089500000| PB 0x0000000089400000| Untracked 
| 149|0x0000000089500000, 0x0000000089600000, 0x0000000089600000|100%| O|  |TAMS 0x0000000089600000| PB 0x0000000089500000| Untracked 
| 150|0x0000000089600000, 0x0000000089700000, 0x0000000089700000|100%| O|  |TAMS 0x0000000089700000| PB 0x0000000089600000| Untracked 
| 151|0x0000000089700000, 0x0000000089800000, 0x0000000089800000|100%| O|  |TAMS 0x0000000089700000| PB 0x0000000089700000| Untracked 
| 152|0x0000000089800000, 0x0000000089900000, 0x0000000089900000|100%| O|  |TAMS 0x0000000089800000| PB 0x0000000089800000| Untracked 
| 153|0x0000000089900000, 0x0000000089a00000, 0x0000000089a00000|100%| O|  |TAMS 0x0000000089a00000| PB 0x0000000089900000| Untracked 
| 154|0x0000000089a00000, 0x0000000089b00000, 0x0000000089b00000|100%| O|  |TAMS 0x0000000089a00000| PB 0x0000000089a00000| Untracked 
| 155|0x0000000089b00000, 0x0000000089c00000, 0x0000000089c00000|100%| O|  |TAMS 0x0000000089b00000| PB 0x0000000089b00000| Untracked 
| 156|0x0000000089c00000, 0x0000000089d00000, 0x0000000089d00000|100%| O|  |TAMS 0x0000000089d00000| PB 0x0000000089c00000| Untracked 
| 157|0x0000000089d00000, 0x0000000089e00000, 0x0000000089e00000|100%| O|  |TAMS 0x0000000089e00000| PB 0x0000000089d00000| Untracked 
| 158|0x0000000089e00000, 0x0000000089f00000, 0x0000000089f00000|100%| O|  |TAMS 0x0000000089f00000| PB 0x0000000089e00000| Untracked 
| 159|0x0000000089f00000, 0x000000008a000000, 0x000000008a000000|100%| O|  |TAMS 0x000000008a000000| PB 0x0000000089f00000| Untracked 
| 160|0x000000008a000000, 0x000000008a100000, 0x000000008a100000|100%| O|  |TAMS 0x000000008a100000| PB 0x000000008a000000| Untracked 
| 161|0x000000008a100000, 0x000000008a200000, 0x000000008a200000|100%| O|  |TAMS 0x000000008a200000| PB 0x000000008a100000| Untracked 
| 162|0x000000008a200000, 0x000000008a300000, 0x000000008a300000|100%| O|  |TAMS 0x000000008a300000| PB 0x000000008a200000| Untracked 
| 163|0x000000008a300000, 0x000000008a400000, 0x000000008a400000|100%| O|  |TAMS 0x000000008a400000| PB 0x000000008a300000| Untracked 
| 164|0x000000008a400000, 0x000000008a500000, 0x000000008a500000|100%| O|  |TAMS 0x000000008a500000| PB 0x000000008a400000| Untracked 
| 165|0x000000008a500000, 0x000000008a600000, 0x000000008a600000|100%| O|  |TAMS 0x000000008a600000| PB 0x000000008a500000| Untracked 
| 166|0x000000008a600000, 0x000000008a700000, 0x000000008a700000|100%| O|  |TAMS 0x000000008a700000| PB 0x000000008a600000| Untracked 
| 167|0x000000008a700000, 0x000000008a800000, 0x000000008a800000|100%| O|  |TAMS 0x000000008a800000| PB 0x000000008a700000| Untracked 
| 168|0x000000008a800000, 0x000000008a900000, 0x000000008a900000|100%| O|  |TAMS 0x000000008a900000| PB 0x000000008a800000| Untracked 
| 169|0x000000008a900000, 0x000000008aa00000, 0x000000008aa00000|100%| O|  |TAMS 0x000000008aa00000| PB 0x000000008a900000| Untracked 
| 170|0x000000008aa00000, 0x000000008ab00000, 0x000000008ab00000|100%| O|  |TAMS 0x000000008ab00000| PB 0x000000008aa00000| Untracked 
| 171|0x000000008ab00000, 0x000000008ac00000, 0x000000008ac00000|100%| O|  |TAMS 0x000000008ac00000| PB 0x000000008ab00000| Untracked 
| 172|0x000000008ac00000, 0x000000008ad00000, 0x000000008ad00000|100%| O|  |TAMS 0x000000008ad00000| PB 0x000000008ac00000| Untracked 
| 173|0x000000008ad00000, 0x000000008ae00000, 0x000000008ae00000|100%| O|  |TAMS 0x000000008ae00000| PB 0x000000008ad00000| Untracked 
| 174|0x000000008ae00000, 0x000000008af00000, 0x000000008af00000|100%| O|  |TAMS 0x000000008ae00000| PB 0x000000008ae00000| Untracked 
| 175|0x000000008af00000, 0x000000008b000000, 0x000000008b000000|100%| O|  |TAMS 0x000000008b000000| PB 0x000000008af00000| Untracked 
| 176|0x000000008b000000, 0x000000008b100000, 0x000000008b100000|100%| O|  |TAMS 0x000000008b100000| PB 0x000000008b000000| Untracked 
| 177|0x000000008b100000, 0x000000008b200000, 0x000000008b200000|100%| O|  |TAMS 0x000000008b200000| PB 0x000000008b100000| Untracked 
| 178|0x000000008b200000, 0x000000008b300000, 0x000000008b300000|100%| O|  |TAMS 0x000000008b300000| PB 0x000000008b200000| Untracked 
| 179|0x000000008b300000, 0x000000008b400000, 0x000000008b400000|100%| O|  |TAMS 0x000000008b400000| PB 0x000000008b300000| Untracked 
| 180|0x000000008b400000, 0x000000008b500000, 0x000000008b500000|100%| O|  |TAMS 0x000000008b500000| PB 0x000000008b400000| Untracked 
| 181|0x000000008b500000, 0x000000008b600000, 0x000000008b600000|100%| O|  |TAMS 0x000000008b600000| PB 0x000000008b500000| Untracked 
| 182|0x000000008b600000, 0x000000008b700000, 0x000000008b700000|100%| O|  |TAMS 0x000000008b700000| PB 0x000000008b600000| Untracked 
| 183|0x000000008b700000, 0x000000008b800000, 0x000000008b800000|100%| O|  |TAMS 0x000000008b800000| PB 0x000000008b700000| Untracked 
| 184|0x000000008b800000, 0x000000008b900000, 0x000000008b900000|100%| O|  |TAMS 0x000000008b900000| PB 0x000000008b800000| Untracked 
| 185|0x000000008b900000, 0x000000008ba00000, 0x000000008ba00000|100%| O|  |TAMS 0x000000008ba00000| PB 0x000000008b900000| Untracked 
| 186|0x000000008ba00000, 0x000000008bb00000, 0x000000008bb00000|100%| O|  |TAMS 0x000000008bb00000| PB 0x000000008ba00000| Untracked 
| 187|0x000000008bb00000, 0x000000008bc00000, 0x000000008bc00000|100%| O|  |TAMS 0x000000008bc00000| PB 0x000000008bb00000| Untracked 
| 188|0x000000008bc00000, 0x000000008bd00000, 0x000000008bd00000|100%| O|  |TAMS 0x000000008bd00000| PB 0x000000008bc00000| Untracked 
| 189|0x000000008bd00000, 0x000000008be00000, 0x000000008be00000|100%| O|  |TAMS 0x000000008be00000| PB 0x000000008bd00000| Untracked 
| 190|0x000000008be00000, 0x000000008bf00000, 0x000000008bf00000|100%| O|  |TAMS 0x000000008bf00000| PB 0x000000008be00000| Untracked 
| 191|0x000000008bf00000, 0x000000008c000000, 0x000000008c000000|100%| O|  |TAMS 0x000000008c000000| PB 0x000000008bf00000| Untracked 
| 192|0x000000008c000000, 0x000000008c100000, 0x000000008c100000|100%| O|  |TAMS 0x000000008c100000| PB 0x000000008c000000| Untracked 
| 193|0x000000008c100000, 0x000000008c200000, 0x000000008c200000|100%| O|  |TAMS 0x000000008c1f8b08| PB 0x000000008c100000| Untracked 
| 194|0x000000008c200000, 0x000000008c300000, 0x000000008c300000|100%| O|  |TAMS 0x000000008c200000| PB 0x000000008c200000| Untracked 
| 195|0x000000008c300000, 0x000000008c400000, 0x000000008c400000|100%| O|  |TAMS 0x000000008c300000| PB 0x000000008c300000| Untracked 
| 196|0x000000008c400000, 0x000000008c500000, 0x000000008c500000|100%| O|  |TAMS 0x000000008c400000| PB 0x000000008c400000| Untracked 
| 197|0x000000008c500000, 0x000000008c600000, 0x000000008c600000|100%| O|  |TAMS 0x000000008c500000| PB 0x000000008c500000| Untracked 
| 198|0x000000008c600000, 0x000000008c700000, 0x000000008c700000|100%| O|  |TAMS 0x000000008c600000| PB 0x000000008c600000| Untracked 
| 199|0x000000008c700000, 0x000000008c800000, 0x000000008c800000|100%| O|  |TAMS 0x000000008c700000| PB 0x000000008c700000| Untracked 
| 200|0x000000008c800000, 0x000000008c900000, 0x000000008c900000|100%| O|  |TAMS 0x000000008c800000| PB 0x000000008c800000| Untracked 
| 201|0x000000008c900000, 0x000000008c900000, 0x000000008ca00000|  0%| F|  |TAMS 0x000000008c900000| PB 0x000000008c900000| Untracked 
| 202|0x000000008ca00000, 0x000000008ca00000, 0x000000008cb00000|  0%| F|  |TAMS 0x000000008ca00000| PB 0x000000008ca00000| Untracked 
| 203|0x000000008cb00000, 0x000000008cb00000, 0x000000008cc00000|  0%| F|  |TAMS 0x000000008cb00000| PB 0x000000008cb00000| Untracked 
| 204|0x000000008cc00000, 0x000000008cc00000, 0x000000008cd00000|  0%| F|  |TAMS 0x000000008cc00000| PB 0x000000008cc00000| Untracked 
| 205|0x000000008cd00000, 0x000000008cd00000, 0x000000008ce00000|  0%| F|  |TAMS 0x000000008cd00000| PB 0x000000008cd00000| Untracked 
| 206|0x000000008ce00000, 0x000000008ce00000, 0x000000008cf00000|  0%| F|  |TAMS 0x000000008ce00000| PB 0x000000008ce00000| Untracked 
| 207|0x000000008cf00000, 0x000000008cf00000, 0x000000008d000000|  0%| F|  |TAMS 0x000000008cf00000| PB 0x000000008cf00000| Untracked 
| 208|0x000000008d000000, 0x000000008d000000, 0x000000008d100000|  0%| F|  |TAMS 0x000000008d000000| PB 0x000000008d000000| Untracked 
| 209|0x000000008d100000, 0x000000008d100000, 0x000000008d200000|  0%| F|  |TAMS 0x000000008d100000| PB 0x000000008d100000| Untracked 
| 210|0x000000008d200000, 0x000000008d200000, 0x000000008d300000|  0%| F|  |TAMS 0x000000008d200000| PB 0x000000008d200000| Untracked 
| 211|0x000000008d300000, 0x000000008d300000, 0x000000008d400000|  0%| F|  |TAMS 0x000000008d300000| PB 0x000000008d300000| Untracked 
| 212|0x000000008d400000, 0x000000008d400000, 0x000000008d500000|  0%| F|  |TAMS 0x000000008d400000| PB 0x000000008d400000| Untracked 
| 213|0x000000008d500000, 0x000000008d500000, 0x000000008d600000|  0%| F|  |TAMS 0x000000008d500000| PB 0x000000008d500000| Untracked 
| 214|0x000000008d600000, 0x000000008d700000, 0x000000008d700000|100%| O|  |TAMS 0x000000008d600000| PB 0x000000008d600000| Untracked 
| 215|0x000000008d700000, 0x000000008d700000, 0x000000008d800000|  0%| F|  |TAMS 0x000000008d700000| PB 0x000000008d700000| Untracked 
| 216|0x000000008d800000, 0x000000008d800000, 0x000000008d900000|  0%| F|  |TAMS 0x000000008d800000| PB 0x000000008d800000| Untracked 
| 217|0x000000008d900000, 0x000000008d900000, 0x000000008da00000|  0%| F|  |TAMS 0x000000008d900000| PB 0x000000008d900000| Untracked 
| 218|0x000000008da00000, 0x000000008da00000, 0x000000008db00000|  0%| F|  |TAMS 0x000000008da00000| PB 0x000000008da00000| Untracked 
| 219|0x000000008db00000, 0x000000008db00000, 0x000000008dc00000|  0%| F|  |TAMS 0x000000008db00000| PB 0x000000008db00000| Untracked 
| 220|0x000000008dc00000, 0x000000008dc00000, 0x000000008dd00000|  0%| F|  |TAMS 0x000000008dc00000| PB 0x000000008dc00000| Untracked 
| 221|0x000000008dd00000, 0x000000008dd00000, 0x000000008de00000|  0%| F|  |TAMS 0x000000008dd00000| PB 0x000000008dd00000| Untracked 
| 222|0x000000008de00000, 0x000000008de00000, 0x000000008df00000|  0%| F|  |TAMS 0x000000008de00000| PB 0x000000008de00000| Untracked 
| 223|0x000000008df00000, 0x000000008df00000, 0x000000008e000000|  0%| F|  |TAMS 0x000000008df00000| PB 0x000000008df00000| Untracked 
| 224|0x000000008e000000, 0x000000008e000000, 0x000000008e100000|  0%| F|  |TAMS 0x000000008e000000| PB 0x000000008e000000| Untracked 
| 225|0x000000008e100000, 0x000000008e100000, 0x000000008e200000|  0%| F|  |TAMS 0x000000008e100000| PB 0x000000008e100000| Untracked 
| 226|0x000000008e200000, 0x000000008e300000, 0x000000008e300000|100%| S|CS|TAMS 0x000000008e200000| PB 0x000000008e200000| Complete 
| 227|0x000000008e300000, 0x000000008e400000, 0x000000008e400000|100%| S|CS|TAMS 0x000000008e300000| PB 0x000000008e300000| Complete 
| 228|0x000000008e400000, 0x000000008e500000, 0x000000008e500000|100%| S|CS|TAMS 0x000000008e400000| PB 0x000000008e400000| Complete 
| 229|0x000000008e500000, 0x000000008e600000, 0x000000008e600000|100%| S|CS|TAMS 0x000000008e500000| PB 0x000000008e500000| Complete 
| 230|0x000000008e600000, 0x000000008e700000, 0x000000008e700000|100%| S|CS|TAMS 0x000000008e600000| PB 0x000000008e600000| Complete 
| 231|0x000000008e700000, 0x000000008e700000, 0x000000008e800000|  0%| F|  |TAMS 0x000000008e700000| PB 0x000000008e700000| Untracked 
| 232|0x000000008e800000, 0x000000008e800000, 0x000000008e900000|  0%| F|  |TAMS 0x000000008e800000| PB 0x000000008e800000| Untracked 
| 233|0x000000008e900000, 0x000000008e900000, 0x000000008ea00000|  0%| F|  |TAMS 0x000000008e900000| PB 0x000000008e900000| Untracked 
| 234|0x000000008ea00000, 0x000000008ea00000, 0x000000008eb00000|  0%| F|  |TAMS 0x000000008ea00000| PB 0x000000008ea00000| Untracked 
| 235|0x000000008eb00000, 0x000000008eb00000, 0x000000008ec00000|  0%| F|  |TAMS 0x000000008eb00000| PB 0x000000008eb00000| Untracked 
| 236|0x000000008ec00000, 0x000000008ec00000, 0x000000008ed00000|  0%| F|  |TAMS 0x000000008ec00000| PB 0x000000008ec00000| Untracked 
| 237|0x000000008ed00000, 0x000000008ed00000, 0x000000008ee00000|  0%| F|  |TAMS 0x000000008ed00000| PB 0x000000008ed00000| Untracked 
| 238|0x000000008ee00000, 0x000000008ee00000, 0x000000008ef00000|  0%| F|  |TAMS 0x000000008ee00000| PB 0x000000008ee00000| Untracked 
| 239|0x000000008ef00000, 0x000000008ef00000, 0x000000008f000000|  0%| F|  |TAMS 0x000000008ef00000| PB 0x000000008ef00000| Untracked 
| 240|0x000000008f000000, 0x000000008f000000, 0x000000008f100000|  0%| F|  |TAMS 0x000000008f000000| PB 0x000000008f000000| Untracked 
| 241|0x000000008f100000, 0x000000008f100000, 0x000000008f200000|  0%| F|  |TAMS 0x000000008f100000| PB 0x000000008f100000| Untracked 
| 242|0x000000008f200000, 0x000000008f200000, 0x000000008f300000|  0%| F|  |TAMS 0x000000008f200000| PB 0x000000008f200000| Untracked 
| 243|0x000000008f300000, 0x000000008f300000, 0x000000008f400000|  0%| F|  |TAMS 0x000000008f300000| PB 0x000000008f300000| Untracked 
| 244|0x000000008f400000, 0x000000008f400000, 0x000000008f500000|  0%| F|  |TAMS 0x000000008f400000| PB 0x000000008f400000| Untracked 
| 245|0x000000008f500000, 0x000000008f500000, 0x000000008f600000|  0%| F|  |TAMS 0x000000008f500000| PB 0x000000008f500000| Untracked 
| 246|0x000000008f600000, 0x000000008f600000, 0x000000008f700000|  0%| F|  |TAMS 0x000000008f600000| PB 0x000000008f600000| Untracked 
| 247|0x000000008f700000, 0x000000008f700000, 0x000000008f800000|  0%| F|  |TAMS 0x000000008f700000| PB 0x000000008f700000| Untracked 
| 248|0x000000008f800000, 0x000000008f800000, 0x000000008f900000|  0%| F|  |TAMS 0x000000008f800000| PB 0x000000008f800000| Untracked 
| 249|0x000000008f900000, 0x000000008f900000, 0x000000008fa00000|  0%| F|  |TAMS 0x000000008f900000| PB 0x000000008f900000| Untracked 
| 250|0x000000008fa00000, 0x000000008fa00000, 0x000000008fb00000|  0%| F|  |TAMS 0x000000008fa00000| PB 0x000000008fa00000| Untracked 
| 251|0x000000008fb00000, 0x000000008fb00000, 0x000000008fc00000|  0%| F|  |TAMS 0x000000008fb00000| PB 0x000000008fb00000| Untracked 
| 252|0x000000008fc00000, 0x000000008fc00000, 0x000000008fd00000|  0%| F|  |TAMS 0x000000008fc00000| PB 0x000000008fc00000| Untracked 
| 253|0x000000008fd00000, 0x000000008fd00000, 0x000000008fe00000|  0%| F|  |TAMS 0x000000008fd00000| PB 0x000000008fd00000| Untracked 
| 254|0x000000008fe00000, 0x000000008fe00000, 0x000000008ff00000|  0%| F|  |TAMS 0x000000008fe00000| PB 0x000000008fe00000| Untracked 
| 255|0x000000008ff00000, 0x000000008ff00000, 0x0000000090000000|  0%| F|  |TAMS 0x000000008ff00000| PB 0x000000008ff00000| Untracked 
| 256|0x0000000090000000, 0x0000000090000000, 0x0000000090100000|  0%| F|  |TAMS 0x0000000090000000| PB 0x0000000090000000| Untracked 
| 257|0x0000000090100000, 0x0000000090100000, 0x0000000090200000|  0%| F|  |TAMS 0x0000000090100000| PB 0x0000000090100000| Untracked 
| 258|0x0000000090200000, 0x0000000090200000, 0x0000000090300000|  0%| F|  |TAMS 0x0000000090200000| PB 0x0000000090200000| Untracked 
| 259|0x0000000090300000, 0x0000000090300000, 0x0000000090400000|  0%| F|  |TAMS 0x0000000090300000| PB 0x0000000090300000| Untracked 
| 260|0x0000000090400000, 0x0000000090400000, 0x0000000090500000|  0%| F|  |TAMS 0x0000000090400000| PB 0x0000000090400000| Untracked 
| 261|0x0000000090500000, 0x0000000090500000, 0x0000000090600000|  0%| F|  |TAMS 0x0000000090500000| PB 0x0000000090500000| Untracked 
| 262|0x0000000090600000, 0x0000000090600000, 0x0000000090700000|  0%| F|  |TAMS 0x0000000090600000| PB 0x0000000090600000| Untracked 
| 263|0x0000000090700000, 0x0000000090700000, 0x0000000090800000|  0%| F|  |TAMS 0x0000000090700000| PB 0x0000000090700000| Untracked 
| 264|0x0000000090800000, 0x0000000090800000, 0x0000000090900000|  0%| F|  |TAMS 0x0000000090800000| PB 0x0000000090800000| Untracked 
| 265|0x0000000090900000, 0x0000000090900000, 0x0000000090a00000|  0%| F|  |TAMS 0x0000000090900000| PB 0x0000000090900000| Untracked 
| 266|0x0000000090a00000, 0x0000000090a00000, 0x0000000090b00000|  0%| F|  |TAMS 0x0000000090a00000| PB 0x0000000090a00000| Untracked 
| 267|0x0000000090b00000, 0x0000000090b00000, 0x0000000090c00000|  0%| F|  |TAMS 0x0000000090b00000| PB 0x0000000090b00000| Untracked 
| 268|0x0000000090c00000, 0x0000000090c00000, 0x0000000090d00000|  0%| F|  |TAMS 0x0000000090c00000| PB 0x0000000090c00000| Untracked 
| 269|0x0000000090d00000, 0x0000000090d00000, 0x0000000090e00000|  0%| F|  |TAMS 0x0000000090d00000| PB 0x0000000090d00000| Untracked 
| 270|0x0000000090e00000, 0x0000000090e00000, 0x0000000090f00000|  0%| F|  |TAMS 0x0000000090e00000| PB 0x0000000090e00000| Untracked 
| 271|0x0000000090f00000, 0x0000000090f00000, 0x0000000091000000|  0%| F|  |TAMS 0x0000000090f00000| PB 0x0000000090f00000| Untracked 
| 272|0x0000000091000000, 0x0000000091000000, 0x0000000091100000|  0%| F|  |TAMS 0x0000000091000000| PB 0x0000000091000000| Untracked 
| 273|0x0000000091100000, 0x0000000091100000, 0x0000000091200000|  0%| F|  |TAMS 0x0000000091100000| PB 0x0000000091100000| Untracked 
| 274|0x0000000091200000, 0x0000000091200000, 0x0000000091300000|  0%| F|  |TAMS 0x0000000091200000| PB 0x0000000091200000| Untracked 
| 275|0x0000000091300000, 0x0000000091300000, 0x0000000091400000|  0%| F|  |TAMS 0x0000000091300000| PB 0x0000000091300000| Untracked 
| 276|0x0000000091400000, 0x0000000091400000, 0x0000000091500000|  0%| F|  |TAMS 0x0000000091400000| PB 0x0000000091400000| Untracked 
| 277|0x0000000091500000, 0x0000000091500000, 0x0000000091600000|  0%| F|  |TAMS 0x0000000091500000| PB 0x0000000091500000| Untracked 
| 278|0x0000000091600000, 0x0000000091600000, 0x0000000091700000|  0%| F|  |TAMS 0x0000000091600000| PB 0x0000000091600000| Untracked 
| 279|0x0000000091700000, 0x0000000091700000, 0x0000000091800000|  0%| F|  |TAMS 0x0000000091700000| PB 0x0000000091700000| Untracked 
| 280|0x0000000091800000, 0x0000000091800000, 0x0000000091900000|  0%| F|  |TAMS 0x0000000091800000| PB 0x0000000091800000| Untracked 
| 281|0x0000000091900000, 0x0000000091900000, 0x0000000091a00000|  0%| F|  |TAMS 0x0000000091900000| PB 0x0000000091900000| Untracked 
| 282|0x0000000091a00000, 0x0000000091a00000, 0x0000000091b00000|  0%| F|  |TAMS 0x0000000091a00000| PB 0x0000000091a00000| Untracked 
| 283|0x0000000091b00000, 0x0000000091b00000, 0x0000000091c00000|  0%| F|  |TAMS 0x0000000091b00000| PB 0x0000000091b00000| Untracked 
| 284|0x0000000091c00000, 0x0000000091c00000, 0x0000000091d00000|  0%| F|  |TAMS 0x0000000091c00000| PB 0x0000000091c00000| Untracked 
| 285|0x0000000091d00000, 0x0000000091d00000, 0x0000000091e00000|  0%| F|  |TAMS 0x0000000091d00000| PB 0x0000000091d00000| Untracked 
| 286|0x0000000091e00000, 0x0000000091e00000, 0x0000000091f00000|  0%| F|  |TAMS 0x0000000091e00000| PB 0x0000000091e00000| Untracked 
| 287|0x0000000091f00000, 0x0000000091f00000, 0x0000000092000000|  0%| F|  |TAMS 0x0000000091f00000| PB 0x0000000091f00000| Untracked 
| 288|0x0000000092000000, 0x0000000092000000, 0x0000000092100000|  0%| F|  |TAMS 0x0000000092000000| PB 0x0000000092000000| Untracked 
| 289|0x0000000092100000, 0x0000000092100000, 0x0000000092200000|  0%| F|  |TAMS 0x0000000092100000| PB 0x0000000092100000| Untracked 
| 290|0x0000000092200000, 0x0000000092200000, 0x0000000092300000|  0%| F|  |TAMS 0x0000000092200000| PB 0x0000000092200000| Untracked 
| 291|0x0000000092300000, 0x0000000092300000, 0x0000000092400000|  0%| F|  |TAMS 0x0000000092300000| PB 0x0000000092300000| Untracked 
| 292|0x0000000092400000, 0x0000000092400000, 0x0000000092500000|  0%| F|  |TAMS 0x0000000092400000| PB 0x0000000092400000| Untracked 
| 293|0x0000000092500000, 0x0000000092500000, 0x0000000092600000|  0%| F|  |TAMS 0x0000000092500000| PB 0x0000000092500000| Untracked 
| 294|0x0000000092600000, 0x0000000092600000, 0x0000000092700000|  0%| F|  |TAMS 0x0000000092600000| PB 0x0000000092600000| Untracked 
| 295|0x0000000092700000, 0x0000000092700000, 0x0000000092800000|  0%| F|  |TAMS 0x0000000092700000| PB 0x0000000092700000| Untracked 
| 296|0x0000000092800000, 0x0000000092800000, 0x0000000092900000|  0%| F|  |TAMS 0x0000000092800000| PB 0x0000000092800000| Untracked 
| 297|0x0000000092900000, 0x0000000092900000, 0x0000000092a00000|  0%| F|  |TAMS 0x0000000092900000| PB 0x0000000092900000| Untracked 
| 298|0x0000000092a00000, 0x0000000092a00000, 0x0000000092b00000|  0%| F|  |TAMS 0x0000000092a00000| PB 0x0000000092a00000| Untracked 
| 299|0x0000000092b00000, 0x0000000092b00000, 0x0000000092c00000|  0%| F|  |TAMS 0x0000000092b00000| PB 0x0000000092b00000| Untracked 
| 300|0x0000000092c00000, 0x0000000092c00000, 0x0000000092d00000|  0%| F|  |TAMS 0x0000000092c00000| PB 0x0000000092c00000| Untracked 
| 301|0x0000000092d00000, 0x0000000092d00000, 0x0000000092e00000|  0%| F|  |TAMS 0x0000000092d00000| PB 0x0000000092d00000| Untracked 
| 302|0x0000000092e00000, 0x0000000092e00000, 0x0000000092f00000|  0%| F|  |TAMS 0x0000000092e00000| PB 0x0000000092e00000| Untracked 
| 303|0x0000000092f00000, 0x0000000092f00000, 0x0000000093000000|  0%| F|  |TAMS 0x0000000092f00000| PB 0x0000000092f00000| Untracked 
| 304|0x0000000093000000, 0x0000000093000000, 0x0000000093100000|  0%| F|  |TAMS 0x0000000093000000| PB 0x0000000093000000| Untracked 
| 305|0x0000000093100000, 0x0000000093100000, 0x0000000093200000|  0%| F|  |TAMS 0x0000000093100000| PB 0x0000000093100000| Untracked 
| 306|0x0000000093200000, 0x0000000093200000, 0x0000000093300000|  0%| F|  |TAMS 0x0000000093200000| PB 0x0000000093200000| Untracked 
| 307|0x0000000093300000, 0x0000000093300000, 0x0000000093400000|  0%| F|  |TAMS 0x0000000093300000| PB 0x0000000093300000| Untracked 
| 308|0x0000000093400000, 0x0000000093400000, 0x0000000093500000|  0%| F|  |TAMS 0x0000000093400000| PB 0x0000000093400000| Untracked 
| 309|0x0000000093500000, 0x0000000093500000, 0x0000000093600000|  0%| F|  |TAMS 0x0000000093500000| PB 0x0000000093500000| Untracked 
|2036|0x00000000ff400000, 0x00000000ff500000, 0x00000000ff500000|100%| O|  |TAMS 0x00000000ff500000| PB 0x00000000ff400000| Untracked 
|2037|0x00000000ff500000, 0x00000000ff500000, 0x00000000ff600000|  0%| F|  |TAMS 0x00000000ff500000| PB 0x00000000ff500000| Untracked 
|2038|0x00000000ff600000, 0x00000000ff700000, 0x00000000ff700000|100%| O|  |TAMS 0x00000000ff700000| PB 0x00000000ff600000| Untracked 
|2039|0x00000000ff700000, 0x00000000ff800000, 0x00000000ff800000|100%| O|  |TAMS 0x00000000ff800000| PB 0x00000000ff700000| Untracked 
|2040|0x00000000ff800000, 0x00000000ff900000, 0x00000000ff900000|100%| O|  |TAMS 0x00000000ff900000| PB 0x00000000ff800000| Untracked 
|2041|0x00000000ff900000, 0x00000000ffa00000, 0x00000000ffa00000|100%| O|  |TAMS 0x00000000ffa00000| PB 0x00000000ff900000| Untracked 
|2042|0x00000000ffa00000, 0x00000000ffb00000, 0x00000000ffb00000|100%| O|  |TAMS 0x00000000ffb00000| PB 0x00000000ffa00000| Untracked 
|2043|0x00000000ffb00000, 0x00000000ffc00000, 0x00000000ffc00000|100%| O|  |TAMS 0x00000000ffc00000| PB 0x00000000ffb00000| Untracked 
|2044|0x00000000ffc00000, 0x00000000ffd00000, 0x00000000ffd00000|100%| O|  |TAMS 0x00000000ffd00000| PB 0x00000000ffc00000| Untracked 
|2045|0x00000000ffd00000, 0x00000000ffe00000, 0x00000000ffe00000|100%| O|  |TAMS 0x00000000ffe00000| PB 0x00000000ffd00000| Untracked 
|2046|0x00000000ffe00000, 0x00000000fff00000, 0x00000000fff00000|100%| O|  |TAMS 0x00000000fff00000| PB 0x00000000ffe00000| Untracked 
|2047|0x00000000fff00000, 0x0000000100000000, 0x0000000100000000|100%| O|  |TAMS 0x0000000100000000| PB 0x00000000fff00000| Untracked 

Card table byte_map: [0x0000026bc4140000,0x0000026bc4540000] _byte_map_base: 0x0000026bc3d40000

Marking Bits: (CMBitMap*) 0x0000026bb1902ac0
 Bits: [0x0000026bc4540000, 0x0000026bc6540000)

Polling page: 0x0000026bb1070000

Metaspace:

Usage:
  Non-class:    113.39 MB used.
      Class:     18.63 MB used.
       Both:    132.03 MB used.

Virtual space:
  Non-class space:      128.00 MB reserved,     114.50 MB ( 89%) committed,  2 nodes.
      Class space:        1.00 GB reserved,      19.69 MB (  2%) committed,  1 nodes.
             Both:        1.12 GB reserved,     134.19 MB ( 12%) committed. 

Chunk freelists:
   Non-Class:  13.17 MB
       Class:  12.30 MB
        Both:  25.47 MB

MaxMetaspaceSize: unlimited
CompressedClassSpaceSize: 1.00 GB
Initial GC threshold: 21.00 MB
Current GC threshold: 210.56 MB
CDS: off
 - commit_granule_bytes: 65536.
 - commit_granule_words: 8192.
 - virtual_space_node_default_size: 8388608.
 - enlarge_chunks_in_place: 1.
 - use_allocation_guard: 0.


Internal statistics:

num_allocs_failed_limit: 9.
num_arena_births: 4268.
num_arena_deaths: 4.
num_vsnodes_births: 3.
num_vsnodes_deaths: 0.
num_space_committed: 2146.
num_space_uncommitted: 0.
num_chunks_returned_to_freelist: 13.
num_chunks_taken_from_freelist: 9969.
num_chunk_merges: 6.
num_chunk_splits: 6585.
num_chunks_enlarged: 4255.
num_inconsistent_stats: 0.

CodeHeap 'non-profiled nmethods': size=120000Kb used=10322Kb max_used=10322Kb free=109677Kb
 bounds [0x0000026bbc4e0000, 0x0000026bbcf00000, 0x0000026bc3a10000]
CodeHeap 'profiled nmethods': size=120000Kb used=26877Kb max_used=26877Kb free=93122Kb
 bounds [0x0000026bb4a10000, 0x0000026bb6450000, 0x0000026bbbf40000]
CodeHeap 'non-nmethods': size=5760Kb used=2752Kb max_used=2835Kb free=3007Kb
 bounds [0x0000026bbbf40000, 0x0000026bbc220000, 0x0000026bbc4e0000]
CodeCache: size=245760Kb, used=39951Kb, max_used=40034Kb, free=205806Kb
 total_blobs=15940, nmethods=14917, adapters=926, full_count=0
Compilation: enabled, stopped_count=0, restarted_count=0

Compilation events (20 events):
Event: 15.736 Thread 0x0000026bc91fc120 nmethod 17915 0x0000026bb6449210 code [0x0000026bb64493c0, 0x0000026bb6449598]
Event: 15.736 Thread 0x0000026bc91fc120 17916       2       com.android.tools.r8.ir.regalloc.b::a (30 bytes)
Event: 15.736 Thread 0x0000026bc91fc120 nmethod 17916 0x0000026bb6449690 code [0x0000026bb6449840, 0x0000026bb64499b8]
Event: 15.736 Thread 0x0000026bc91fc120 17917       2       com.android.tools.r8.internal.Kc0$$Lambda/0x000000010135ae60::accept (11 bytes)
Event: 15.736 Thread 0x0000026bc91fc120 nmethod 17917 0x0000026bb6449a90 code [0x0000026bb6449c40, 0x0000026bb6449d78]
Event: 15.736 Thread 0x0000026bc91fc120 17913       2       com.android.tools.r8.internal.HB::g (124 bytes)
Event: 15.737 Thread 0x0000026bc91fc120 nmethod 17913 0x0000026bb6449e10 code [0x0000026bb644a0e0, 0x0000026bb644a798]
Event: 15.737 Thread 0x0000026bc91fc120 17919       2       com.android.tools.r8.graph.F3::b (716 bytes)
Event: 15.740 Thread 0x0000026bc91fc120 nmethod 17919 0x0000026bb644ad90 code [0x0000026bb644b360, 0x0000026bb644ca58]
Event: 15.740 Thread 0x0000026bc91fc120 17889       2       com.android.tools.r8.internal.b3::t (2 bytes)
Event: 15.740 Thread 0x0000026bc91fc120 nmethod 17889 0x0000026bb644d890 code [0x0000026bb644da20, 0x0000026bb644db28]
Event: 15.740 Thread 0x0000026bc91fc120 17920       2       com.android.tools.r8.ir.optimize.Z::a (56 bytes)
Event: 15.740 Thread 0x0000026bc91fc120 nmethod 17920 0x0000026bb644db90 code [0x0000026bb644dd60, 0x0000026bb644dfb8]
Event: 15.740 Thread 0x0000026bc91fc120 17909       2       com.android.tools.r8.ir.optimize.r::<init> (22 bytes)
Event: 15.741 Thread 0x0000026bc91fc120 nmethod 17909 0x0000026bb644e190 code [0x0000026bb644e380, 0x0000026bb644e930]
Event: 15.741 Thread 0x0000026bc91fc120 17898       2       com.android.tools.r8.ir.regalloc.b::b (89 bytes)
Event: 15.741 Thread 0x0000026bc91fc120 nmethod 17898 0x0000026bb644eb10 code [0x0000026bb644ed40, 0x0000026bb644f130]
Event: 15.741 Thread 0x0000026bc91fc120 17925       2       com.android.tools.r8.ir.regalloc.b$$Lambda/0x0000000101357918::<init> (10 bytes)
Event: 15.741 Thread 0x0000026bc91fc120 nmethod 17925 0x0000026bb644f410 code [0x0000026bb644f5a0, 0x0000026bb644f6f0]
Event: 15.741 Thread 0x0000026bc91fc120 17926       2       com.android.tools.r8.ir.regalloc.b$$Lambda/0x0000000101357ba0::<init> (10 bytes)

GC Heap History (20 events):
Event: 12.568 GC heap after
{Heap after GC invocations=43 (full 0):
 garbage-first heap   total 260096K, used 141312K [0x0000000080000000, 0x0000000100000000)
  region size 1024K, 6 young (6144K), 6 survivors (6144K)
 Metaspace       used 116227K, committed 118400K, reserved 1179648K
  class space    used 16139K, committed 17216K, reserved 1048576K
}
Event: 12.889 GC heap before
{Heap before GC invocations=43 (full 0):
 garbage-first heap   total 260096K, used 235520K [0x0000000080000000, 0x0000000100000000)
  region size 1024K, 99 young (101376K), 6 survivors (6144K)
 Metaspace       used 116443K, committed 118592K, reserved 1179648K
  class space    used 16176K, committed 17216K, reserved 1048576K
}
Event: 12.896 GC heap after
{Heap after GC invocations=44 (full 0):
 garbage-first heap   total 260096K, used 146319K [0x0000000080000000, 0x0000000100000000)
  region size 1024K, 11 young (11264K), 11 survivors (11264K)
 Metaspace       used 116443K, committed 118592K, reserved 1179648K
  class space    used 16176K, committed 17216K, reserved 1048576K
}
Event: 13.247 GC heap before
{Heap before GC invocations=45 (full 0):
 garbage-first heap   total 260096K, used 236431K [0x0000000080000000, 0x0000000100000000)
  region size 1024K, 100 young (102400K), 11 survivors (11264K)
 Metaspace       used 116544K, committed 118656K, reserved 1179648K
  class space    used 16181K, committed 17216K, reserved 1048576K
}
Event: 13.255 GC heap after
{Heap after GC invocations=46 (full 0):
 garbage-first heap   total 260096K, used 150294K [0x0000000080000000, 0x0000000100000000)
  region size 1024K, 8 young (8192K), 8 survivors (8192K)
 Metaspace       used 116544K, committed 118656K, reserved 1179648K
  class space    used 16181K, committed 17216K, reserved 1048576K
}
Event: 13.469 GC heap before
{Heap before GC invocations=46 (full 0):
 garbage-first heap   total 260096K, used 237334K [0x0000000080000000, 0x0000000100000000)
  region size 1024K, 94 young (96256K), 8 survivors (8192K)
 Metaspace       used 117356K, committed 119552K, reserved 1179648K
  class space    used 16335K, committed 17408K, reserved 1048576K
}
Event: 13.475 GC heap after
{Heap after GC invocations=47 (full 0):
 garbage-first heap   total 260096K, used 150032K [0x0000000080000000, 0x0000000100000000)
  region size 1024K, 6 young (6144K), 6 survivors (6144K)
 Metaspace       used 117356K, committed 119552K, reserved 1179648K
  class space    used 16335K, committed 17408K, reserved 1048576K
}
Event: 13.703 GC heap before
{Heap before GC invocations=47 (full 0):
 garbage-first heap   total 260096K, used 238096K [0x0000000080000000, 0x0000000100000000)
  region size 1024K, 93 young (95232K), 6 survivors (6144K)
 Metaspace       used 117926K, committed 120064K, reserved 1179648K
  class space    used 16398K, committed 17472K, reserved 1048576K
}
Event: 13.710 GC heap after
{Heap after GC invocations=48 (full 0):
 garbage-first heap   total 312320K, used 157076K [0x0000000080000000, 0x0000000100000000)
  region size 1024K, 12 young (12288K), 12 survivors (12288K)
 Metaspace       used 117926K, committed 120064K, reserved 1179648K
  class space    used 16398K, committed 17472K, reserved 1048576K
}
Event: 14.245 GC heap before
{Heap before GC invocations=49 (full 0):
 garbage-first heap   total 312320K, used 283028K [0x0000000080000000, 0x0000000100000000)
  region size 1024K, 132 young (135168K), 12 survivors (12288K)
 Metaspace       used 118559K, committed 120704K, reserved 1179648K
  class space    used 16475K, committed 17536K, reserved 1048576K
}
Event: 14.257 GC heap after
{Heap after GC invocations=50 (full 0):
 garbage-first heap   total 313344K, used 172660K [0x0000000080000000, 0x0000000100000000)
  region size 1024K, 17 young (17408K), 17 survivors (17408K)
 Metaspace       used 118559K, committed 120704K, reserved 1179648K
  class space    used 16475K, committed 17536K, reserved 1048576K
}
Event: 14.451 GC heap before
{Heap before GC invocations=50 (full 0):
 garbage-first heap   total 313344K, used 278132K [0x0000000080000000, 0x0000000100000000)
  region size 1024K, 121 young (123904K), 17 survivors (17408K)
 Metaspace       used 120448K, committed 122624K, reserved 1179648K
  class space    used 16732K, committed 17792K, reserved 1048576K
}
Event: 14.463 GC heap after
{Heap after GC invocations=51 (full 0):
 garbage-first heap   total 313344K, used 184116K [0x0000000080000000, 0x0000000100000000)
  region size 1024K, 14 young (14336K), 14 survivors (14336K)
 Metaspace       used 120448K, committed 122624K, reserved 1179648K
  class space    used 16732K, committed 17792K, reserved 1048576K
}
Event: 14.766 GC heap before
{Heap before GC invocations=51 (full 0):
 garbage-first heap   total 313344K, used 282420K [0x0000000080000000, 0x0000000100000000)
  region size 1024K, 111 young (113664K), 14 survivors (14336K)
 Metaspace       used 124552K, committed 126784K, reserved 1179648K
  class space    used 17353K, committed 18432K, reserved 1048576K
}
Event: 14.783 GC heap after
{Heap after GC invocations=52 (full 0):
 garbage-first heap   total 313344K, used 196972K [0x0000000080000000, 0x0000000100000000)
  region size 1024K, 14 young (14336K), 14 survivors (14336K)
 Metaspace       used 124552K, committed 126784K, reserved 1179648K
  class space    used 17353K, committed 18432K, reserved 1048576K
}
Event: 15.180 GC heap before
{Heap before GC invocations=53 (full 0):
 garbage-first heap   total 329728K, used 278892K [0x0000000080000000, 0x0000000100000000)
  region size 1024K, 95 young (97280K), 14 survivors (14336K)
 Metaspace       used 130193K, committed 132416K, reserved 1179648K
  class space    used 18331K, committed 19392K, reserved 1048576K
}
Event: 15.196 GC heap after
{Heap after GC invocations=54 (full 0):
 garbage-first heap   total 329728K, used 206983K [0x0000000080000000, 0x0000000100000000)
  region size 1024K, 10 young (10240K), 10 survivors (10240K)
 Metaspace       used 130193K, committed 132416K, reserved 1179648K
  class space    used 18331K, committed 19392K, reserved 1048576K
}
Event: 15.353 GC heap before
{Heap before GC invocations=54 (full 0):
 garbage-first heap   total 329728K, used 296071K [0x0000000080000000, 0x0000000100000000)
  region size 1024K, 97 young (99328K), 10 survivors (10240K)
 Metaspace       used 132749K, committed 134976K, reserved 1179648K
  class space    used 18762K, committed 19840K, reserved 1048576K
}
Event: 15.369 GC heap after
{Heap after GC invocations=55 (full 0):
 garbage-first heap   total 329728K, used 217058K [0x0000000080000000, 0x0000000100000000)
  region size 1024K, 13 young (13312K), 13 survivors (13312K)
 Metaspace       used 132749K, committed 134976K, reserved 1179648K
  class space    used 18762K, committed 19840K, reserved 1048576K
}
Event: 15.741 GC heap before
{Heap before GC invocations=55 (full 0):
 garbage-first heap   total 329728K, used 297954K [0x0000000080000000, 0x0000000100000000)
  region size 1024K, 93 young (95232K), 13 survivors (13312K)
 Metaspace       used 135193K, committed 137408K, reserved 1179648K
  class space    used 19078K, committed 20160K, reserved 1048576K
}

Dll operation events (3 events):
Event: 0.012 Loaded shared library C:\Program Files\Android\Android Studio\jbr\bin\java.dll
Event: 0.019 Loaded shared library C:\Program Files\Android\Android Studio\jbr\bin\zip.dll
Event: 0.532 Loaded shared library C:\Program Files\Android\Android Studio\jbr\bin\verify.dll

Deoptimization events (20 events):
Event: 15.729 Thread 0x0000026bd592d6a0 Uncommon trap: trap_request=0xffffff66 fr.pc=0x0000026bbced5194 relative=0x00000000000001b4
Event: 15.729 Thread 0x0000026bd592d6a0 Uncommon trap: reason=speculate_class_check action=maybe_recompile pc=0x0000026bbced5194 method=com.android.tools.r8.internal.Tk0.C()Z @ 1 c2
Event: 15.729 Thread 0x0000026bd592d6a0 DEOPT PACKING pc=0x0000026bbced5194 sp=0x000000e1d7bfc1d0
Event: 15.729 Thread 0x0000026bd592d6a0 DEOPT UNPACKING pc=0x0000026bbbf943a2 sp=0x000000e1d7bfc050 mode 2
Event: 15.739 Thread 0x0000026bd592d6a0 Uncommon trap: trap_request=0xffffffde fr.pc=0x0000026bbcecff80 relative=0x00000000000000c0
Event: 15.739 Thread 0x0000026bd592d6a0 Uncommon trap: reason=class_check action=maybe_recompile pc=0x0000026bbcecff80 method=com.android.tools.r8.internal.Lw.I2()Lcom/android/tools/r8/internal/hn0; @ 4 c2
Event: 15.739 Thread 0x0000026bd592d6a0 DEOPT PACKING pc=0x0000026bbcecff80 sp=0x000000e1d7bfc1f0
Event: 15.739 Thread 0x0000026bd592d6a0 DEOPT UNPACKING pc=0x0000026bbbf943a2 sp=0x000000e1d7bfc180 mode 2
Event: 15.739 Thread 0x0000026bd592d6a0 Uncommon trap: trap_request=0xffffffde fr.pc=0x0000026bbcecff80 relative=0x00000000000000c0
Event: 15.739 Thread 0x0000026bd592d6a0 Uncommon trap: reason=class_check action=maybe_recompile pc=0x0000026bbcecff80 method=com.android.tools.r8.internal.Lw.I2()Lcom/android/tools/r8/internal/hn0; @ 4 c2
Event: 15.739 Thread 0x0000026bd592d6a0 DEOPT PACKING pc=0x0000026bbcecff80 sp=0x000000e1d7bfc1f0
Event: 15.739 Thread 0x0000026bd592d6a0 DEOPT UNPACKING pc=0x0000026bbbf943a2 sp=0x000000e1d7bfc180 mode 2
Event: 15.740 Thread 0x0000026bd592d6a0 Uncommon trap: trap_request=0xffffff66 fr.pc=0x0000026bbcecff94 relative=0x00000000000000d4
Event: 15.740 Thread 0x0000026bd592d6a0 Uncommon trap: reason=speculate_class_check action=maybe_recompile pc=0x0000026bbcecff94 method=com.android.tools.r8.internal.Tk0.C()Z @ 1 c2
Event: 15.740 Thread 0x0000026bd592d6a0 DEOPT PACKING pc=0x0000026bbcecff94 sp=0x000000e1d7bfc1f0
Event: 15.740 Thread 0x0000026bd592d6a0 DEOPT UNPACKING pc=0x0000026bbbf943a2 sp=0x000000e1d7bfc060 mode 2
Event: 15.740 Thread 0x0000026bd592d6a0 Uncommon trap: trap_request=0xffffff66 fr.pc=0x0000026bbcecff94 relative=0x00000000000000d4
Event: 15.740 Thread 0x0000026bd592d6a0 Uncommon trap: reason=speculate_class_check action=maybe_recompile pc=0x0000026bbcecff94 method=com.android.tools.r8.internal.Tk0.C()Z @ 1 c2
Event: 15.740 Thread 0x0000026bd592d6a0 DEOPT PACKING pc=0x0000026bbcecff94 sp=0x000000e1d7bfc1f0
Event: 15.740 Thread 0x0000026bd592d6a0 DEOPT UNPACKING pc=0x0000026bbbf943a2 sp=0x000000e1d7bfc060 mode 2

Classes loaded (20 events):
Event: 15.309 Loading class java/util/IdentityHashMap$EntrySet
Event: 15.309 Loading class java/util/IdentityHashMap$EntrySet done
Event: 15.309 Loading class java/util/IdentityHashMap$EntrySpliterator
Event: 15.309 Loading class java/util/IdentityHashMap$IdentityHashMapSpliterator
Event: 15.309 Loading class java/util/IdentityHashMap$IdentityHashMapSpliterator done
Event: 15.309 Loading class java/util/IdentityHashMap$EntrySpliterator done
Event: 15.322 Loading class java/util/SortedSet$1
Event: 15.322 Loading class java/util/SortedSet$1 done
Event: 15.326 Loading class java/util/stream/SliceOps
Event: 15.327 Loading class java/util/stream/SliceOps done
Event: 15.327 Loading class java/util/stream/SliceOps$1
Event: 15.327 Loading class java/util/stream/SliceOps$1 done
Event: 15.330 Loading class java/util/stream/SliceOps$1$1
Event: 15.330 Loading class java/util/stream/SliceOps$1$1 done
Event: 15.340 Loading class java/util/IdentityHashMap$ValueIterator
Event: 15.340 Loading class java/util/IdentityHashMap$ValueIterator done
Event: 15.439 Loading class java/util/AbstractList$SubList
Event: 15.439 Loading class java/util/AbstractList$SubList done
Event: 15.439 Loading class java/util/AbstractList$SubList$1
Event: 15.439 Loading class java/util/AbstractList$SubList$1 done

Classes unloaded (2 events):
Event: 13.032 Thread 0x0000026bc9133620 Unloading class 0x00000001010b0400 'java/lang/invoke/LambdaForm$DMH+0x00000001010b0400'
Event: 13.032 Thread 0x0000026bc9133620 Unloading class 0x00000001010b0800 'java/lang/invoke/LambdaForm$DMH+0x00000001010b0800'

Classes redefined (0 events):
No events

Internal exceptions (20 events):
Event: 15.697 Thread 0x0000026bd5930490 Exception <a 'sun/nio/fs/WindowsException'{0x000000008f184980}> (0x000000008f184980) 
thrown [s\src\hotspot\share\prims\jni.cpp, line 537]
Event: 15.698 Thread 0x0000026bd5930490 Exception <a 'sun/nio/fs/WindowsException'{0x000000008f18bb98}> (0x000000008f18bb98) 
thrown [s\src\hotspot\share\prims\jni.cpp, line 537]
Event: 15.698 Thread 0x0000026bd5930490 Exception <a 'sun/nio/fs/WindowsException'{0x000000008f192390}> (0x000000008f192390) 
thrown [s\src\hotspot\share\prims\jni.cpp, line 537]
Event: 15.698 Thread 0x0000026bd5930490 Exception <a 'sun/nio/fs/WindowsException'{0x000000008f199f80}> (0x000000008f199f80) 
thrown [s\src\hotspot\share\prims\jni.cpp, line 537]
Event: 15.699 Thread 0x0000026bd5930490 Exception <a 'sun/nio/fs/WindowsException'{0x000000008f1a0438}> (0x000000008f1a0438) 
thrown [s\src\hotspot\share\prims\jni.cpp, line 537]
Event: 15.699 Thread 0x0000026bd5930490 Exception <a 'sun/nio/fs/WindowsException'{0x000000008f003d00}> (0x000000008f003d00) 
thrown [s\src\hotspot\share\prims\jni.cpp, line 537]
Event: 15.700 Thread 0x0000026bd5930490 Exception <a 'sun/nio/fs/WindowsException'{0x000000008f013388}> (0x000000008f013388) 
thrown [s\src\hotspot\share\prims\jni.cpp, line 537]
Event: 15.700 Thread 0x0000026bd5930490 Exception <a 'sun/nio/fs/WindowsException'{0x000000008f01a4b8}> (0x000000008f01a4b8) 
thrown [s\src\hotspot\share\prims\jni.cpp, line 537]
Event: 15.702 Thread 0x0000026bd5930490 Exception <a 'sun/nio/fs/WindowsException'{0x000000008f0b5288}> (0x000000008f0b5288) 
thrown [s\src\hotspot\share\prims\jni.cpp, line 537]
Event: 15.702 Thread 0x0000026bd5930490 Exception <a 'sun/nio/fs/WindowsException'{0x000000008f0bb510}> (0x000000008f0bb510) 
thrown [s\src\hotspot\share\prims\jni.cpp, line 537]
Event: 15.703 Thread 0x0000026bd5930490 Exception <a 'sun/nio/fs/WindowsException'{0x000000008f0db518}> (0x000000008f0db518) 
thrown [s\src\hotspot\share\prims\jni.cpp, line 537]
Event: 15.706 Thread 0x0000026bd5930490 Exception <a 'sun/nio/fs/WindowsException'{0x000000008efdcb58}> (0x000000008efdcb58) 
thrown [s\src\hotspot\share\prims\jni.cpp, line 537]
Event: 15.707 Thread 0x0000026bd5930490 Exception <a 'sun/nio/fs/WindowsException'{0x000000008efe46e8}> (0x000000008efe46e8) 
thrown [s\src\hotspot\share\prims\jni.cpp, line 537]
Event: 15.708 Thread 0x0000026bd5930490 Exception <a 'sun/nio/fs/WindowsException'{0x000000008eff4370}> (0x000000008eff4370) 
thrown [s\src\hotspot\share\prims\jni.cpp, line 537]
Event: 15.710 Thread 0x0000026bd592c2f0 Exception <a 'sun/nio/fs/WindowsException'{0x000000008ee44bf0}> (0x000000008ee44bf0) 
thrown [s\src\hotspot\share\prims\jni.cpp, line 537]
Event: 15.712 Thread 0x0000026bd592c2f0 Exception <a 'sun/nio/fs/WindowsException'{0x000000008ee50dc0}> (0x000000008ee50dc0) 
thrown [s\src\hotspot\share\prims\jni.cpp, line 537]
Event: 15.712 Thread 0x0000026bd592c2f0 Exception <a 'sun/nio/fs/WindowsException'{0x000000008ee58990}> (0x000000008ee58990) 
thrown [s\src\hotspot\share\prims\jni.cpp, line 537]
Event: 15.733 Thread 0x0000026bd5932bf0 Exception <a 'sun/nio/fs/WindowsException'{0x000000008e914a90}> (0x000000008e914a90) 
thrown [s\src\hotspot\share\prims\jni.cpp, line 537]
Event: 15.739 Thread 0x0000026bd592d6a0 Exception <a 'sun/nio/fs/WindowsException'{0x000000008e8ab468}> (0x000000008e8ab468) 
thrown [s\src\hotspot\share\prims\jni.cpp, line 537]
Event: 15.740 Thread 0x0000026bd592d6a0 Exception <a 'sun/nio/fs/WindowsException'{0x000000008e8b40e0}> (0x000000008e8b40e0) 
thrown [s\src\hotspot\share\prims\jni.cpp, line 537]

ZGC Phase Switch (0 events):
No events

VM Operations (20 events):
Event: 15.539 Executing safepoint VM operation: ICBufferFull done
Event: 15.539 Executing safepoint VM operation: ICBufferFull
Event: 15.539 Executing safepoint VM operation: ICBufferFull done
Event: 15.539 Executing safepoint VM operation: ICBufferFull
Event: 15.539 Executing safepoint VM operation: ICBufferFull done
Event: 15.539 Executing safepoint VM operation: ICBufferFull
Event: 15.539 Executing safepoint VM operation: ICBufferFull done
Event: 15.543 Executing safepoint VM operation: ICBufferFull
Event: 15.543 Executing safepoint VM operation: ICBufferFull done
Event: 15.605 Executing safepoint VM operation: ICBufferFull
Event: 15.616 Executing safepoint VM operation: ICBufferFull done
Event: 15.622 Executing non-safepoint VM operation: HandshakeAllThreads (Deoptimize)
Event: 15.622 Executing non-safepoint VM operation: HandshakeAllThreads (Deoptimize) done
Event: 15.665 Executing non-safepoint VM operation: HandshakeAllThreads (Deoptimize)
Event: 15.678 Executing non-safepoint VM operation: HandshakeAllThreads (Deoptimize) done
Event: 15.680 Executing safepoint VM operation: ICBufferFull
Event: 15.680 Executing safepoint VM operation: ICBufferFull done
Event: 15.711 Executing non-safepoint VM operation: HandshakeAllThreads (Deoptimize)
Event: 15.725 Executing non-safepoint VM operation: HandshakeAllThreads (Deoptimize) done
Event: 15.741 Executing safepoint VM operation: G1CollectForAllocation (G1 Evacuation Pause)

Memory protections (0 events):
No events

Nmethod flushes (20 events):
Event: 14.952 Thread 0x0000026bc9133620 flushing  nmethod 0x0000026bb4dda410
Event: 14.952 Thread 0x0000026bc9133620 flushing  nmethod 0x0000026bb4ddbc90
Event: 14.952 Thread 0x0000026bc9133620 flushing  nmethod 0x0000026bb4ddbf90
Event: 14.952 Thread 0x0000026bc9133620 flushing  nmethod 0x0000026bb4ddcc10
Event: 14.952 Thread 0x0000026bc9133620 flushing  nmethod 0x0000026bb4e3c890
Event: 14.952 Thread 0x0000026bc9133620 flushing  nmethod 0x0000026bb4ed0510
Event: 14.952 Thread 0x0000026bc9133620 flushing  nmethod 0x0000026bb5326a10
Event: 14.952 Thread 0x0000026bc9133620 flushing  nmethod 0x0000026bb54dde90
Event: 14.952 Thread 0x0000026bc9133620 flushing  nmethod 0x0000026bb54df010
Event: 14.952 Thread 0x0000026bc9133620 flushing  nmethod 0x0000026bb54e0410
Event: 14.952 Thread 0x0000026bc9133620 flushing  nmethod 0x0000026bb54e1c90
Event: 14.952 Thread 0x0000026bc9133620 flushing  nmethod 0x0000026bb559df10
Event: 14.952 Thread 0x0000026bc9133620 flushing  nmethod 0x0000026bb5603910
Event: 14.952 Thread 0x0000026bc9133620 flushing  nmethod 0x0000026bb5678990
Event: 14.952 Thread 0x0000026bc9133620 flushing  nmethod 0x0000026bb56c6710
Event: 14.952 Thread 0x0000026bc9133620 flushing  nmethod 0x0000026bb5e92d90
Event: 14.952 Thread 0x0000026bc9133620 flushing  nmethod 0x0000026bb5eea690
Event: 14.952 Thread 0x0000026bc9133620 flushing  nmethod 0x0000026bb5eecf90
Event: 14.952 Thread 0x0000026bc9133620 flushing  nmethod 0x0000026bb5f2a390
Event: 14.952 Thread 0x0000026bc9133620 flushing  nmethod 0x0000026bb5f2c910

Events (20 events):
Event: 12.438 Thread 0x0000026bc93cbc20 Thread added: 0x0000026bd68cfd00
Event: 12.438 Thread 0x0000026bc93cbc20 Thread added: 0x0000026bd4403410
Event: 12.492 Thread 0x0000026bc93cbc20 Thread added: 0x0000026bd44026f0
Event: 12.492 Thread 0x0000026bc93cbc20 Thread added: 0x0000026bd44047c0
Event: 12.492 Thread 0x0000026bc93cbc20 Thread added: 0x0000026bd44054e0
Event: 12.493 Thread 0x0000026bc93cbc20 Thread added: 0x0000026bd4402d80
Event: 12.493 Thread 0x0000026bc93cbc20 Thread added: 0x0000026bd4404130
Event: 12.493 Thread 0x0000026bc93cbc20 Thread added: 0x0000026bd4402060
Event: 12.493 Thread 0x0000026bc93cbc20 Thread added: 0x0000026bd4403aa0
Event: 12.585 Thread 0x0000026bc93cbc20 Thread added: 0x0000026bd68c8d70
Event: 12.592 Thread 0x0000026bc93cbc20 Thread added: 0x0000026bd51b2940
Event: 13.321 Thread 0x0000026bc93caf00 Thread added: 0x0000026bd51b1590
Event: 14.285 Thread 0x0000026bc93cd660 Thread added: 0x0000026bd592d6a0
Event: 14.285 Thread 0x0000026bc93cd660 Thread added: 0x0000026bd592c2f0
Event: 14.286 Thread 0x0000026bc93cd660 Thread added: 0x0000026bd5930490
Event: 14.287 Thread 0x0000026bc93cd660 Thread added: 0x0000026bd5932bf0
Event: 14.294 Thread 0x0000026bc93cd660 Thread added: 0x0000026bd592f0e0
Event: 14.295 Thread 0x0000026bc93cd660 Thread added: 0x0000026bd592bc60
Event: 14.295 Thread 0x0000026bc93cd660 Thread added: 0x0000026bd592e3c0
Event: 14.298 Thread 0x0000026bc93cd660 Thread added: 0x0000026bd592c980


Dynamic libraries:
0x00007ff64b080000 - 0x00007ff64b08a000 	C:\Program Files\Android\Android Studio\jbr\bin\java.exe
0x00007ffe14d10000 - 0x00007ffe14f28000 	C:\Windows\SYSTEM32\ntdll.dll
0x00007ffe14430000 - 0x00007ffe144f4000 	C:\Windows\System32\KERNEL32.DLL
0x00007ffe11ea0000 - 0x00007ffe12273000 	C:\Windows\System32\KERNELBASE.dll
0x00007ffe127a0000 - 0x00007ffe128b1000 	C:\Windows\System32\ucrtbase.dll
0x00007ffdec8f0000 - 0x00007ffdec90b000 	C:\Program Files\Android\Android Studio\jbr\bin\VCRUNTIME140.dll
0x00007ffded510000 - 0x00007ffded528000 	C:\Program Files\Android\Android Studio\jbr\bin\jli.dll
0x00007ffe14960000 - 0x00007ffe14b12000 	C:\Windows\System32\USER32.dll
0x00007ffe02ad0000 - 0x00007ffe02d6c000 	C:\Windows\WinSxS\amd64_microsoft.windows.common-controls_6595b64144ccf1df_6.0.22621.6060_none_2712eda17382d24b\COMCTL32.dll
0x00007ffe128c0000 - 0x00007ffe128e6000 	C:\Windows\System32\win32u.dll
0x00007ffe12be0000 - 0x00007ffe12c87000 	C:\Windows\System32\msvcrt.dll
0x00007ffe14c80000 - 0x00007ffe14ca9000 	C:\Windows\System32\GDI32.dll
0x00007ffe12510000 - 0x00007ffe1262b000 	C:\Windows\System32\gdi32full.dll
0x00007ffe12280000 - 0x00007ffe1231a000 	C:\Windows\System32\msvcp_win.dll
0x00007ffe138e0000 - 0x00007ffe13911000 	C:\Windows\System32\IMM32.DLL
0x00007ffdec8e0000 - 0x00007ffdec8ec000 	C:\Program Files\Android\Android Studio\jbr\bin\vcruntime140_1.dll
0x00007ffdd96c0000 - 0x00007ffdd974d000 	C:\Program Files\Android\Android Studio\jbr\bin\msvcp140.dll
0x00007ffdd9ed0000 - 0x00007ffddab66000 	C:\Program Files\Android\Android Studio\jbr\bin\server\jvm.dll
0x00007ffe12e60000 - 0x00007ffe12f11000 	C:\Windows\System32\ADVAPI32.dll
0x00007ffe148b0000 - 0x00007ffe14958000 	C:\Windows\System32\sechost.dll
0x00007ffe12770000 - 0x00007ffe12798000 	C:\Windows\System32\bcrypt.dll
0x00007ffe129b0000 - 0x00007ffe12ac8000 	C:\Windows\System32\RPCRT4.dll
0x00007ffe143b0000 - 0x00007ffe14421000 	C:\Windows\System32\WS2_32.dll
0x00007ffe11cf0000 - 0x00007ffe11d3d000 	C:\Windows\SYSTEM32\POWRPROF.dll
0x00007ffe0b8a0000 - 0x00007ffe0b8aa000 	C:\Windows\SYSTEM32\VERSION.dll
0x00007ffe0a830000 - 0x00007ffe0a864000 	C:\Windows\SYSTEM32\WINMM.dll
0x00007ffe11cd0000 - 0x00007ffe11ce3000 	C:\Windows\SYSTEM32\UMPDC.dll
0x00007ffe10e00000 - 0x00007ffe10e18000 	C:\Windows\SYSTEM32\kernel.appcore.dll
0x00007ffdec8d0000 - 0x00007ffdec8da000 	C:\Program Files\Android\Android Studio\jbr\bin\jimage.dll
0x00007ffe02890000 - 0x00007ffe02ac3000 	C:\Windows\SYSTEM32\DBGHELP.DLL
0x00007ffe13540000 - 0x00007ffe138d1000 	C:\Windows\System32\combase.dll
0x00007ffe14500000 - 0x00007ffe145d8000 	C:\Windows\System32\OLEAUT32.dll
0x00007ffdf79b0000 - 0x00007ffdf79e2000 	C:\Windows\SYSTEM32\dbgcore.DLL
0x00007ffe11e20000 - 0x00007ffe11e9b000 	C:\Windows\System32\bcryptPrimitives.dll
0x00007ffe0df90000 - 0x00007ffe0df9e000 	C:\Program Files\Android\Android Studio\jbr\bin\instrument.dll
0x00007ffdec100000 - 0x00007ffdec120000 	C:\Program Files\Android\Android Studio\jbr\bin\java.dll
0x00007ffdd9eb0000 - 0x00007ffdd9ec8000 	C:\Program Files\Android\Android Studio\jbr\bin\zip.dll
0x00007ffe13a90000 - 0x00007ffe1432c000 	C:\Windows\System32\SHELL32.dll
0x00007ffe12630000 - 0x00007ffe1276f000 	C:\Windows\System32\wintypes.dll
0x00007ffe0fd20000 - 0x00007ffe1063a000 	C:\Windows\SYSTEM32\windows.storage.dll
0x00007ffe12ad0000 - 0x00007ffe12bd4000 	C:\Windows\System32\SHCORE.dll
0x00007ffe12f30000 - 0x00007ffe12f99000 	C:\Windows\System32\shlwapi.dll
0x00007ffe11d50000 - 0x00007ffe11d75000 	C:\Windows\SYSTEM32\profapi.dll
0x00007ffddbd80000 - 0x00007ffddbd90000 	C:\Program Files\Android\Android Studio\jbr\bin\net.dll
0x00007ffe0c370000 - 0x00007ffe0c49c000 	C:\Windows\SYSTEM32\WINHTTP.dll
0x00007ffe112e0000 - 0x00007ffe11349000 	C:\Windows\system32\mswsock.dll
0x00007ffdd9e90000 - 0x00007ffdd9ea6000 	C:\Program Files\Android\Android Studio\jbr\bin\nio.dll
0x00007ffdec910000 - 0x00007ffdec920000 	C:\Program Files\Android\Android Studio\jbr\bin\verify.dll
0x00007ffdf14d0000 - 0x00007ffdf14f7000 	C:\Users\Annu pc\.gradle\native\c067742578af261105cb4f569cf0c3c89f3d7b1fecec35dd04571415982c5e48\windows-amd64\native-platform.dll
0x00007ffdd6f90000 - 0x00007ffdd70d4000 	C:\Users\Annu pc\.gradle\native\38dada09dfb8b06ba9b0570ebf7e218e3eb74d4ef43ca46872605cf95ebc2f47\windows-amd64\native-platform-file-events.dll
0x00007ffdd9a10000 - 0x00007ffdd9a19000 	C:\Program Files\Android\Android Studio\jbr\bin\management.dll
0x00007ffdd9a00000 - 0x00007ffdd9a0b000 	C:\Program Files\Android\Android Studio\jbr\bin\management_ext.dll
0x00007ffe14cb0000 - 0x00007ffe14cb8000 	C:\Windows\System32\PSAPI.DLL
0x00007ffe11540000 - 0x00007ffe1155b000 	C:\Windows\SYSTEM32\CRYPTSP.dll
0x00007ffe10d60000 - 0x00007ffe10d97000 	C:\Windows\system32\rsaenh.dll
0x00007ffe113d0000 - 0x00007ffe113f8000 	C:\Windows\SYSTEM32\USERENV.dll
0x00007ffe11530000 - 0x00007ffe1153c000 	C:\Windows\SYSTEM32\CRYPTBASE.dll
0x00007ffe108a0000 - 0x00007ffe108cd000 	C:\Windows\SYSTEM32\IPHLPAPI.DLL
0x00007ffe145e0000 - 0x00007ffe145e9000 	C:\Windows\System32\NSI.dll
0x00007ffdd9a70000 - 0x00007ffdd9a79000 	C:\Program Files\Android\Android Studio\jbr\bin\extnet.dll
0x00007ffdef660000 - 0x00007ffdef668000 	C:\Windows\system32\wshunix.dll
0x00007ffdf3480000 - 0x00007ffdf3497000 	C:\Windows\system32\napinsp.dll
0x00007ffd9dbf0000 - 0x00007ffd9dc0b000 	C:\Windows\system32\pnrpnsp.dll
0x00007ffe10910000 - 0x00007ffe10a08000 	C:\Windows\SYSTEM32\DNSAPI.dll
0x00007ffd9d380000 - 0x00007ffd9d391000 	C:\Windows\System32\winrnr.dll
0x00007ffdf3410000 - 0x00007ffdf3425000 	C:\Windows\system32\wshbth.dll
0x00007ffddbe10000 - 0x00007ffddbe31000 	C:\Windows\system32\nlansp_c.dll
0x00007ffe09670000 - 0x00007ffe0967a000 	C:\Windows\System32\rasadhlp.dll
0x00007ffe0b5c0000 - 0x00007ffe0b644000 	C:\Windows\System32\fwpuclnt.dll

JVMTI agents:
C:\Users\Annu pc\.gradle\wrapper\dists\gradle-8.7-bin\bhs2wmbdwecv87pi65oeuq5iu\gradle-8.7\lib\agents\gradle-instrumentation-agent-8.7.jar path:C:\Program Files\Android\Android Studio\jbr\bin\instrument.dll, loaded, initialized, instrumentlib options:none

dbghelp: loaded successfully - version: 4.0.5 - missing functions: none
symbol engine: initialized successfully - sym options: 0x614 - pdb path: .;C:\Program Files\Android\Android Studio\jbr\bin;C:\Windows\SYSTEM32;C:\Windows\WinSxS\amd64_microsoft.windows.common-controls_6595b64144ccf1df_6.0.22621.6060_none_2712eda17382d24b;C:\Program Files\Android\Android Studio\jbr\bin\server;C:\Users\Annu pc\.gradle\native\c067742578af261105cb4f569cf0c3c89f3d7b1fecec35dd04571415982c5e48\windows-amd64;C:\Users\Annu pc\.gradle\native\38dada09dfb8b06ba9b0570ebf7e218e3eb74d4ef43ca46872605cf95ebc2f47\windows-amd64

VM Arguments:
jvm_args: --add-opens=java.base/java.util=ALL-UNNAMED --add-opens=java.base/java.lang=ALL-UNNAMED --add-opens=java.base/java.lang.invoke=ALL-UNNAMED --add-opens=java.prefs/java.util.prefs=ALL-UNNAMED --add-opens=java.base/java.nio.charset=ALL-UNNAMED --add-opens=java.base/java.net=ALL-UNNAMED --add-opens=java.base/java.util.concurrent.atomic=ALL-UNNAMED -Xmx2048m -Dfile.encoding=UTF-8 -Duser.country=US -Duser.language=en -Duser.variant -javaagent:C:\Users\Annu pc\.gradle\wrapper\dists\gradle-8.7-bin\bhs2wmbdwecv87pi65oeuq5iu\gradle-8.7\lib\agents\gradle-instrumentation-agent-8.7.jar 
java_command: org.gradle.launcher.daemon.bootstrap.GradleDaemon 8.7
java_class_path (initial): C:\Users\Annu pc\.gradle\wrapper\dists\gradle-8.7-bin\bhs2wmbdwecv87pi65oeuq5iu\gradle-8.7\lib\gradle-launcher-8.7.jar
Launcher Type: SUN_STANDARD

[Global flags]
     intx CICompilerCount                          = 4                                         {product} {ergonomic}
     uint ConcGCThreads                            = 2                                         {product} {ergonomic}
     uint G1ConcRefinementThreads                  = 8                                         {product} {ergonomic}
   size_t G1HeapRegionSize                         = 1048576                                   {product} {ergonomic}
    uintx GCDrainStackTargetSize                   = 64                                        {product} {ergonomic}
   size_t InitialHeapSize                          = 268435456                                 {product} {ergonomic}
   size_t MarkStackSize                            = 4194304                                   {product} {ergonomic}
   size_t MaxHeapSize                              = 2147483648                                {product} {command line}
   size_t MaxNewSize                               = 1287651328                                {product} {ergonomic}
   size_t MinHeapDeltaBytes                        = 1048576                                   {product} {ergonomic}
   size_t MinHeapSize                              = 8388608                                   {product} {ergonomic}
    uintx NonNMethodCodeHeapSize                   = 5839372                                {pd product} {ergonomic}
    uintx NonProfiledCodeHeapSize                  = 122909434                              {pd product} {ergonomic}
    uintx ProfiledCodeHeapSize                     = 122909434                              {pd product} {ergonomic}
    uintx ReservedCodeCacheSize                    = 251658240                              {pd product} {ergonomic}
     bool SegmentedCodeCache                       = true                                      {product} {ergonomic}
   size_t SoftMaxHeapSize                          = 2147483648                             {manageable} {ergonomic}
     bool UseCompressedOops                        = true                           {product lp64_product} {ergonomic}
     bool UseG1GC                                  = true                                      {product} {ergonomic}
     bool UseLargePagesIndividualAllocation        = false                                  {pd product} {ergonomic}

Logging:
Log output configuration:
 #0: stdout all=warning uptime,level,tags foldmultilines=false
 #1: stderr all=off uptime,level,tags foldmultilines=false

Release file:
JAVA_VERSION="21.0.10" 
MODULES="java.base java.compiler java.datatransfer java.xml java.prefs java.desktop java.instrument java.logging java.management java.security.sasl java.naming java.rmi java.management.rmi java.net.http java.scripting java.security.jgss java.transaction.xa java.sql java.sql.rowset java.xml.crypto java.se java.smartcardio jdk.accessibility jdk.internal.jvmstat jdk.attach jdk.charsets jdk.internal.opt jdk.zipfs jdk.compiler jdk.crypto.ec jdk.crypto.cryptoki jdk.dynalink jdk.hotspot.agent jdk.httpserver jdk.internal.ed jdk.internal.le jdk.internal.vm.ci jdk.jartool jdk.javadoc jdk.jcmd jdk.jdeps jdk.jdwp.agent jdk.jdi jdk.jfr jdk.jlink jdk.jsobject jdk.localedata jdk.management jdk.management.agent jdk.management.jfr jdk.naming.dns jdk.naming.rmi jdk.net jdk.sctp jdk.security.auth jdk.security.jgss jdk.unsupported jdk.unsupported.desktop jdk.xml.dom" 
IMPLEMENTOR="JetBrains s.r.o." 
JAVA_RUNTIME_VERSION="21.0.10+-14961533-b1163.108" 
LIBC="default" 
OS_ARCH="x86_64" 
OS_NAME="Windows" 
SOURCE=".:git:1351622c2ff2" 

Environment Variables:
JAVA_HOME=C:\Program Files\Eclipse Adoptium\jdk-17.0.18.8-hotspot
PATH=C:\Program Files\Eclipse Adoptium\jdk-17.0.18.8-hotspot\bin;C:\Program Files\Eclipse Adoptium\jdk-25.0.2.10-hotspot\bin;C:\Program Files\Common Files\Oracle\Java\javapath;C:\Windows\system32;C:\Windows;C:\Windows\System32\Wbem;C:\Windows\System32\WindowsPowerShell\v1.0\;C:\Windows\System32\OpenSSH\;C:\Program Files\Git\cmd;C:\bazel\;C:\Users\Annu pc\AppData\Local\Microsoft\WindowsApps;C:\ProgramData\Annu pc\GitHubDesktop\bin
USERNAME=Annu pc
OS=Windows_NT
PROCESSOR_IDENTIFIER=Intel64 Family 6 Model 94 Stepping 3, GenuineIntel
TMP=C:\Users\ANNUPC~1\AppData\Local\Temp
TEMP=C:\Users\ANNUPC~1\AppData\Local\Temp




Periodic native trim disabled

JNI global refs:
JNI global refs: 31, weak refs: 57

JNI global refs memory usage: 835, weak refs: 2097

Process memory usage:
Resident Set Size: 698820K (4% of 16692172K total physical memory with 3520236K free physical memory)

OOME stack traces (most recent first):
Classloader memory used:
Loader org.gradle.internal.classloader.VisitableURLClassLoader$InstrumentingVisitableURLClassLoader: 49268K
Loader org.gradle.internal.classloader.VisitableURLClassLoader                         : 42781K
Loader bootstrap                                                                       : 29763K
Loader org.gradle.initialization.MixInLegacyTypesClassLoader                           : 11718K
Loader jdk.internal.loader.ClassLoaders$PlatformClassLoader                            : 514K
Loader jdk.internal.reflect.DelegatingClassLoader                                      : 423K
Loader org.gradle.internal.classloader.VisitableURLClassLoader                         : 325K
Loader jdk.internal.loader.ClassLoaders$AppClassLoader                                 : 230K
Loader org.gradle.groovy.scripts.internal.DefaultScriptCompilationHandler$ScriptClassLoader: 137K
Loader org.codehaus.groovy.runtime.callsite.CallSiteClassLoader                        : 27480B
Loader sun.reflect.misc.MethodUtil                                                     : 2984B

Classes loaded by more than one classloader:
Class Program                                                                         : loaded 5 times (x 72B)
Class Build_gradle                                                                    : loaded 3 times (x 130B)
Class Build_gradle$1                                                                  : loaded 3 times (x 74B)
Class org.gradle.internal.classloader.FilteringClassLoader                            : loaded 2 times (x 105B)
Class [Lcom.google.common.base.AbstractIterator$State;                                : loaded 2 times (x 69B)
Class com.google.common.base.CharMatcher$IsEither                                     : loaded 2 times (x 111B)
Class org.gradle.internal.classloader.ClassLoaderHierarchy                            : loaded 2 times (x 70B)
Class com.google.common.collect.ImmutableEnumSet                                      : loaded 2 times (x 146B)
Class com.google.common.util.concurrent.ExecutionError                                : loaded 2 times (x 82B)
Class com.google.common.collect.ImmutableList$1                                       : loaded 2 times (x 97B)
Class org.gradle.api.internal.classpath.ManifestUtil                                  : loaded 2 times (x 71B)
Class com.google.common.io.ByteArrayDataOutput                                        : loaded 2 times (x 70B)
Class com.google.common.collect.RegularImmutableMap                                   : loaded 2 times (x 121B)
Class com.google.common.collect.ImmutableMap$MapViewOfValuesAsSingletonSets           : loaded 2 times (x 125B)
Class [Lorg.objectweb.asm.Symbol;                                                     : loaded 2 times (x 69B)
Class org.objectweb.asm.ClassVisitor                                                  : loaded 2 times (x 88B)
Class com.google.common.collect.UnmodifiableListIterator                              : loaded 2 times (x 95B)
Class org.objectweb.asm.MethodTooLargeException                                       : loaded 2 times (x 83B)
Class [Lcom.google.common.cache.CacheBuilder$OneWeigher;                              : loaded 2 times (x 69B)
Class com.google.common.base.Suppliers                                                : loaded 2 times (x 71B)
Class com.google.common.base.Platform$JdkPatternCompiler                              : loaded 2 times (x 75B)
Class ijKotlinCoroutineJvmDebugInit1_ciq78omtnbp7b0q0n1n5pintz                        : loaded 2 times (x 179B)
Class org.gradle.internal.classloader.DefaultClassLoaderFactory                       : loaded 2 times (x 82B)
Class com.google.common.io.ByteSource$ConcatenatedByteSource                          : loaded 2 times (x 85B)
Class com.google.common.base.CharMatcher$None                                         : loaded 2 times (x 112B)
Class org.gradle.internal.classloader.ClassLoaderVisitor                              : loaded 2 times (x 76B)
Class [Lcom.google.common.collect.ImmutableMapEntry;                                  : loaded 2 times (x 69B)
Class org.gradle.api.internal.classpath.EffectiveClassPath                            : loaded 2 times (x 90B)
Class com.google.common.collect.CollectSpliterators$1WithCharacteristics              : loaded 2 times (x 90B)
Class com.google.common.collect.ImmutableRangeSet                                     : loaded 2 times (x 115B)
Class [Lorg.apache.commons.io.StandardLineSeparator;                                  : loaded 2 times (x 69B)
Class org.apache.commons.io.output.StringBuilderWriter                                : loaded 2 times (x 100B)
Class com.google.common.collect.ImmutableEnumMap                                      : loaded 2 times (x 125B)
Class com.google.common.collect.ListMultimap                                          : loaded 2 times (x 70B)
Class com.google.common.collect.Sets$1                                                : loaded 2 times (x 139B)
Class org.objectweb.asm.AnnotationVisitor                                             : loaded 2 times (x 78B)
Class com.google.common.base.Splitter                                                 : loaded 2 times (x 72B)
Class org.gradle.api.internal.DefaultClassPathProvider                                : loaded 2 times (x 76B)
Class com.google.common.collect.Sets$2                                                : loaded 2 times (x 139B)
Class [Lorg.gradle.api.internal.ClassPathProvider;                                    : loaded 2 times (x 69B)
Class org.gradle.api.internal.ClassPathProvider                                       : loaded 2 times (x 70B)
Class [Lorg.objectweb.asm.AnnotationVisitor;                                          : loaded 2 times (x 69B)
Class com.google.common.collect.Sets$3                                                : loaded 2 times (x 139B)
Class com.google.common.util.concurrent.AbstractFuture$SafeAtomicHelper               : loaded 2 times (x 79B)
Class com.google.common.cache.LocalCache$LocalLoadingCache                            : loaded 2 times (x 134B)
Class com.google.common.base.AbstractIterator$State                                   : loaded 2 times (x 79B)
Class org.gradle.internal.service.UnknownServiceException                             : loaded 2 times (x 83B)
Class com.google.common.io.ByteArrayDataInput                                         : loaded 2 times (x 70B)
Class com.google.common.collect.Sets$4                                                : loaded 2 times (x 139B)
Class org.objectweb.asm.ModuleVisitor                                                 : loaded 2 times (x 81B)
Class com.google.common.cache.LocalCache$Strength$1                                   : loaded 2 times (x 81B)
Class com.google.common.util.concurrent.SettableFuture                                : loaded 2 times (x 114B)
Class com.google.common.cache.LocalCache$Strength$2                                   : loaded 2 times (x 81B)
Class com.google.common.io.ByteStreams                                                : loaded 2 times (x 71B)
Class com.google.common.cache.LocalCache$Strength$3                                   : loaded 2 times (x 81B)
Class com.google.common.collect.MapDifference                                         : loaded 2 times (x 70B)
Class com.google.common.base.Splitter$1                                               : loaded 2 times (x 77B)
Class org.objectweb.asm.FieldWriter                                                   : loaded 2 times (x 78B)
Class com.google.common.cache.CacheBuilder$NullListener                               : loaded 2 times (x 82B)
Class org.gradle.internal.classpath.TransformedClassPath                              : loaded 2 times (x 96B)
Class com.google.common.collect.ImmutableRangeSet$AsSet                               : loaded 2 times (x 299B)
Class org.apache.commons.io.output.UnsynchronizedByteArrayOutputStream                : loaded 2 times (x 102B)
Class com.google.common.cache.CacheLoader$FunctionToCacheLoader                       : loaded 2 times (x 75B)
Class com.google.common.collect.Iterators$ArrayItr                                    : loaded 2 times (x 97B)
Class com.google.common.collect.ImmutableCollection$Builder                           : loaded 2 times (x 76B)
Class com.google.common.collect.BaseImmutableMultimap                                 : loaded 2 times (x 123B)
Class org.apache.commons.io.output.ByteArrayOutputStream                              : loaded 2 times (x 102B)
Class com.google.common.base.Joiner                                                   : loaded 2 times (x 79B)
Class com.google.common.base.MoreObjects                                              : loaded 2 times (x 71B)
Class [Lorg.objectweb.asm.Type;                                                       : loaded 2 times (x 69B)
Class com.google.common.collect.Platform                                              : loaded 2 times (x 71B)
Class com.google.common.collect.UnmodifiableIterator                                  : loaded 2 times (x 80B)
Class ijKotlinCoroutineJvmDebugInit1_ciq78omtnbp7b0q0n1n5pintz$_run_closure1          : loaded 2 times (x 139B)
Class org.gradle.internal.service.ServiceLocator                                      : loaded 2 times (x 70B)
Class com.google.common.base.Ascii                                                    : loaded 2 times (x 71B)
Class com.google.common.collect.SingletonImmutableBiMap                               : loaded 2 times (x 143B)
Class com.google.common.cache.LocalCache$1                                            : loaded 2 times (x 89B)
Class com.google.common.collect.AbstractMapEntry                                      : loaded 2 times (x 81B)
Class com.google.common.io.ByteSource$ByteArrayByteSource                             : loaded 2 times (x 85B)
Class com.google.common.collect.Sets$ImprovedAbstractSet                              : loaded 2 times (x 135B)
Class com.google.common.collect.ImmutableList$Builder                                 : loaded 2 times (x 77B)
Class com.google.common.cache.LocalCache$2                                            : loaded 2 times (x 142B)
Class com.google.common.collect.AbstractMultimap                                      : loaded 2 times (x 123B)
Class com.google.common.collect.ImmutableRangeSet$1                                   : loaded 2 times (x 209B)
Class com.google.common.util.concurrent.AbstractFuture$UnsafeAtomicHelper$1           : loaded 2 times (x 76B)
Class com.google.common.collect.RegularImmutableAsList                                : loaded 2 times (x 216B)
Class com.google.common.collect.Range                                                 : loaded 2 times (x 87B)
Class com.google.common.base.Optional                                                 : loaded 2 times (x 80B)
Class com.google.common.util.concurrent.AbstractFuture$Trusted                        : loaded 2 times (x 70B)
Class com.google.common.collect.Iterators                                             : loaded 2 times (x 71B)
Class com.google.common.base.CharMatcher$RangesMatcher                                : loaded 2 times (x 112B)
Class com.google.common.util.concurrent.UncheckedExecutionException                   : loaded 2 times (x 82B)
Class com.google.common.collect.Lists$StringAsImmutableList                           : loaded 2 times (x 207B)
Class org.gradle.kotlin.dsl.VersionCatalogAccessorsKt                                 : loaded 2 times (x 71B)
Class com.google.common.collect.ImmutableSortedSetFauxverideShim                      : loaded 2 times (x 147B)
Class com.google.common.base.CharMatcher$JavaLetterOrDigit                            : loaded 2 times (x 111B)
Class org.gradle.internal.InternalTransformer                                         : loaded 2 times (x 70B)
Class com.google.common.collect.AbstractMapBasedMultimap$KeySet$1                     : loaded 2 times (x 82B)
Class org.objectweb.asm.ClassWriter                                                   : loaded 2 times (x 106B)
Class com.google.common.cache.CacheLoader$UnsupportedLoadingOperationException        : loaded 2 times (x 82B)
Class com.google.common.base.CharMatcher$And                                          : loaded 2 times (x 112B)
Class org.gradle.internal.classloader.ClasspathUtil$1                                 : loaded 2 times (x 76B)
Class com.google.common.base.Objects                                                  : loaded 2 times (x 71B)
Class org.objectweb.asm.FieldVisitor                                                  : loaded 2 times (x 77B)
Class com.google.common.collect.IndexedImmutableSet                                   : loaded 2 times (x 150B)
Class com.google.common.collect.ImmutableMap$1                                        : loaded 2 times (x 81B)
Class com.google.common.collect.BiMap                                                 : loaded 2 times (x 70B)
Class ijJvmDebugger1_51wf4jmyj9l9djmvenywekqyn                                        : loaded 2 times (x 179B)
Class org.gradle.api.internal.classpath.DefaultModuleRegistry$DefaultModule           : loaded 2 times (x 86B)
Class com.google.common.base.Absent                                                   : loaded 2 times (x 80B)
Class com.google.common.primitives.Ints                                               : loaded 2 times (x 71B)
Class com.google.common.collect.AbstractIterator                                      : loaded 2 times (x 82B)
Class com.google.common.math.MathPreconditions                                        : loaded 2 times (x 71B)
Class com.google.common.collect.Multiset                                              : loaded 2 times (x 70B)
Class com.google.common.collect.RegularImmutableMap$KeySet                            : loaded 2 times (x 150B)
Class com.google.common.collect.ObjectArrays                                          : loaded 2 times (x 71B)
Class com.google.common.collect.AbstractIndexedListIterator                           : loaded 2 times (x 96B)
Class org.apache.commons.io.output.NullOutputStream                                   : loaded 2 times (x 85B)
Class com.google.common.collect.ImmutableMapEntrySet                                  : loaded 2 times (x 151B)
Class org.gradle.api.internal.classpath.Module                                        : loaded 2 times (x 70B)
Class com.google.common.cache.Weigher                                                 : loaded 2 times (x 70B)
Class org.gradle.api.internal.classpath.UnknownModuleException                        : loaded 2 times (x 82B)
Class org.gradle.cache.GlobalCache                                                    : loaded 2 times (x 70B)
Class com.google.common.base.Stopwatch                                                : loaded 2 times (x 72B)
Class com.google.common.cache.LocalCache$Strength                                     : loaded 2 times (x 81B)
Class com.google.common.cache.Cache                                                   : loaded 2 times (x 70B)
Class com.google.common.io.Files$2                                                    : loaded 2 times (x 76B)
Class com.google.common.util.concurrent.AbstractFuture$Cancellation                   : loaded 2 times (x 72B)
Class com.google.common.collect.ImmutableMap$Builder                                  : loaded 2 times (x 82B)
Class com.google.common.base.NullnessCasts                                            : loaded 2 times (x 71B)
Class com.google.common.base.Present                                                  : loaded 2 times (x 81B)
Class com.google.common.cache.RemovalListener                                         : loaded 2 times (x 70B)
Class org.gradle.api.internal.DefaultClassPathRegistry                                : loaded 2 times (x 76B)
Class com.google.common.primitives.IntsMethodsForWeb                                  : loaded 2 times (x 71B)
Class com.google.common.collect.Multimap                                              : loaded 2 times (x 70B)
Class org.gradle.api.internal.ClassPathRegistry                                       : loaded 2 times (x 70B)
Class org.gradle.internal.classpath.DefaultClassPath$ImmutableUniqueList              : loaded 2 times (x 199B)
Class com.google.common.base.ExtraObjectsMethodsForWeb                                : loaded 2 times (x 71B)
Class org.apache.commons.io.IOUtils                                                   : loaded 2 times (x 71B)
Class com.google.common.base.Equivalence$Identity                                     : loaded 2 times (x 82B)
Class com.google.common.io.ByteSink                                                   : loaded 2 times (x 76B)
Class com.google.common.cache.CacheBuilder                                            : loaded 2 times (x 72B)
Class com.google.common.collect.SingletonImmutableList                                : loaded 2 times (x 207B)
Class Settings_gradle$1                                                               : loaded 2 times (x 75B)
Class org.gradle.internal.classpath.ClassPath                                         : loaded 2 times (x 70B)
Class org.gradle.api.UncheckedIOException                                             : loaded 2 times (x 82B)
Class com.google.common.io.Files$FileByteSource                                       : loaded 2 times (x 85B)
Class com.google.common.collect.ImmutableList$ReverseImmutableList                    : loaded 2 times (x 208B)
Class com.google.common.base.JdkPattern                                               : loaded 2 times (x 75B)
Class org.objectweb.asm.SymbolTable$Entry                                             : loaded 2 times (x 74B)
Class com.google.common.util.concurrent.AbstractFuture$AtomicHelper                   : loaded 2 times (x 78B)
Class org.objectweb.asm.Edge                                                          : loaded 2 times (x 72B)
Class com.google.common.base.Suppliers$SupplierOfInstance                             : loaded 2 times (x 79B)
Class com.google.common.collect.Iterators$1                                           : loaded 2 times (x 81B)
Class com.google.common.cache.LocalCache$ComputingValueReference                      : loaded 2 times (x 96B)
Class com.google.common.collect.SingletonImmutableSet                                 : loaded 2 times (x 146B)
Class com.google.common.collect.ImmutableMap$IteratorBasedImmutableMap                : loaded 2 times (x 125B)
Class ijKotlinCoroutineJvmDebugInit1_ciq78omtnbp7b0q0n1n5pintz$_run_closure1$_closure2: loaded 2 times (x 139B)
Class com.google.common.cache.LocalCache$Segment                                      : loaded 2 times (x 154B)
Class [Lcom.google.common.base.Supplier;                                              : loaded 2 times (x 69B)
Class com.google.common.collect.SortedIterable                                        : loaded 2 times (x 70B)
Class [Lorg.objectweb.asm.SymbolTable$Entry;                                          : loaded 2 times (x 69B)
Class com.google.common.cache.CacheLoader                                             : loaded 2 times (x 74B)
Class com.google.common.collect.Iterators$4                                           : loaded 2 times (x 82B)
Class com.google.common.collect.ImmutableBiMap                                        : loaded 2 times (x 143B)
Class com.google.common.collect.AbstractListMultimap                                  : loaded 2 times (x 172B)
Class org.gradle.internal.installation.GradleInstallation$1                           : loaded 2 times (x 75B)
Class org.gradle.api.internal.classpath.ModuleRegistry                                : loaded 2 times (x 70B)
Class com.google.common.util.concurrent.internal.InternalFutureFailureAccess          : loaded 2 times (x 72B)
Class com.google.common.collect.Iterators$5                                           : loaded 2 times (x 82B)
Class com.google.common.collect.ImmutableSet$JdkBackedSetBuilderImpl                  : loaded 2 times (x 76B)
Class com.google.common.base.Splitter$SplittingIterator                               : loaded 2 times (x 84B)
Class com.google.common.io.Closer$SuppressingSuppressor                               : loaded 2 times (x 75B)
Class com.google.common.util.concurrent.AbstractFuture$UnsafeAtomicHelper             : loaded 2 times (x 78B)
Class com.google.common.cache.LocalCache$LocalManualCache$1                           : loaded 2 times (x 75B)
Class com.google.common.base.CharMatcher$ForPredicate                                 : loaded 2 times (x 112B)
Class com.google.common.collect.ImmutableCollection                                   : loaded 2 times (x 125B)
Class com.google.common.base.CharMatcher$AnyOf                                        : loaded 2 times (x 112B)
Class org.gradle.api.internal.classpath.DefaultModuleRegistry                         : loaded 2 times (x 86B)
Class com.google.common.util.concurrent.ListenableFuture                              : loaded 2 times (x 70B)
Class com.google.common.cache.ReferenceEntry                                          : loaded 2 times (x 70B)
Class com.google.common.collect.ImmutableSet$CachingAsList                            : loaded 2 times (x 147B)
Class com.google.common.base.Converter                                                : loaded 2 times (x 90B)
Class com.google.common.collect.Lists                                                 : loaded 2 times (x 71B)
Class com.google.common.base.CharMatcher$Any                                          : loaded 2 times (x 112B)
Class com.google.common.util.concurrent.AbstractFuture                                : loaded 2 times (x 106B)
Class com.google.common.base.FunctionalEquivalence                                    : loaded 2 times (x 83B)
Class com.google.common.collect.Iterators$9                                           : loaded 2 times (x 81B)
Class com.google.common.collect.AbstractMapBasedMultimap                              : loaded 2 times (x 139B)
Class com.google.common.collect.ImmutableAsList                                       : loaded 2 times (x 209B)
Class org.objectweb.asm.RecordComponentVisitor                                        : loaded 2 times (x 77B)
Class com.google.common.cache.CacheLoader$SupplierToCacheLoader                       : loaded 2 times (x 75B)
Class com.google.common.collect.Maps$EntryTransformer                                 : loaded 2 times (x 70B)
Class org.gradle.internal.service.ServiceLookupException                              : loaded 2 times (x 82B)
Class com.google.common.collect.ImmutableSortedSet                                    : loaded 2 times (x 299B)
Class [Lcom.google.common.cache.LocalCache$EntryFactory;                              : loaded 2 times (x 69B)
Class com.google.common.base.CharMatcher$JavaLetter                                   : loaded 2 times (x 111B)
Class org.gradle.internal.classloader.ClassLoaderFactory                              : loaded 2 times (x 70B)
Class com.google.common.collect.ImmutableMap$SerializedForm                           : loaded 2 times (x 73B)
Class com.google.common.cache.LocalCache$LocalManualCache                             : loaded 2 times (x 99B)
Class com.google.common.base.CharMatcher$IsNot                                        : loaded 2 times (x 111B)
Class com.google.common.base.CommonPattern                                            : loaded 2 times (x 74B)
Class org.gradle.internal.service.CachingServiceLocator                               : loaded 2 times (x 82B)
Class com.google.common.collect.RegularImmutableSortedSet                             : loaded 2 times (x 299B)
Class com.google.common.collect.AbstractMapBasedMultimap$KeySet                       : loaded 2 times (x 137B)
Class com.google.common.math.IntMath                                                  : loaded 2 times (x 71B)
Class com.google.common.collect.Iterators$10                                          : loaded 2 times (x 81B)
Class com.google.common.collect.ImmutableMapEntry                                     : loaded 2 times (x 85B)
Class com.google.common.base.CharMatcher$JavaDigit                                    : loaded 2 times (x 111B)
Class com.google.common.collect.ImmutableMultimap                                     : loaded 2 times (x 147B)
Class com.google.common.base.Equivalence                                              : loaded 2 times (x 82B)
Class com.google.common.collect.ImmutableMapEntry$NonTerminalImmutableMapEntry        : loaded 2 times (x 85B)
Class com.google.common.base.Function                                                 : loaded 2 times (x 70B)
Class org.apache.commons.io.output.AbstractByteArrayOutputStream                      : loaded 2 times (x 102B)
Class com.google.common.collect.IndexedImmutableSet$1                                 : loaded 2 times (x 212B)
Class com.google.common.cache.CacheBuilder$OneWeigher                                 : loaded 2 times (x 82B)
Class com.google.common.collect.RegularImmutableList                                  : loaded 2 times (x 212B)
Class com.google.common.collect.ImmutableBiMapFauxverideShim                          : loaded 2 times (x 120B)
Class org.gradle.internal.classloader.ClasspathUtil                                   : loaded 2 times (x 71B)
Class com.google.common.base.Charsets                                                 : loaded 2 times (x 71B)
Class com.google.common.util.concurrent.Uninterruptibles                              : loaded 2 times (x 71B)
Class com.google.common.io.CharSource                                                 : loaded 2 times (x 85B)
Class com.google.common.collect.Maps                                                  : loaded 2 times (x 71B)
Class com.google.common.base.CharMatcher$JavaUpperCase                                : loaded 2 times (x 111B)
Class org.gradle.api.specs.Spec                                                       : loaded 2 times (x 70B)
Class [Lcom.google.common.collect.ImmutableEntry;                                     : loaded 2 times (x 69B)
Class com.google.common.cache.LocalCache$LoadingValueReference                        : loaded 2 times (x 96B)
Class com.google.common.collect.ArrayListMultimapGwtSerializationDependencies         : loaded 2 times (x 172B)
Class com.google.common.collect.CollectSpliterators                                   : loaded 2 times (x 71B)
Class com.google.common.base.Platform                                                 : loaded 2 times (x 71B)
Class [Lorg.objectweb.asm.AnnotationWriter;                                           : loaded 2 times (x 69B)
Class com.google.common.primitives.Ints$IntConverter                                  : loaded 2 times (x 90B)
Class com.google.common.collect.Maps$8                                                : loaded 2 times (x 82B)
Class com.google.common.collect.ImmutableRangeSet$Builder                             : loaded 2 times (x 77B)
Class com.google.common.collect.Sets$SetView                                          : loaded 2 times (x 138B)
Class com.google.common.cache.LocalCache$StrongValueReference                         : loaded 2 times (x 90B)
Class com.google.common.util.concurrent.AbstractFuture$SynchronizedHelper             : loaded 2 times (x 78B)
Class com.google.common.base.CharMatcher$Invisible                                    : loaded 2 times (x 112B)
Class com.google.common.graph.SuccessorsFunction                                      : loaded 2 times (x 70B)
Class org.objectweb.asm.Type                                                          : loaded 2 times (x 72B)
Class org.gradle.internal.classloader.VisitableURLClassLoader$InstrumentingVisitableURLClassLoader: loaded 2 times (x 123B)
Class com.google.common.io.Files$FileByteSink                                         : loaded 2 times (x 77B)
Class org.objectweb.asm.ByteVector                                                    : loaded 2 times (x 79B)
Class [Lcom.google.common.cache.CacheBuilder$NullListener;                            : loaded 2 times (x 69B)
Class com.google.common.math.IntMath$1                                                : loaded 2 times (x 71B)
Class org.gradle.internal.classloader.VisitableURLClassLoader$Spec                    : loaded 2 times (x 74B)
Class org.gradle.internal.classpath.DefaultClassPath                                  : loaded 2 times (x 90B)
Class org.objectweb.asm.Symbol                                                        : loaded 2 times (x 73B)
Class com.google.common.base.AbstractIterator                                         : loaded 2 times (x 80B)
Class com.google.common.io.Closer                                                     : loaded 2 times (x 78B)
Class com.google.common.collect.RegularImmutableMap$Values                            : loaded 2 times (x 207B)
Class com.google.common.collect.ImmutableSet                                          : loaded 2 times (x 145B)
Class com.google.common.base.CharMatcher$BitSetMatcher                                : loaded 2 times (x 112B)
Class com.google.common.base.CharMatcher$Ascii                                        : loaded 2 times (x 112B)
Class ijJvmDebugger1_51wf4jmyj9l9djmvenywekqyn$_run_closure1                          : loaded 2 times (x 139B)
Class org.gradle.internal.classloader.ClassLoaderSpec                                 : loaded 2 times (x 71B)
Class com.google.common.io.ByteSource$EmptyByteSource                                 : loaded 2 times (x 85B)
Class org.objectweb.asm.AnnotationWriter                                              : loaded 2 times (x 79B)
Class com.google.common.cache.CacheStats                                              : loaded 2 times (x 71B)
Class com.google.common.io.LineProcessor                                              : loaded 2 times (x 70B)
Class com.google.common.io.Closer$Suppressor                                          : loaded 2 times (x 70B)
Class org.objectweb.asm.RecordComponentWriter                                         : loaded 2 times (x 78B)
Class com.google.common.util.concurrent.AbstractFuture$Listener                       : loaded 2 times (x 72B)
Class com.google.common.base.CharMatcher$Or                                           : loaded 2 times (x 112B)
Class Settings_gradle$1$1                                                             : loaded 2 times (x 75B)
Class org.objectweb.asm.Attribute                                                     : loaded 2 times (x 77B)
Class com.google.common.base.Supplier                                                 : loaded 2 times (x 70B)
Class org.gradle.internal.classloader.VisitableURLClassLoader                         : loaded 2 times (x 117B)
Class com.google.common.collect.ImmutableList$SerializedForm                          : loaded 2 times (x 73B)
Class com.google.common.util.concurrent.AbstractFuture$Waiter                         : loaded 2 times (x 72B)
Class Settings_gradle                                                                 : loaded 2 times (x 128B)
Class org.gradle.internal.Cast                                                        : loaded 2 times (x 71B)
Class org.gradle.api.Action                                                           : loaded 2 times (x 70B)
Class com.google.common.collect.Sets                                                  : loaded 2 times (x 71B)
Class org.objectweb.asm.Handler                                                       : loaded 2 times (x 72B)
Class com.google.common.base.Ticker                                                   : loaded 2 times (x 72B)
Class com.google.common.base.Strings                                                  : loaded 2 times (x 71B)
Class com.google.common.base.CharMatcher$FastMatcher                                  : loaded 2 times (x 111B)
Class org.gradle.internal.agents.InstrumentingClassLoader                             : loaded 2 times (x 70B)
Class [Lcom.google.common.cache.LocalCache$Segment;                                   : loaded 2 times (x 69B)
Class [Lcom.google.common.cache.LocalCache$Strength;                                  : loaded 2 times (x 69B)
Class com.google.common.cache.CacheBuilder$1                                          : loaded 2 times (x 85B)
Class com.google.common.collect.ImmutableMap                                          : loaded 2 times (x 120B)
Class com.google.common.base.Predicate                                                : loaded 2 times (x 70B)
Class ijJvmDebugger1_51wf4jmyj9l9djmvenywekqyn$_run_closure1$_closure2                : loaded 2 times (x 140B)
Class org.gradle.internal.classpath.DefaultClassPath$ImmutableUniqueList$Builder      : loaded 2 times (x 75B)
Class com.google.common.collect.AbstractRangeSet                                      : loaded 2 times (x 114B)
Class com.google.common.cache.LocalCache                                              : loaded 2 times (x 187B)
Class com.google.common.cache.CacheBuilder$2                                          : loaded 2 times (x 72B)
Class com.google.common.base.CharMatcher$NegatedFastMatcher                           : loaded 2 times (x 113B)
Class [Lcom.google.common.collect.AbstractMapEntry;                                   : loaded 2 times (x 69B)
Class com.google.common.collect.ImmutableEntry                                        : loaded 2 times (x 82B)
Class com.google.common.collect.ArrayListMultimap                                     : loaded 2 times (x 172B)
Class com.google.common.base.AbstractIterator$1                                       : loaded 2 times (x 71B)
Class com.google.common.base.CharMatcher$Digit                                        : loaded 2 times (x 112B)
Class org.gradle.api.GradleException                                                  : loaded 2 times (x 82B)
Class com.google.common.base.Suppliers$MemoizingSupplier                              : loaded 2 times (x 79B)
Class org.apache.commons.io.StandardLineSeparator                                     : loaded 2 times (x 79B)
Class com.google.common.collect.CollectPreconditions                                  : loaded 2 times (x 71B)
Class com.google.common.base.CharMatcher$JavaIsoControl                               : loaded 2 times (x 112B)
Class com.google.common.collect.SortedMapDifference                                   : loaded 2 times (x 70B)
Class com.google.common.base.CharMatcher$JavaLowerCase                                : loaded 2 times (x 111B)
Class com.google.common.io.Files                                                      : loaded 2 times (x 71B)
Class com.google.common.cache.LocalCache$EntryFactory                                 : loaded 2 times (x 83B)
Class com.google.common.cache.LocalCache$AbstractReferenceEntry                       : loaded 2 times (x 107B)
Class com.google.common.base.Splitter$1$1                                             : loaded 2 times (x 86B)
Class com.google.common.base.CharMatcher$Whitespace                                   : loaded 2 times (x 112B)
Class org.gradle.internal.IoActions                                                   : loaded 2 times (x 71B)
Class com.google.common.collect.ImmutableRangeSet$ComplementRanges                    : loaded 2 times (x 207B)
Class org.objectweb.asm.SymbolTable                                                   : loaded 2 times (x 72B)
Class com.google.common.cache.CacheLoader$InvalidCacheLoadException                   : loaded 2 times (x 82B)
Class com.google.common.collect.ImmutableSet$RegularSetBuilderImpl                    : loaded 2 times (x 77B)
Class com.google.common.base.CharMatcher$SingleWidth                                  : loaded 2 times (x 112B)
Class org.gradle.internal.classloader.SystemClassLoaderSpec                           : loaded 2 times (x 71B)
Class com.google.common.cache.LocalCache$StrongEntry                                  : loaded 2 times (x 108B)
Class com.google.common.util.concurrent.AbstractFuture$TrustedFuture                  : loaded 2 times (x 114B)
Class com.google.common.cache.LoadingCache                                            : loaded 2 times (x 70B)
Class com.google.common.io.ByteStreams$LimitedInputStream                             : loaded 2 times (x 92B)
Class com.google.common.base.Suppliers$NonSerializableMemoizingSupplier               : loaded 2 times (x 79B)
Class org.objectweb.asm.MethodWriter                                                  : loaded 2 times (x 106B)
Class [Lcom.google.common.cache.Weigher;                                              : loaded 2 times (x 69B)
Class com.google.common.collect.RegularImmutableMap$BucketOverflowException           : loaded 2 times (x 82B)
Class com.google.common.collect.RegularImmutableBiMap                                 : loaded 2 times (x 148B)
Class com.google.common.cache.LocalCache$ValueReference                               : loaded 2 times (x 70B)
Class com.google.common.base.CharMatcher$Negated                                      : loaded 2 times (x 113B)
Class com.google.common.base.CharMatcher$Is                                           : loaded 2 times (x 111B)
Class com.google.common.hash.PrimitiveSink                                            : loaded 2 times (x 70B)
Class com.google.common.util.concurrent.AbstractFuture$Failure                        : loaded 2 times (x 72B)
Class com.google.common.base.Equivalence$Equals                                       : loaded 2 times (x 82B)
Class com.google.common.collect.Hashing                                               : loaded 2 times (x 71B)
Class com.google.common.base.PatternCompiler                                          : loaded 2 times (x 70B)
Class com.google.common.base.Preconditions                                            : loaded 2 times (x 71B)
Class com.google.common.collect.ImmutableSetMultimap                                  : loaded 2 times (x 180B)
Class com.google.common.base.Joiner$1                                                 : loaded 2 times (x 80B)
Class org.objectweb.asm.Label                                                         : loaded 2 times (x 73B)
Class org.objectweb.asm.CurrentFrame                                                  : loaded 2 times (x 73B)
Class org.objectweb.asm.ClassTooLargeException                                        : loaded 2 times (x 83B)
Class com.google.common.collect.PeekingIterator                                       : loaded 2 times (x 70B)
Class com.google.common.base.CharMatcher                                              : loaded 2 times (x 111B)
Class com.google.common.collect.RangeGwtSerializationDependencies                     : loaded 2 times (x 71B)
Class com.google.common.io.ByteSource$AsCharSource                                    : loaded 2 times (x 86B)
Class com.google.common.collect.Maps$IteratorBasedAbstractMap                         : loaded 2 times (x 125B)
Class com.google.common.base.Joiner$2                                                 : loaded 2 times (x 79B)
Class org.objectweb.asm.Frame                                                         : loaded 2 times (x 73B)
Class org.objectweb.asm.MethodVisitor                                                 : loaded 2 times (x 105B)
Class com.google.common.cache.LocalCache$EntryFactory$1                               : loaded 2 times (x 83B)
Class [Lcom.google.common.cache.RemovalListener;                                      : loaded 2 times (x 69B)
Class com.google.common.base.CharMatcher$1                                            : loaded 2 times (x 113B)
Class com.google.common.base.CharMatcher$NamedFastMatcher                             : loaded 2 times (x 112B)
Class com.google.common.collect.RangeSet                                              : loaded 2 times (x 70B)
Class com.google.common.cache.LocalCache$EntryFactory$2                               : loaded 2 times (x 83B)
Class com.google.common.collect.CollectCollectors                                     : loaded 2 times (x 71B)
Class org.objectweb.asm.ModuleWriter                                                  : loaded 2 times (x 82B)
Class com.google.common.cache.LocalCache$EntryFactory$3                               : loaded 2 times (x 83B)
Class com.google.common.base.Ticker$1                                                 : loaded 2 times (x 72B)
Class com.google.common.collect.ImmutableMapEntrySet$RegularEntrySet                  : loaded 2 times (x 151B)
Class com.google.common.collect.Maps$BiMapConverter                                   : loaded 2 times (x 90B)
Class com.google.common.collect.SetMultimap                                           : loaded 2 times (x 70B)
Class com.google.common.cache.LocalCache$EntryFactory$4                               : loaded 2 times (x 83B)
Class com.google.common.collect.ImmutableSet$Builder                                  : loaded 2 times (x 85B)
Class com.google.common.base.CharMatcher$InRange                                      : loaded 2 times (x 111B)
Class com.google.common.io.ByteStreams$1                                              : loaded 2 times (x 85B)
Class com.google.common.cache.LocalCache$EntryFactory$5                               : loaded 2 times (x 83B)
Class com.google.common.base.PairwiseEquivalence                                      : loaded 2 times (x 83B)
Class org.apache.commons.io.output.AppendableWriter                                   : loaded 2 times (x 100B)
Class com.google.common.cache.LocalCache$EntryFactory$6                               : loaded 2 times (x 83B)
Class org.gradle.internal.installation.CurrentGradleInstallationLocator               : loaded 2 times (x 71B)
Class com.google.common.io.ByteSource$SlicedByteSource                                : loaded 2 times (x 85B)
Class org.apache.commons.io.output.ThresholdingOutputStream                           : loaded 2 times (x 94B)
Class com.google.common.collect.Maps$KeySet                                           : loaded 2 times (x 137B)
Class com.google.common.cache.LocalCache$EntryFactory$7                               : loaded 2 times (x 83B)
Class com.google.common.collect.ImmutableSet$EmptySetBuilderImpl                      : loaded 2 times (x 76B)
Class com.google.common.collect.ImmutableList                                         : loaded 2 times (x 206B)
Class org.gradle.internal.service.DefaultServiceLocator                               : loaded 2 times (x 83B)
Class com.google.common.cache.LocalCache$EntryFactory$8                               : loaded 2 times (x 83B)
Class com.google.common.collect.ImmutableSet$SetBuilderImpl                           : loaded 2 times (x 76B)
Class org.gradle.internal.installation.CurrentGradleInstallation                      : loaded 2 times (x 73B)
Class com.google.common.cache.CacheLoader$1                                           : loaded 2 times (x 75B)
Class com.google.common.collect.ForwardingObject                                      : loaded 2 times (x 72B)
Class com.google.common.collect.ImmutableList$SubList                                 : loaded 2 times (x 208B)
Class org.gradle.util.internal.GUtil                                                  : loaded 2 times (x 71B)
Class com.google.common.io.ByteSource                                                 : loaded 2 times (x 84B)
Class com.google.common.util.concurrent.AbstractFuture$SetFuture                      : loaded 2 times (x 75B)
Class com.google.common.cache.AbstractCache$StatsCounter                              : loaded 2 times (x 70B)
Class com.google.common.collect.Iterators$MergingIterator                             : loaded 2 times (x 81B)
Class com.google.common.collect.RegularImmutableSet                                   : loaded 2 times (x 148B)
Class org.gradle.internal.installation.GradleInstallation                             : loaded 2 times (x 75B)
Class com.google.common.collect.Iterables                                             : loaded 2 times (x 71B)
Class com.google.common.base.Splitter$Strategy                                        : loaded 2 times (x 70B)

---------------  S Y S T E M  ---------------

OS:
 Windows 11 , 64 bit Build 22621 (10.0.22621.5415)
OS uptime: 0 days 6:59 hours

CPU: total 8 (initial active 8) (4 cores per cpu, 2 threads per core) family 6 model 94 stepping 3 microcode 0xd6, cx8, cmov, fxsr, ht, mmx, 3dnowpref, sse, sse2, sse3, ssse3, sse4.1, sse4.2, popcnt, lzcnt, tsc, tscinvbit, avx, avx2, aes, erms, clmul, bmi1, bmi2, rtm, adx, fma, vzeroupper, clflush, clflushopt, rdtscp, f16c
Processor Information for the first 8 processors :
  Max Mhz: 3408, Current Mhz: 3408, Mhz Limit: 3408

Memory: 4k page, system-wide physical 16300M (3440M free)
TotalPageFile size 34940M (AvailPageFile size 28M)
current process WorkingSet (physical memory assigned to process): 679M, peak: 682M
current process commit charge ("private bytes"): 714M, peak: 916M

vm_info: OpenJDK 64-Bit Server VM (21.0.10+-14961533-b1163.108) for windows-amd64 JRE (21.0.10+-14961533-b1163.108), built on 2026-03-02T19:58:50Z by "builder" with MS VC++ 16.10 / 16.11 (VS2019)

END.
