#
# There is insufficient memory for the Java Runtime Environment to continue.
# Native memory allocation (malloc) failed to allocate 1520304 bytes. Error detail: Chunk::new
# Possible reasons:
#   The system is out of physical RAM or swap space
#   This process is running with CompressedOops enabled, and the Java Heap may be blocking the growth of the native heap
# Possible solutions:
#   Reduce memory load on the system
#   Increase physical memory or swap space
#   Check if swap backing store is full
#   Decrease Java heap size (-Xmx/-Xms)
#   Decrease number of Java threads
#   Decrease Java thread stack sizes (-Xss)
#   Set larger code cache with -XX:ReservedCodeCacheSize=
#   JVM is running with Unscaled Compressed Oops mode in which the Java heap is
#     placed in the first 4GB address space. The Java Heap base address is the
#     maximum limit for the native heap growth. Please use -XX:HeapBaseMinAddress
#     to set the Java Heap base and to place the Java Heap above 4GB virtual address.
# This output file may be truncated or incomplete.
#
#  Out of Memory Error (arena.cpp:168), pid=10052, tid=13544
#
# JRE version: OpenJDK Runtime Environment (21.0.10) (build 21.0.10+-14961533-b1163.108)
# Java VM: OpenJDK 64-Bit Server VM (21.0.10+-14961533-b1163.108, mixed mode, tiered, compressed oops, compressed class ptrs, g1 gc, windows-amd64)
# No core dump will be written. Minidumps are not enabled by default on client versions of Windows
#

---------------  S U M M A R Y ------------

Command Line: --add-opens=java.base/java.util=ALL-UNNAMED --add-opens=java.base/java.lang=ALL-UNNAMED --add-opens=java.base/java.lang.invoke=ALL-UNNAMED --add-opens=java.prefs/java.util.prefs=ALL-UNNAMED --add-opens=java.base/java.nio.charset=ALL-UNNAMED --add-opens=java.base/java.net=ALL-UNNAMED --add-opens=java.base/java.util.concurrent.atomic=ALL-UNNAMED -Xmx2048m -Dfile.encoding=UTF-8 -Duser.country=US -Duser.language=en -Duser.variant -javaagent:C:\Users\Annu pc\.gradle\wrapper\dists\gradle-8.7-bin\bhs2wmbdwecv87pi65oeuq5iu\gradle-8.7\lib\agents\gradle-instrumentation-agent-8.7.jar org.gradle.launcher.daemon.bootstrap.GradleDaemon 8.7

Host: Intel(R) Core(TM) i7-6700 CPU @ 3.40GHz, 8 cores, 15G,  Windows 11 , 64 bit Build 22621 (10.0.22621.5415)
Time: Sat Jun 20 17:19:06 2026 India Standard Time elapsed time: 8.722968 seconds (0d 0h 0m 8s)

---------------  T H R E A D  ---------------

Current thread (0x0000026451296410):  JavaThread "C2 CompilerThread2" daemon [_thread_in_native, id=13544, stack(0x000000cb6df00000,0x000000cb6e000000) (1024K)]


Current CompileTask:
C2:8723 9109   !   4       com.google.common.reflect.TypeVisitor::visit (225 bytes)

Stack: [0x000000cb6df00000,0x000000cb6e000000]
Native frames: (J=compiled Java code, j=interpreted, Vv=VM code, C=native code)
V  [jvm.dll+0x6d78a9]
V  [jvm.dll+0x8665b3]
V  [jvm.dll+0x868bde]
V  [jvm.dll+0x8692c3]
V  [jvm.dll+0x280ee6]
V  [jvm.dll+0xc07cd]
V  [jvm.dll+0xc0d03]
V  [jvm.dll+0x3ba0cb]
V  [jvm.dll+0x385df7]
V  [jvm.dll+0x38526a]
V  [jvm.dll+0x249bd2]
V  [jvm.dll+0x2491a1]
V  [jvm.dll+0x1c76e4]
V  [jvm.dll+0x25891e]
V  [jvm.dll+0x256e66]
V  [jvm.dll+0x3f513e]
V  [jvm.dll+0x80fd28]
V  [jvm.dll+0x6d60fd]
C  [ucrtbase.dll+0x29333]
C  [KERNEL32.DLL+0x1259d]
C  [ntdll.dll+0x5af78]


---------------  P R O C E S S  ---------------

Threads class SMR info:
_java_thread_list=0x0000026451ad0ae0, length=66, elements={
0x000002642f328380, 0x0000026446c33480, 0x0000026446c34600, 0x0000026446c35520,
0x0000026446c36a80, 0x0000026446c6be80, 0x0000026446c6e8f0, 0x0000026446c77360,
0x0000026446ca3270, 0x0000026446ca3d10, 0x0000026446f48250, 0x000002644c74d1d0,
0x000002644d706a20, 0x000002644bdeab90, 0x000002644cd188e0, 0x000002644d02d720,
0x000002644cb1b850, 0x000002644cf4b7f0, 0x000002644ca8b4c0, 0x000002644ca893f0,
0x000002644ca8a7a0, 0x000002644ca886d0, 0x000002644ca89a80, 0x000002644ca8ae30,
0x000002644ca8bb50, 0x000002644ca88d60, 0x000002644f025350, 0x000002644f026d90,
0x000002644f027420, 0x000002644f026070, 0x000002644f023fa0, 0x000002644f024cc0,
0x000002644f0259e0, 0x000002644f026700, 0x000002644f024630, 0x000002644fb90c30,
0x000002644fb92d00, 0x000002644fb91950, 0x000002644fb912c0, 0x000002644fb92670,
0x000002644fb8ff10, 0x000002644de43520, 0x000002644de46310, 0x000002644de43bb0,
0x000002644de45c80, 0x000002644de44240, 0x000002644de455f0, 0x000002644de42e90,
0x00000264527d7ec0, 0x00000264527d71a0, 0x00000264527d7830, 0x00000264527d8be0,
0x00000264527da620, 0x00000264527d50d0, 0x00000264527dc6f0, 0x00000264527d5760,
0x00000264527dacb0, 0x00000264527d8550, 0x00000264527db340, 0x00000264527d5df0,
0x00000264527d9270, 0x00000264527d9900, 0x00000264527db9d0, 0x000002645157cec0,
0x0000026451294fa0, 0x0000026451296410
}

Java Threads: ( => current thread )
  0x000002642f328380 JavaThread "main"                              [_thread_blocked, id=2952, stack(0x000000cb68f00000,0x000000cb69000000) (1024K)]
  0x0000026446c33480 JavaThread "Common-Cleaner"             daemon [_thread_blocked, id=6076, stack(0x000000cb69700000,0x000000cb69800000) (1024K)]
  0x0000026446c34600 JavaThread "Reference Handler"          daemon [_thread_blocked, id=5084, stack(0x000000cb69800000,0x000000cb69900000) (1024K)]
  0x0000026446c35520 JavaThread "Finalizer"                  daemon [_thread_blocked, id=15412, stack(0x000000cb69900000,0x000000cb69a00000) (1024K)]
  0x0000026446c36a80 JavaThread "Signal Dispatcher"          daemon [_thread_blocked, id=9292, stack(0x000000cb69a00000,0x000000cb69b00000) (1024K)]
  0x0000026446c6be80 JavaThread "Attach Listener"            daemon [_thread_blocked, id=1712, stack(0x000000cb69b00000,0x000000cb69c00000) (1024K)]
  0x0000026446c6e8f0 JavaThread "Service Thread"             daemon [_thread_blocked, id=2604, stack(0x000000cb69c00000,0x000000cb69d00000) (1024K)]
  0x0000026446c77360 JavaThread "Monitor Deflation Thread"   daemon [_thread_blocked, id=16064, stack(0x000000cb69d00000,0x000000cb69e00000) (1024K)]
  0x0000026446ca3270 JavaThread "C2 CompilerThread0"         daemon [_thread_in_native, id=15896, stack(0x000000cb69e00000,0x000000cb69f00000) (1024K)]
  0x0000026446ca3d10 JavaThread "C1 CompilerThread0"         daemon [_thread_blocked, id=14036, stack(0x000000cb69f00000,0x000000cb6a000000) (1024K)]
  0x0000026446f48250 JavaThread "Notification Thread"        daemon [_thread_blocked, id=1076, stack(0x000000cb6a000000,0x000000cb6a100000) (1024K)]
  0x000002644c74d1d0 JavaThread "Daemon health stats"               [_thread_blocked, id=16104, stack(0x000000cb6a800000,0x000000cb6a900000) (1024K)]
  0x000002644d706a20 JavaThread "Incoming local TCP Connector on port 49755"        [_thread_in_native, id=8944, stack(0x000000cb6a900000,0x000000cb6aa00000) (1024K)]
  0x000002644bdeab90 JavaThread "Daemon periodic checks"            [_thread_blocked, id=14584, stack(0x000000cb6aa00000,0x000000cb6ab00000) (1024K)]
  0x000002644cd188e0 JavaThread "Daemon"                            [_thread_blocked, id=11872, stack(0x000000cb6ab00000,0x000000cb6ac00000) (1024K)]
  0x000002644d02d720 JavaThread "Handler for socket connection from /127.0.0.1:49755 to /127.0.0.1:49756"        [_thread_in_native, id=13732, stack(0x000000cb6ac00000,0x000000cb6ad00000) (1024K)]
  0x000002644cb1b850 JavaThread "Cancel handler"                    [_thread_blocked, id=5672, stack(0x000000cb6ad00000,0x000000cb6ae00000) (1024K)]
  0x000002644cf4b7f0 JavaThread "Daemon worker"                     [_thread_in_vm, id=11424, stack(0x000000cb6ae00000,0x000000cb6af00000) (1024K)]
  0x000002644ca8b4c0 JavaThread "Asynchronous log dispatcher for DefaultDaemonConnection: socket connection from /127.0.0.1:49755 to /127.0.0.1:49756"        [_thread_blocked, id=9684, stack(0x000000cb6af00000,0x000000cb6b000000) (1024K)]
  0x000002644ca893f0 JavaThread "Stdin handler"                     [_thread_blocked, id=2332, stack(0x000000cb6b000000,0x000000cb6b100000) (1024K)]
  0x000002644ca8a7a0 JavaThread "Daemon client event forwarder"        [_thread_blocked, id=16228, stack(0x000000cb6b100000,0x000000cb6b200000) (1024K)]
  0x000002644ca886d0 JavaThread "Cache worker for journal cache (C:\Users\Annu pc\.gradle\caches\journal-1)"        [_thread_blocked, id=10936, stack(0x000000cb6b500000,0x000000cb6b600000) (1024K)]
  0x000002644ca89a80 JavaThread "File lock request listener"        [_thread_in_native, id=5884, stack(0x000000cb6b600000,0x000000cb6b700000) (1024K)]
  0x000002644ca8ae30 JavaThread "Cache worker for file hash cache (C:\Users\Annu pc\.gradle\caches\8.7\fileHashes)"        [_thread_blocked, id=13636, stack(0x000000cb6b700000,0x000000cb6b800000) (1024K)]
  0x000002644ca8bb50 JavaThread "Cache worker for file hash cache (D:\AOPAYFINANCEAPP\AOPAY-FinanceAndroidApplication\.gradle\8.7\fileHashes)"        [_thread_blocked, id=316, stack(0x000000cb6b800000,0x000000cb6b900000) (1024K)]
  0x000002644ca88d60 JavaThread "File watcher server"        daemon [_thread_in_native, id=6264, stack(0x000000cb6b900000,0x000000cb6ba00000) (1024K)]
  0x000002644f025350 JavaThread "File watcher consumer"      daemon [_thread_blocked, id=13652, stack(0x000000cb6ba00000,0x000000cb6bb00000) (1024K)]
  0x000002644f026d90 JavaThread "jar transforms"                    [_thread_blocked, id=11892, stack(0x000000cb6bb00000,0x000000cb6bc00000) (1024K)]
  0x000002644f027420 JavaThread "jar transforms Thread 2"           [_thread_blocked, id=5412, stack(0x000000cb6bc00000,0x000000cb6bd00000) (1024K)]
  0x000002644f026070 JavaThread "jar transforms Thread 3"           [_thread_blocked, id=7196, stack(0x000000cb6bd00000,0x000000cb6be00000) (1024K)]
  0x000002644f023fa0 JavaThread "jar transforms Thread 4"           [_thread_blocked, id=7508, stack(0x000000cb6be00000,0x000000cb6bf00000) (1024K)]
  0x000002644f024cc0 JavaThread "jar transforms Thread 5"           [_thread_blocked, id=676, stack(0x000000cb6bf00000,0x000000cb6c000000) (1024K)]
  0x000002644f0259e0 JavaThread "jar transforms Thread 6"           [_thread_blocked, id=10340, stack(0x000000cb6c000000,0x000000cb6c100000) (1024K)]
  0x000002644f026700 JavaThread "jar transforms Thread 7"           [_thread_blocked, id=4008, stack(0x000000cb6c100000,0x000000cb6c200000) (1024K)]
  0x000002644f024630 JavaThread "jar transforms Thread 8"           [_thread_blocked, id=1104, stack(0x000000cb6c200000,0x000000cb6c300000) (1024K)]
  0x000002644fb90c30 JavaThread "Cache worker for checksums cache (D:\AOPAYFINANCEAPP\AOPAY-FinanceAndroidApplication\.gradle\8.7\checksums)"        [_thread_blocked, id=12108, stack(0x000000cb6c300000,0x000000cb6c400000) (1024K)]
  0x000002644fb92d00 JavaThread "Cache worker for cache directory md-supplier (C:\Users\Annu pc\.gradle\caches\8.7\md-supplier)"        [_thread_blocked, id=12984, stack(0x000000cb6c400000,0x000000cb6c500000) (1024K)]
  0x000002644fb91950 JavaThread "Cache worker for cache directory md-rule (C:\Users\Annu pc\.gradle\caches\8.7\md-rule)"        [_thread_blocked, id=15448, stack(0x000000cb6c500000,0x000000cb6c600000) (1024K)]
  0x000002644fb912c0 JavaThread "Cache worker for file content cache (C:\Users\Annu pc\.gradle\caches\8.7\fileContent)"        [_thread_blocked, id=11996, stack(0x000000cb6c600000,0x000000cb6c700000) (1024K)]
  0x000002644fb92670 JavaThread "Unconstrained build operations"        [_thread_blocked, id=9076, stack(0x000000cb6c700000,0x000000cb6c800000) (1024K)]
  0x000002644fb8ff10 JavaThread "Unconstrained build operations Thread 2"        [_thread_blocked, id=11344, stack(0x000000cb6c800000,0x000000cb6c900000) (1024K)]
  0x000002644de43520 JavaThread "Unconstrained build operations Thread 3"        [_thread_blocked, id=12440, stack(0x000000cb6c900000,0x000000cb6ca00000) (1024K)]
  0x000002644de46310 JavaThread "Unconstrained build operations Thread 4"        [_thread_blocked, id=1548, stack(0x000000cb6ca00000,0x000000cb6cb00000) (1024K)]
  0x000002644de43bb0 JavaThread "Unconstrained build operations Thread 5"        [_thread_blocked, id=4200, stack(0x000000cb6cb00000,0x000000cb6cc00000) (1024K)]
  0x000002644de45c80 JavaThread "Unconstrained build operations Thread 6"        [_thread_blocked, id=12144, stack(0x000000cb6cc00000,0x000000cb6cd00000) (1024K)]
  0x000002644de44240 JavaThread "Unconstrained build operations Thread 7"        [_thread_blocked, id=15216, stack(0x000000cb6cd00000,0x000000cb6ce00000) (1024K)]
  0x000002644de455f0 JavaThread "Unconstrained build operations Thread 8"        [_thread_blocked, id=11588, stack(0x000000cb6ce00000,0x000000cb6cf00000) (1024K)]
  0x000002644de42e90 JavaThread "Unconstrained build operations Thread 9"        [_thread_blocked, id=5032, stack(0x000000cb6cf00000,0x000000cb6d000000) (1024K)]
  0x00000264527d7ec0 JavaThread "Cache worker for Build Output Cleanup Cache (D:\AOPAYFINANCEAPP\AOPAY-FinanceAndroidApplication\.gradle\buildOutputCleanup)"        [_thread_blocked, id=7244, stack(0x000000cb6d000000,0x000000cb6d100000) (1024K)]
  0x00000264527d71a0 JavaThread "Unconstrained build operations Thread 10"        [_thread_blocked, id=10464, stack(0x000000cb6d100000,0x000000cb6d200000) (1024K)]
  0x00000264527d7830 JavaThread "Unconstrained build operations Thread 11"        [_thread_blocked, id=13268, stack(0x000000cb6d200000,0x000000cb6d300000) (1024K)]
  0x00000264527d8be0 JavaThread "Unconstrained build operations Thread 12"        [_thread_blocked, id=324, stack(0x000000cb6d300000,0x000000cb6d400000) (1024K)]
  0x00000264527da620 JavaThread "Unconstrained build operations Thread 13"        [_thread_blocked, id=5284, stack(0x000000cb6d400000,0x000000cb6d500000) (1024K)]
  0x00000264527d50d0 JavaThread "Unconstrained build operations Thread 14"        [_thread_blocked, id=3460, stack(0x000000cb6d500000,0x000000cb6d600000) (1024K)]
  0x00000264527dc6f0 JavaThread "Unconstrained build operations Thread 15"        [_thread_blocked, id=1444, stack(0x000000cb6d600000,0x000000cb6d700000) (1024K)]
  0x00000264527d5760 JavaThread "Unconstrained build operations Thread 16"        [_thread_blocked, id=8992, stack(0x000000cb6d700000,0x000000cb6d800000) (1024K)]
  0x00000264527dacb0 JavaThread "Unconstrained build operations Thread 17"        [_thread_blocked, id=7528, stack(0x000000cb6d800000,0x000000cb6d900000) (1024K)]
  0x00000264527d8550 JavaThread "Unconstrained build operations Thread 18"        [_thread_blocked, id=15872, stack(0x000000cb6d900000,0x000000cb6da00000) (1024K)]
  0x00000264527db340 JavaThread "Unconstrained build operations Thread 19"        [_thread_blocked, id=2108, stack(0x000000cb6da00000,0x000000cb6db00000) (1024K)]
  0x00000264527d5df0 JavaThread "Unconstrained build operations Thread 20"        [_thread_blocked, id=16164, stack(0x000000cb6db00000,0x000000cb6dc00000) (1024K)]
  0x00000264527d9270 JavaThread "Unconstrained build operations Thread 21"        [_thread_blocked, id=11740, stack(0x000000cb6dc00000,0x000000cb6dd00000) (1024K)]
  0x00000264527d9900 JavaThread "Unconstrained build operations Thread 22"        [_thread_blocked, id=6040, stack(0x000000cb6dd00000,0x000000cb6de00000) (1024K)]
  0x00000264527db9d0 JavaThread "Unconstrained build operations Thread 23"        [_thread_blocked, id=9652, stack(0x000000cb6de00000,0x000000cb6df00000) (1024K)]
  0x000002645157cec0 JavaThread "Memory manager"                    [_thread_blocked, id=15472, stack(0x000000cb6a100000,0x000000cb6a200000) (1024K)]
  0x0000026451294fa0 JavaThread "C2 CompilerThread1"         daemon [_thread_in_native, id=6384, stack(0x000000cb6a200000,0x000000cb6a300000) (1024K)]
=>0x0000026451296410 JavaThread "C2 CompilerThread2"         daemon [_thread_in_native, id=13544, stack(0x000000cb6df00000,0x000000cb6e000000) (1024K)]
Total: 66

Other Threads:
  0x0000026446ba10c0 VMThread "VM Thread"                           [id=13840, stack(0x000000cb69600000,0x000000cb69700000) (1024K)]
  0x0000026446a38df0 WatcherThread "VM Periodic Task Thread"        [id=9300, stack(0x000000cb69500000,0x000000cb69600000) (1024K)]
  0x000002642f381320 WorkerThread "GC Thread#0"                     [id=11732, stack(0x000000cb69000000,0x000000cb69100000) (1024K)]
  0x000002644b887b60 WorkerThread "GC Thread#1"                     [id=6520, stack(0x000000cb6a300000,0x000000cb6a400000) (1024K)]
  0x000002644b5d42c0 WorkerThread "GC Thread#2"                     [id=12100, stack(0x000000cb6a400000,0x000000cb6a500000) (1024K)]
  0x000002644b97ca30 WorkerThread "GC Thread#3"                     [id=5556, stack(0x000000cb6a500000,0x000000cb6a600000) (1024K)]
  0x000002644b4b9ec0 WorkerThread "GC Thread#4"                     [id=5104, stack(0x000000cb6a600000,0x000000cb6a700000) (1024K)]
  0x000002644b4ba270 WorkerThread "GC Thread#5"                     [id=4064, stack(0x000000cb6a700000,0x000000cb6a800000) (1024K)]
  0x000002644cf63270 WorkerThread "GC Thread#6"                     [id=6444, stack(0x000000cb6b200000,0x000000cb6b300000) (1024K)]
  0x000002644cf63620 WorkerThread "GC Thread#7"                     [id=7228, stack(0x000000cb6b300000,0x000000cb6b400000) (1024K)]
  0x000002642f392480 ConcurrentGCThread "G1 Main Marker"            [id=14172, stack(0x000000cb69100000,0x000000cb69200000) (1024K)]
  0x000002642f393730 WorkerThread "G1 Conc#0"                       [id=9692, stack(0x000000cb69200000,0x000000cb69300000) (1024K)]
  0x000002644c51fca0 WorkerThread "G1 Conc#1"                       [id=11016, stack(0x000000cb6b400000,0x000000cb6b500000) (1024K)]
  0x000002642f3ee850 ConcurrentGCThread "G1 Refine#0"               [id=12768, stack(0x000000cb69300000,0x000000cb69400000) (1024K)]
  0x0000026446907810 ConcurrentGCThread "G1 Service"                [id=15952, stack(0x000000cb69400000,0x000000cb69500000) (1024K)]
Total: 15

Threads with active compile tasks:
C2 CompilerThread0  8755 8955 %     4       org.gradle.internal.instantiation.generator.AbstractClassGenerator::inspectType @ 107 (560 bytes)
C2 CompilerThread1  8755 9185       4       java.lang.ThreadLocal::setInitialValue (64 bytes)
C2 CompilerThread2  8755 9109   !   4       com.google.common.reflect.TypeVisitor::visit (225 bytes)
Total: 3

VM state: not at safepoint (normal execution)

VM Mutex/Monitor currently owned by a thread: None

Heap address: 0x0000000080000000, size: 2048 MB, Compressed Oops mode: 32-bit

CDS archive(s) not mapped
Compressed class space mapped at: 0x0000000100000000-0x0000000140000000, reserved size: 1073741824
Narrow klass base: 0x0000000000000000, Narrow klass shift: 3, Narrow klass range: 0x140000000

GC Precious Log:
 CardTable entry size: 512
 Card Set container configuration: InlinePtr #cards 5 size 8 Array Of Cards #cards 12 size 40 Howl #buckets 4 coarsen threshold 1843 Howl Bitmap #cards 512 size 80 coarsen threshold 460 Card regions per heap region 1 cards per card region 2048
 CPUs: 8 total, 8 available
 Memory: 16300M
 Large Page Support: Disabled
 NUMA Support: Disabled
 Compressed Oops: Enabled (32-bit)
 Heap Region Size: 1M
 Heap Min Capacity: 8M
 Heap Initial Capacity: 256M
 Heap Max Capacity: 2G
 Pre-touch: Disabled
 Parallel Workers: 8
 Concurrent Workers: 2
 Concurrent Refinement Workers: 8
 Periodic GC: Disabled

Heap:
 garbage-first heap   total 179200K, used 128461K [0x0000000080000000, 0x0000000100000000)
  region size 1024K, 24 young (24576K), 8 survivors (8192K)
 Metaspace       used 83025K, committed 84864K, reserved 1179648K
  class space    used 11436K, committed 12352K, reserved 1048576K

Heap Regions: E=young(eden), S=young(survivor), O=old, HS=humongous(starts), HC=humongous(continues), CS=collection set, F=free, TAMS=top-at-mark-start, PB=parsable bottom
|   0|0x0000000080000000, 0x0000000080100000, 0x0000000080100000|100%| O|  |TAMS 0x0000000080000000| PB 0x0000000080000000| Untracked 
|   1|0x0000000080100000, 0x0000000080200000, 0x0000000080200000|100%|HS|  |TAMS 0x0000000080100000| PB 0x0000000080100000| Complete 
|   2|0x0000000080200000, 0x0000000080300000, 0x0000000080300000|100%|HC|  |TAMS 0x0000000080200000| PB 0x0000000080200000| Complete 
|   3|0x0000000080300000, 0x0000000080400000, 0x0000000080400000|100%|HC|  |TAMS 0x0000000080300000| PB 0x0000000080300000| Complete 
|   4|0x0000000080400000, 0x0000000080500000, 0x0000000080500000|100%|HC|  |TAMS 0x0000000080400000| PB 0x0000000080400000| Complete 
|   5|0x0000000080500000, 0x0000000080600000, 0x0000000080600000|100%| O|  |TAMS 0x0000000080500000| PB 0x0000000080500000| Untracked 
|   6|0x0000000080600000, 0x0000000080700000, 0x0000000080700000|100%| O|  |TAMS 0x0000000080600000| PB 0x0000000080600000| Untracked 
|   7|0x0000000080700000, 0x0000000080800000, 0x0000000080800000|100%| O|  |TAMS 0x0000000080700000| PB 0x0000000080700000| Untracked 
|   8|0x0000000080800000, 0x0000000080900000, 0x0000000080900000|100%| O|  |TAMS 0x0000000080800000| PB 0x0000000080800000| Untracked 
|   9|0x0000000080900000, 0x0000000080a00000, 0x0000000080a00000|100%|HS|  |TAMS 0x0000000080900000| PB 0x0000000080900000| Complete 
|  10|0x0000000080a00000, 0x0000000080b00000, 0x0000000080b00000|100%|HS|  |TAMS 0x0000000080a00000| PB 0x0000000080a00000| Complete 
|  11|0x0000000080b00000, 0x0000000080c00000, 0x0000000080c00000|100%|HC|  |TAMS 0x0000000080b00000| PB 0x0000000080b00000| Complete 
|  12|0x0000000080c00000, 0x0000000080d00000, 0x0000000080d00000|100%|HC|  |TAMS 0x0000000080c00000| PB 0x0000000080c00000| Complete 
|  13|0x0000000080d00000, 0x0000000080e00000, 0x0000000080e00000|100%|HC|  |TAMS 0x0000000080d00000| PB 0x0000000080d00000| Complete 
|  14|0x0000000080e00000, 0x0000000080f00000, 0x0000000080f00000|100%|HC|  |TAMS 0x0000000080e00000| PB 0x0000000080e00000| Complete 
|  15|0x0000000080f00000, 0x0000000081000000, 0x0000000081000000|100%|HC|  |TAMS 0x0000000080f00000| PB 0x0000000080f00000| Complete 
|  16|0x0000000081000000, 0x0000000081100000, 0x0000000081100000|100%| O|  |TAMS 0x0000000081000000| PB 0x0000000081000000| Untracked 
|  17|0x0000000081100000, 0x0000000081200000, 0x0000000081200000|100%| O|  |TAMS 0x0000000081100000| PB 0x0000000081100000| Untracked 
|  18|0x0000000081200000, 0x0000000081300000, 0x0000000081300000|100%| O|  |TAMS 0x0000000081200000| PB 0x0000000081200000| Untracked 
|  19|0x0000000081300000, 0x0000000081400000, 0x0000000081400000|100%| O|  |TAMS 0x0000000081300000| PB 0x0000000081300000| Untracked 
|  20|0x0000000081400000, 0x0000000081500000, 0x0000000081500000|100%| O|  |TAMS 0x0000000081400000| PB 0x0000000081400000| Untracked 
|  21|0x0000000081500000, 0x0000000081600000, 0x0000000081600000|100%| O|  |TAMS 0x0000000081500000| PB 0x0000000081500000| Untracked 
|  22|0x0000000081600000, 0x0000000081700000, 0x0000000081700000|100%| O|  |TAMS 0x0000000081600000| PB 0x0000000081600000| Untracked 
|  23|0x0000000081700000, 0x0000000081800000, 0x0000000081800000|100%| O|  |TAMS 0x0000000081700000| PB 0x0000000081700000| Untracked 
|  24|0x0000000081800000, 0x0000000081900000, 0x0000000081900000|100%|HS|  |TAMS 0x0000000081800000| PB 0x0000000081800000| Complete 
|  25|0x0000000081900000, 0x0000000081a00000, 0x0000000081a00000|100%| O|  |TAMS 0x0000000081900000| PB 0x0000000081900000| Untracked 
|  26|0x0000000081a00000, 0x0000000081b00000, 0x0000000081b00000|100%| O|  |TAMS 0x0000000081a00000| PB 0x0000000081a00000| Untracked 
|  27|0x0000000081b00000, 0x0000000081c00000, 0x0000000081c00000|100%| O|  |TAMS 0x0000000081b00000| PB 0x0000000081b00000| Untracked 
|  28|0x0000000081c00000, 0x0000000081d00000, 0x0000000081d00000|100%| O|  |TAMS 0x0000000081c00000| PB 0x0000000081c00000| Untracked 
|  29|0x0000000081d00000, 0x0000000081e00000, 0x0000000081e00000|100%| O|  |TAMS 0x0000000081d00000| PB 0x0000000081d00000| Untracked 
|  30|0x0000000081e00000, 0x0000000081f00000, 0x0000000081f00000|100%|HS|  |TAMS 0x0000000081e00000| PB 0x0000000081e00000| Complete 
|  31|0x0000000081f00000, 0x0000000082000000, 0x0000000082000000|100%|HC|  |TAMS 0x0000000081f00000| PB 0x0000000081f00000| Complete 
|  32|0x0000000082000000, 0x0000000082100000, 0x0000000082100000|100%|HS|  |TAMS 0x0000000082000000| PB 0x0000000082000000| Complete 
|  33|0x0000000082100000, 0x0000000082200000, 0x0000000082200000|100%|HC|  |TAMS 0x0000000082100000| PB 0x0000000082100000| Complete 
|  34|0x0000000082200000, 0x0000000082300000, 0x0000000082300000|100%|HC|  |TAMS 0x0000000082200000| PB 0x0000000082200000| Complete 
|  35|0x0000000082300000, 0x0000000082400000, 0x0000000082400000|100%|HC|  |TAMS 0x0000000082300000| PB 0x0000000082300000| Complete 
|  36|0x0000000082400000, 0x0000000082500000, 0x0000000082500000|100%|HC|  |TAMS 0x0000000082400000| PB 0x0000000082400000| Complete 
|  37|0x0000000082500000, 0x0000000082600000, 0x0000000082600000|100%|HC|  |TAMS 0x0000000082500000| PB 0x0000000082500000| Complete 
|  38|0x0000000082600000, 0x0000000082700000, 0x0000000082700000|100%|HS|  |TAMS 0x0000000082600000| PB 0x0000000082600000| Complete 
|  39|0x0000000082700000, 0x0000000082800000, 0x0000000082800000|100%|HC|  |TAMS 0x0000000082700000| PB 0x0000000082700000| Complete 
|  40|0x0000000082800000, 0x0000000082900000, 0x0000000082900000|100%| O|  |TAMS 0x0000000082800000| PB 0x0000000082800000| Untracked 
|  41|0x0000000082900000, 0x0000000082a00000, 0x0000000082a00000|100%| O|  |TAMS 0x0000000082900000| PB 0x0000000082900000| Untracked 
|  42|0x0000000082a00000, 0x0000000082b00000, 0x0000000082b00000|100%| O|  |TAMS 0x0000000082a00000| PB 0x0000000082a00000| Untracked 
|  43|0x0000000082b00000, 0x0000000082c00000, 0x0000000082c00000|100%| O|  |TAMS 0x0000000082b00000| PB 0x0000000082b00000| Untracked 
|  44|0x0000000082c00000, 0x0000000082d00000, 0x0000000082d00000|100%| O|  |TAMS 0x0000000082c00000| PB 0x0000000082c00000| Untracked 
|  45|0x0000000082d00000, 0x0000000082e00000, 0x0000000082e00000|100%| O|  |TAMS 0x0000000082d00000| PB 0x0000000082d00000| Untracked 
|  46|0x0000000082e00000, 0x0000000082f00000, 0x0000000082f00000|100%| O|  |TAMS 0x0000000082e00000| PB 0x0000000082e00000| Untracked 
|  47|0x0000000082f00000, 0x0000000083000000, 0x0000000083000000|100%| O|  |TAMS 0x0000000082f00000| PB 0x0000000082f00000| Untracked 
|  48|0x0000000083000000, 0x0000000083100000, 0x0000000083100000|100%| O|  |TAMS 0x0000000083000000| PB 0x0000000083000000| Untracked 
|  49|0x0000000083100000, 0x0000000083200000, 0x0000000083200000|100%| O|  |TAMS 0x0000000083100000| PB 0x0000000083100000| Untracked 
|  50|0x0000000083200000, 0x0000000083300000, 0x0000000083300000|100%| O|  |TAMS 0x0000000083200000| PB 0x0000000083200000| Untracked 
|  51|0x0000000083300000, 0x0000000083400000, 0x0000000083400000|100%| O|  |TAMS 0x0000000083300000| PB 0x0000000083300000| Untracked 
|  52|0x0000000083400000, 0x0000000083500000, 0x0000000083500000|100%| O|  |TAMS 0x0000000083400000| PB 0x0000000083400000| Untracked 
|  53|0x0000000083500000, 0x0000000083600000, 0x0000000083600000|100%| O|  |TAMS 0x0000000083500000| PB 0x0000000083500000| Untracked 
|  54|0x0000000083600000, 0x0000000083700000, 0x0000000083700000|100%|HS|  |TAMS 0x0000000083600000| PB 0x0000000083600000| Complete 
|  55|0x0000000083700000, 0x0000000083800000, 0x0000000083800000|100%|HC|  |TAMS 0x0000000083700000| PB 0x0000000083700000| Complete 
|  56|0x0000000083800000, 0x0000000083900000, 0x0000000083900000|100%| O|  |TAMS 0x0000000083800000| PB 0x0000000083800000| Untracked 
|  57|0x0000000083900000, 0x0000000083a00000, 0x0000000083a00000|100%| O|  |TAMS 0x0000000083900000| PB 0x0000000083900000| Untracked 
|  58|0x0000000083a00000, 0x0000000083b00000, 0x0000000083b00000|100%| O|  |TAMS 0x0000000083a00000| PB 0x0000000083a00000| Untracked 
|  59|0x0000000083b00000, 0x0000000083c00000, 0x0000000083c00000|100%| O|  |TAMS 0x0000000083b00000| PB 0x0000000083b00000| Untracked 
|  60|0x0000000083c00000, 0x0000000083d00000, 0x0000000083d00000|100%| O|  |TAMS 0x0000000083c00000| PB 0x0000000083c00000| Untracked 
|  61|0x0000000083d00000, 0x0000000083e00000, 0x0000000083e00000|100%| O|  |TAMS 0x0000000083d00000| PB 0x0000000083d00000| Untracked 
|  62|0x0000000083e00000, 0x0000000083f00000, 0x0000000083f00000|100%| O|  |TAMS 0x0000000083e00000| PB 0x0000000083e00000| Untracked 
|  63|0x0000000083f00000, 0x0000000083f00000, 0x0000000084000000|  0%| F|  |TAMS 0x0000000083f00000| PB 0x0000000083f00000| Untracked 
|  64|0x0000000084000000, 0x0000000084000000, 0x0000000084100000|  0%| F|  |TAMS 0x0000000084000000| PB 0x0000000084000000| Untracked 
|  65|0x0000000084100000, 0x0000000084200000, 0x0000000084200000|100%| O|  |TAMS 0x0000000084100000| PB 0x0000000084100000| Untracked 
|  66|0x0000000084200000, 0x0000000084300000, 0x0000000084300000|100%| O|  |TAMS 0x0000000084200000| PB 0x0000000084200000| Untracked 
|  67|0x0000000084300000, 0x0000000084300000, 0x0000000084400000|  0%| F|  |TAMS 0x0000000084300000| PB 0x0000000084300000| Untracked 
|  68|0x0000000084400000, 0x0000000084500000, 0x0000000084500000|100%| O|  |TAMS 0x0000000084400000| PB 0x0000000084400000| Untracked 
|  69|0x0000000084500000, 0x0000000084600000, 0x0000000084600000|100%| O|  |TAMS 0x0000000084500000| PB 0x0000000084500000| Untracked 
|  70|0x0000000084600000, 0x0000000084700000, 0x0000000084700000|100%| O|  |TAMS 0x0000000084600000| PB 0x0000000084600000| Untracked 
|  71|0x0000000084700000, 0x0000000084800000, 0x0000000084800000|100%| O|  |TAMS 0x0000000084700000| PB 0x0000000084700000| Untracked 
|  72|0x0000000084800000, 0x0000000084900000, 0x0000000084900000|100%| O|  |TAMS 0x0000000084800000| PB 0x0000000084800000| Untracked 
|  73|0x0000000084900000, 0x0000000084900000, 0x0000000084a00000|  0%| F|  |TAMS 0x0000000084900000| PB 0x0000000084900000| Untracked 
|  74|0x0000000084a00000, 0x0000000084b00000, 0x0000000084b00000|100%| O|  |TAMS 0x0000000084a00000| PB 0x0000000084a00000| Untracked 
|  75|0x0000000084b00000, 0x0000000084c00000, 0x0000000084c00000|100%|HS|  |TAMS 0x0000000084b00000| PB 0x0000000084b00000| Complete 
|  76|0x0000000084c00000, 0x0000000084d00000, 0x0000000084d00000|100%|HS|  |TAMS 0x0000000084c00000| PB 0x0000000084c00000| Complete 
|  77|0x0000000084d00000, 0x0000000084e00000, 0x0000000084e00000|100%|HS|  |TAMS 0x0000000084d00000| PB 0x0000000084d00000| Complete 
|  78|0x0000000084e00000, 0x0000000084f00000, 0x0000000084f00000|100%|HC|  |TAMS 0x0000000084e00000| PB 0x0000000084e00000| Complete 
|  79|0x0000000084f00000, 0x0000000085000000, 0x0000000085000000|100%|HS|  |TAMS 0x0000000084f00000| PB 0x0000000084f00000| Complete 
|  80|0x0000000085000000, 0x0000000085100000, 0x0000000085100000|100%|HC|  |TAMS 0x0000000085000000| PB 0x0000000085000000| Complete 
|  81|0x0000000085100000, 0x0000000085200000, 0x0000000085200000|100%|HS|  |TAMS 0x0000000085100000| PB 0x0000000085100000| Complete 
|  82|0x0000000085200000, 0x0000000085300000, 0x0000000085300000|100%|HS|  |TAMS 0x0000000085200000| PB 0x0000000085200000| Complete 
|  83|0x0000000085300000, 0x0000000085400000, 0x0000000085400000|100%|HS|  |TAMS 0x0000000085300000| PB 0x0000000085300000| Complete 
|  84|0x0000000085400000, 0x0000000085500000, 0x0000000085500000|100%| O|  |TAMS 0x0000000085400000| PB 0x0000000085400000| Untracked 
|  85|0x0000000085500000, 0x0000000085600000, 0x0000000085600000|100%|HS|  |TAMS 0x0000000085500000| PB 0x0000000085500000| Complete 
|  86|0x0000000085600000, 0x0000000085700000, 0x0000000085700000|100%| O|  |TAMS 0x0000000085600000| PB 0x0000000085600000| Untracked 
|  87|0x0000000085700000, 0x0000000085800000, 0x0000000085800000|100%| O|  |TAMS 0x0000000085700000| PB 0x0000000085700000| Untracked 
|  88|0x0000000085800000, 0x0000000085900000, 0x0000000085900000|100%| O|  |TAMS 0x0000000085800000| PB 0x0000000085800000| Untracked 
|  89|0x0000000085900000, 0x0000000085a00000, 0x0000000085a00000|100%| O|  |TAMS 0x0000000085900000| PB 0x0000000085900000| Untracked 
|  90|0x0000000085a00000, 0x0000000085b00000, 0x0000000085b00000|100%| O|  |TAMS 0x0000000085a00000| PB 0x0000000085a00000| Untracked 
|  91|0x0000000085b00000, 0x0000000085b00000, 0x0000000085c00000|  0%| F|  |TAMS 0x0000000085b00000| PB 0x0000000085b00000| Untracked 
|  92|0x0000000085c00000, 0x0000000085d00000, 0x0000000085d00000|100%|HS|  |TAMS 0x0000000085c00000| PB 0x0000000085c00000| Complete 
|  93|0x0000000085d00000, 0x0000000085e00000, 0x0000000085e00000|100%|HC|  |TAMS 0x0000000085d00000| PB 0x0000000085d00000| Complete 
|  94|0x0000000085e00000, 0x0000000085f00000, 0x0000000085f00000|100%|HC|  |TAMS 0x0000000085e00000| PB 0x0000000085e00000| Complete 
|  95|0x0000000085f00000, 0x0000000086000000, 0x0000000086000000|100%|HC|  |TAMS 0x0000000085f00000| PB 0x0000000085f00000| Complete 
|  96|0x0000000086000000, 0x0000000086100000, 0x0000000086100000|100%| O|  |TAMS 0x0000000086000000| PB 0x0000000086000000| Untracked 
|  97|0x0000000086100000, 0x0000000086200000, 0x0000000086200000|100%| O|  |TAMS 0x0000000086100000| PB 0x0000000086100000| Untracked 
|  98|0x0000000086200000, 0x0000000086300000, 0x0000000086300000|100%| O|  |TAMS 0x0000000086200000| PB 0x0000000086200000| Untracked 
|  99|0x0000000086300000, 0x0000000086300000, 0x0000000086400000|  0%| F|  |TAMS 0x0000000086300000| PB 0x0000000086300000| Untracked 
| 100|0x0000000086400000, 0x0000000086500000, 0x0000000086500000|100%|HS|  |TAMS 0x0000000086400000| PB 0x0000000086400000| Complete 
| 101|0x0000000086500000, 0x0000000086600000, 0x0000000086600000|100%| O|  |TAMS 0x0000000086500000| PB 0x0000000086500000| Untracked 
| 102|0x0000000086600000, 0x00000000866736e8, 0x0000000086700000| 45%| O|  |TAMS 0x0000000086600000| PB 0x0000000086600000| Untracked 
| 103|0x0000000086700000, 0x0000000086800000, 0x0000000086800000|100%| S|CS|TAMS 0x0000000086700000| PB 0x0000000086700000| Complete 
| 104|0x0000000086800000, 0x0000000086900000, 0x0000000086900000|100%| O|  |TAMS 0x0000000086800000| PB 0x0000000086800000| Untracked 
| 105|0x0000000086900000, 0x0000000086a00000, 0x0000000086a00000|100%| O|  |TAMS 0x0000000086900000| PB 0x0000000086900000| Untracked 
| 106|0x0000000086a00000, 0x0000000086b00000, 0x0000000086b00000|100%| S|CS|TAMS 0x0000000086a00000| PB 0x0000000086a00000| Complete 
| 107|0x0000000086b00000, 0x0000000086c00000, 0x0000000086c00000|100%| S|CS|TAMS 0x0000000086b00000| PB 0x0000000086b00000| Complete 
| 108|0x0000000086c00000, 0x0000000086d00000, 0x0000000086d00000|100%| S|CS|TAMS 0x0000000086c00000| PB 0x0000000086c00000| Complete 
| 109|0x0000000086d00000, 0x0000000086e00000, 0x0000000086e00000|100%| S|CS|TAMS 0x0000000086d00000| PB 0x0000000086d00000| Complete 
| 110|0x0000000086e00000, 0x0000000086f00000, 0x0000000086f00000|100%| S|CS|TAMS 0x0000000086e00000| PB 0x0000000086e00000| Complete 
| 111|0x0000000086f00000, 0x0000000087000000, 0x0000000087000000|100%| S|CS|TAMS 0x0000000086f00000| PB 0x0000000086f00000| Complete 
| 112|0x0000000087000000, 0x0000000087100000, 0x0000000087100000|100%| S|CS|TAMS 0x0000000087000000| PB 0x0000000087000000| Complete 
| 113|0x0000000087100000, 0x0000000087100000, 0x0000000087200000|  0%| F|  |TAMS 0x0000000087100000| PB 0x0000000087100000| Untracked 
| 114|0x0000000087200000, 0x0000000087200000, 0x0000000087300000|  0%| F|  |TAMS 0x0000000087200000| PB 0x0000000087200000| Untracked 
| 115|0x0000000087300000, 0x0000000087300000, 0x0000000087400000|  0%| F|  |TAMS 0x0000000087300000| PB 0x0000000087300000| Untracked 
| 116|0x0000000087400000, 0x0000000087400000, 0x0000000087500000|  0%| F|  |TAMS 0x0000000087400000| PB 0x0000000087400000| Untracked 
| 117|0x0000000087500000, 0x0000000087500000, 0x0000000087600000|  0%| F|  |TAMS 0x0000000087500000| PB 0x0000000087500000| Untracked 
| 118|0x0000000087600000, 0x0000000087600000, 0x0000000087700000|  0%| F|  |TAMS 0x0000000087600000| PB 0x0000000087600000| Untracked 
| 119|0x0000000087700000, 0x0000000087700000, 0x0000000087800000|  0%| F|  |TAMS 0x0000000087700000| PB 0x0000000087700000| Untracked 
| 120|0x0000000087800000, 0x0000000087800000, 0x0000000087900000|  0%| F|  |TAMS 0x0000000087800000| PB 0x0000000087800000| Untracked 
| 121|0x0000000087900000, 0x0000000087900000, 0x0000000087a00000|  0%| F|  |TAMS 0x0000000087900000| PB 0x0000000087900000| Untracked 
| 122|0x0000000087a00000, 0x0000000087a00000, 0x0000000087b00000|  0%| F|  |TAMS 0x0000000087a00000| PB 0x0000000087a00000| Untracked 
| 123|0x0000000087b00000, 0x0000000087b00000, 0x0000000087c00000|  0%| F|  |TAMS 0x0000000087b00000| PB 0x0000000087b00000| Untracked 
| 124|0x0000000087c00000, 0x0000000087c00000, 0x0000000087d00000|  0%| F|  |TAMS 0x0000000087c00000| PB 0x0000000087c00000| Untracked 
| 125|0x0000000087d00000, 0x0000000087d00000, 0x0000000087e00000|  0%| F|  |TAMS 0x0000000087d00000| PB 0x0000000087d00000| Untracked 
| 126|0x0000000087e00000, 0x0000000087e00000, 0x0000000087f00000|  0%| F|  |TAMS 0x0000000087e00000| PB 0x0000000087e00000| Untracked 
| 127|0x0000000087f00000, 0x0000000087f00000, 0x0000000088000000|  0%| F|  |TAMS 0x0000000087f00000| PB 0x0000000087f00000| Untracked 
| 128|0x0000000088000000, 0x0000000088000000, 0x0000000088100000|  0%| F|  |TAMS 0x0000000088000000| PB 0x0000000088000000| Untracked 
| 129|0x0000000088100000, 0x0000000088100000, 0x0000000088200000|  0%| F|  |TAMS 0x0000000088100000| PB 0x0000000088100000| Untracked 
| 130|0x0000000088200000, 0x0000000088200000, 0x0000000088300000|  0%| F|  |TAMS 0x0000000088200000| PB 0x0000000088200000| Untracked 
| 131|0x0000000088300000, 0x0000000088300000, 0x0000000088400000|  0%| F|  |TAMS 0x0000000088300000| PB 0x0000000088300000| Untracked 
| 132|0x0000000088400000, 0x0000000088400000, 0x0000000088500000|  0%| F|  |TAMS 0x0000000088400000| PB 0x0000000088400000| Untracked 
| 133|0x0000000088500000, 0x0000000088500000, 0x0000000088600000|  0%| F|  |TAMS 0x0000000088500000| PB 0x0000000088500000| Untracked 
| 134|0x0000000088600000, 0x0000000088600000, 0x0000000088700000|  0%| F|  |TAMS 0x0000000088600000| PB 0x0000000088600000| Untracked 
| 135|0x0000000088700000, 0x0000000088700000, 0x0000000088800000|  0%| F|  |TAMS 0x0000000088700000| PB 0x0000000088700000| Untracked 
| 136|0x0000000088800000, 0x0000000088800000, 0x0000000088900000|  0%| F|  |TAMS 0x0000000088800000| PB 0x0000000088800000| Untracked 
| 137|0x0000000088900000, 0x0000000088900000, 0x0000000088a00000|  0%| F|  |TAMS 0x0000000088900000| PB 0x0000000088900000| Untracked 
| 138|0x0000000088a00000, 0x0000000088a00000, 0x0000000088b00000|  0%| F|  |TAMS 0x0000000088a00000| PB 0x0000000088a00000| Untracked 
| 139|0x0000000088b00000, 0x0000000088b00000, 0x0000000088c00000|  0%| F|  |TAMS 0x0000000088b00000| PB 0x0000000088b00000| Untracked 
| 140|0x0000000088c00000, 0x0000000088c00000, 0x0000000088d00000|  0%| F|  |TAMS 0x0000000088c00000| PB 0x0000000088c00000| Untracked 
| 141|0x0000000088d00000, 0x0000000088d00000, 0x0000000088e00000|  0%| F|  |TAMS 0x0000000088d00000| PB 0x0000000088d00000| Untracked 
| 142|0x0000000088e00000, 0x0000000088e00000, 0x0000000088f00000|  0%| F|  |TAMS 0x0000000088e00000| PB 0x0000000088e00000| Untracked 
| 143|0x0000000088f00000, 0x0000000088f00000, 0x0000000089000000|  0%| F|  |TAMS 0x0000000088f00000| PB 0x0000000088f00000| Untracked 
| 144|0x0000000089000000, 0x0000000089000000, 0x0000000089100000|  0%| F|  |TAMS 0x0000000089000000| PB 0x0000000089000000| Untracked 
| 145|0x0000000089100000, 0x0000000089100000, 0x0000000089200000|  0%| F|  |TAMS 0x0000000089100000| PB 0x0000000089100000| Untracked 
| 146|0x0000000089200000, 0x0000000089200000, 0x0000000089300000|  0%| F|  |TAMS 0x0000000089200000| PB 0x0000000089200000| Untracked 
| 147|0x0000000089300000, 0x0000000089300000, 0x0000000089400000|  0%| F|  |TAMS 0x0000000089300000| PB 0x0000000089300000| Untracked 
| 148|0x0000000089400000, 0x0000000089400000, 0x0000000089500000|  0%| F|  |TAMS 0x0000000089400000| PB 0x0000000089400000| Untracked 
| 149|0x0000000089500000, 0x0000000089500000, 0x0000000089600000|  0%| F|  |TAMS 0x0000000089500000| PB 0x0000000089500000| Untracked 
| 150|0x0000000089600000, 0x0000000089600000, 0x0000000089700000|  0%| F|  |TAMS 0x0000000089600000| PB 0x0000000089600000| Untracked 
| 151|0x0000000089700000, 0x0000000089700000, 0x0000000089800000|  0%| F|  |TAMS 0x0000000089700000| PB 0x0000000089700000| Untracked 
| 152|0x0000000089800000, 0x0000000089800000, 0x0000000089900000|  0%| F|  |TAMS 0x0000000089800000| PB 0x0000000089800000| Untracked 
| 153|0x0000000089900000, 0x0000000089900000, 0x0000000089a00000|  0%| F|  |TAMS 0x0000000089900000| PB 0x0000000089900000| Untracked 
| 154|0x0000000089a00000, 0x0000000089a80000, 0x0000000089b00000| 50%| E|  |TAMS 0x0000000089a00000| PB 0x0000000089a00000| Complete 
| 155|0x0000000089b00000, 0x0000000089c00000, 0x0000000089c00000|100%| E|CS|TAMS 0x0000000089b00000| PB 0x0000000089b00000| Complete 
| 156|0x0000000089c00000, 0x0000000089d00000, 0x0000000089d00000|100%| E|CS|TAMS 0x0000000089c00000| PB 0x0000000089c00000| Complete 
| 157|0x0000000089d00000, 0x0000000089e00000, 0x0000000089e00000|100%| E|CS|TAMS 0x0000000089d00000| PB 0x0000000089d00000| Complete 
| 214|0x000000008d600000, 0x000000008d700000, 0x000000008d700000|100%| E|CS|TAMS 0x000000008d600000| PB 0x000000008d600000| Complete 
| 215|0x000000008d700000, 0x000000008d800000, 0x000000008d800000|100%| E|CS|TAMS 0x000000008d700000| PB 0x000000008d700000| Complete 
| 216|0x000000008d800000, 0x000000008d900000, 0x000000008d900000|100%| E|CS|TAMS 0x000000008d800000| PB 0x000000008d800000| Complete 
| 217|0x000000008d900000, 0x000000008da00000, 0x000000008da00000|100%| E|CS|TAMS 0x000000008d900000| PB 0x000000008d900000| Complete 
| 218|0x000000008da00000, 0x000000008db00000, 0x000000008db00000|100%| E|CS|TAMS 0x000000008da00000| PB 0x000000008da00000| Complete 
| 219|0x000000008db00000, 0x000000008dc00000, 0x000000008dc00000|100%| E|CS|TAMS 0x000000008db00000| PB 0x000000008db00000| Complete 
| 220|0x000000008dc00000, 0x000000008dd00000, 0x000000008dd00000|100%| E|CS|TAMS 0x000000008dc00000| PB 0x000000008dc00000| Complete 
| 221|0x000000008dd00000, 0x000000008de00000, 0x000000008de00000|100%| E|CS|TAMS 0x000000008dd00000| PB 0x000000008dd00000| Complete 
| 222|0x000000008de00000, 0x000000008df00000, 0x000000008df00000|100%| E|CS|TAMS 0x000000008de00000| PB 0x000000008de00000| Complete 
| 223|0x000000008df00000, 0x000000008e000000, 0x000000008e000000|100%| E|CS|TAMS 0x000000008df00000| PB 0x000000008df00000| Complete 
| 224|0x000000008e000000, 0x000000008e100000, 0x000000008e100000|100%| E|CS|TAMS 0x000000008e000000| PB 0x000000008e000000| Complete 
| 255|0x000000008ff00000, 0x0000000090000000, 0x0000000090000000|100%| E|CS|TAMS 0x000000008ff00000| PB 0x000000008ff00000| Complete 
|2043|0x00000000ffb00000, 0x00000000ffc00000, 0x00000000ffc00000|100%| O|  |TAMS 0x00000000ffb00000| PB 0x00000000ffb00000| Untracked 
|2044|0x00000000ffc00000, 0x00000000ffd00000, 0x00000000ffd00000|100%| E|CS|TAMS 0x00000000ffc00000| PB 0x00000000ffc00000| Complete 
|2045|0x00000000ffd00000, 0x00000000ffe00000, 0x00000000ffe00000|100%| O|  |TAMS 0x00000000ffd00000| PB 0x00000000ffd00000| Untracked 
|2046|0x00000000ffe00000, 0x00000000fff00000, 0x00000000fff00000|100%| O|  |TAMS 0x00000000ffe00000| PB 0x00000000ffe00000| Untracked 
|2047|0x00000000fff00000, 0x0000000100000000, 0x0000000100000000|100%| O|  |TAMS 0x00000000fff00000| PB 0x00000000fff00000| Untracked 

Card table byte_map: [0x0000026441bc0000,0x0000026441fc0000] _byte_map_base: 0x00000264417c0000

Marking Bits: (CMBitMap*) 0x000002642f381a30
 Bits: [0x0000026441fc0000, 0x0000026443fc0000)

Polling page: 0x000002642d160000

Metaspace:

Usage:
  Non-class:     69.94 MB used.
      Class:     11.18 MB used.
       Both:     81.12 MB used.

Virtual space:
  Non-class space:      128.00 MB reserved,      70.88 MB ( 55%) committed,  2 nodes.
      Class space:        1.00 GB reserved,      12.06 MB (  1%) committed,  1 nodes.
             Both:        1.12 GB reserved,      82.94 MB (  7%) committed. 

Chunk freelists:
   Non-Class:  8.84 MB
       Class:  3.95 MB
        Both:  12.80 MB

MaxMetaspaceSize: unlimited
CompressedClassSpaceSize: 1.00 GB
Initial GC threshold: 21.00 MB
Current GC threshold: 122.62 MB
CDS: off
 - commit_granule_bytes: 65536.
 - commit_granule_words: 8192.
 - virtual_space_node_default_size: 8388608.
 - enlarge_chunks_in_place: 1.
 - use_allocation_guard: 0.


Internal statistics:

num_allocs_failed_limit: 6.
num_arena_births: 3522.
num_arena_deaths: 0.
num_vsnodes_births: 3.
num_vsnodes_deaths: 0.
num_space_committed: 1327.
num_space_uncommitted: 0.
num_chunks_returned_to_freelist: 6.
num_chunks_taken_from_freelist: 6969.
num_chunk_merges: 6.
num_chunk_splits: 4543.
num_chunks_enlarged: 2789.
num_inconsistent_stats: 0.

CodeHeap 'non-profiled nmethods': size=120000Kb used=5029Kb max_used=5029Kb free=114970Kb
 bounds [0x0000026439f60000, 0x000002643a450000, 0x0000026441490000]
CodeHeap 'profiled nmethods': size=120000Kb used=14454Kb max_used=14454Kb free=105545Kb
 bounds [0x0000026432490000, 0x00000264332b0000, 0x00000264399c0000]
CodeHeap 'non-nmethods': size=5760Kb used=2624Kb max_used=2765Kb free=3136Kb
 bounds [0x00000264399c0000, 0x0000026439c90000, 0x0000026439f60000]
CodeCache: size=245760Kb, used=22107Kb, max_used=22248Kb, free=223651Kb
 total_blobs=8799, nmethods=7888, adapters=812, full_count=0
Compilation: enabled, stopped_count=0, restarted_count=0

Compilation events (20 events):
Event: 8.716 Thread 0x0000026446ca3d10 nmethod 9159 0x000002643329d610 code [0x000002643329d800, 0x000002643329dcb0]
Event: 8.716 Thread 0x0000026446ca3d10 9160       3       org.gradle.api.internal.AbstractMutationGuard::<init> (5 bytes)
Event: 8.716 Thread 0x0000026446ca3d10 nmethod 9160 0x000002643329de90 code [0x000002643329e040, 0x000002643329e1a8]
Event: 8.716 Thread 0x0000026446ca3d10 9162       3       org.gradle.tooling.internal.provider.runner.PluginApplicationTracker::started (152 bytes)
Event: 8.717 Thread 0x0000026446ca3d10 nmethod 9162 0x000002643329e290 code [0x000002643329e6e0, 0x00000264332a0a00]
Event: 8.717 Thread 0x0000026446ca3d10 9169       3       org.gradle.tooling.internal.provider.runner.TaskOperationMapper$PostProcessors::finished (43 bytes)
Event: 8.717 Thread 0x0000026446ca3d10 nmethod 9169 0x00000264332a1510 code [0x00000264332a1720, 0x00000264332a1c90]
Event: 8.717 Thread 0x0000026446ca3d10 9161       3       org.gradle.internal.Describables::of (10 bytes)
Event: 8.717 Thread 0x0000026446ca3d10 nmethod 9161 0x00000264332a1e90 code [0x00000264332a2060, 0x00000264332a23d0]
Event: 8.717 Thread 0x0000026446ca3d10 9163       3       org.gradle.internal.operations.BuildOperationCategory::toCategory (18 bytes)
Event: 8.717 Thread 0x0000026446ca3d10 nmethod 9163 0x00000264332a2510 code [0x00000264332a26c0, 0x00000264332a29e0]
Event: 8.717 Thread 0x0000026446ca3d10 9164       3       org.gradle.internal.logging.progress.DefaultProgressLoggerFactory::newOperation (93 bytes)
Event: 8.718 Thread 0x0000026446ca3d10 nmethod 9164 0x00000264332a2a90 code [0x00000264332a2ca0, 0x00000264332a3378]
Event: 8.718 Thread 0x0000026446ca3d10 9165       3       org.gradle.internal.logging.progress.DefaultProgressLoggerFactory$ProgressLoggerImpl::access$002 (7 bytes)
Event: 8.718 Thread 0x0000026446ca3d10 nmethod 9165 0x00000264332a3610 code [0x00000264332a37a0, 0x00000264332a3898]
Event: 8.718 Thread 0x0000026446ca3d10 9166       3       org.gradle.internal.logging.services.ProgressLoggingBridge::started (11 bytes)
Event: 8.718 Thread 0x0000026446ca3d10 nmethod 9166 0x00000264332a3990 code [0x00000264332a3b40, 0x00000264332a3d10]
Event: 8.718 Thread 0x0000026446ca3d10 9167       3       org.gradle.internal.logging.progress.DefaultProgressLoggerFactory$ProgressLoggerImpl::<init> (69 bytes)
Event: 8.718 Thread 0x0000026446ca3d10 nmethod 9167 0x00000264332a3e10 code [0x00000264332a3fe0, 0x00000264332a4518]
Event: 8.718 Thread 0x0000026446ca3d10 9168       3       org.gradle.internal.logging.progress.DefaultProgressLoggerFactory$ProgressLoggerImpl::assertNotStarted (63 bytes)

GC Heap History (20 events):
Event: 5.175 GC heap before
{Heap before GC invocations=18 (full 0):
 garbage-first heap   total 109568K, used 97265K [0x0000000080000000, 0x0000000100000000)
  region size 1024K, 29 young (29696K), 4 survivors (4096K)
 Metaspace       used 58339K, committed 59712K, reserved 1114112K
  class space    used 8063K, committed 8704K, reserved 1048576K
}
Event: 5.179 GC heap after
{Heap after GC invocations=19 (full 0):
 garbage-first heap   total 109568K, used 72851K [0x0000000080000000, 0x0000000100000000)
  region size 1024K, 2 young (2048K), 2 survivors (2048K)
 Metaspace       used 58339K, committed 59712K, reserved 1114112K
  class space    used 8063K, committed 8704K, reserved 1048576K
}
Event: 5.450 GC heap before
{Heap before GC invocations=19 (full 0):
 garbage-first heap   total 109568K, used 96403K [0x0000000080000000, 0x0000000100000000)
  region size 1024K, 26 young (26624K), 2 survivors (2048K)
 Metaspace       used 61596K, committed 63168K, reserved 1114112K
  class space    used 8570K, committed 9344K, reserved 1048576K
}
Event: 5.453 GC heap after
{Heap after GC invocations=20 (full 0):
 garbage-first heap   total 132096K, used 74008K [0x0000000080000000, 0x0000000100000000)
  region size 1024K, 3 young (3072K), 3 survivors (3072K)
 Metaspace       used 61596K, committed 63168K, reserved 1114112K
  class space    used 8570K, committed 9344K, reserved 1048576K
}
Event: 5.889 GC heap before
{Heap before GC invocations=21 (full 0):
 garbage-first heap   total 132096K, used 113944K [0x0000000080000000, 0x0000000100000000)
  region size 1024K, 42 young (43008K), 3 survivors (3072K)
 Metaspace       used 65170K, committed 66816K, reserved 1114112K
  class space    used 9190K, committed 9984K, reserved 1048576K
}
Event: 5.894 GC heap after
{Heap after GC invocations=22 (full 0):
 garbage-first heap   total 132096K, used 78073K [0x0000000080000000, 0x0000000100000000)
  region size 1024K, 6 young (6144K), 6 survivors (6144K)
 Metaspace       used 65170K, committed 66816K, reserved 1114112K
  class space    used 9190K, committed 9984K, reserved 1048576K
}
Event: 6.350 GC heap before
{Heap before GC invocations=22 (full 0):
 garbage-first heap   total 132096K, used 114937K [0x0000000080000000, 0x0000000100000000)
  region size 1024K, 43 young (44032K), 6 survivors (6144K)
 Metaspace       used 66880K, committed 68544K, reserved 1114112K
  class space    used 9407K, committed 10240K, reserved 1048576K
}
Event: 6.358 GC heap after
{Heap after GC invocations=23 (full 0):
 garbage-first heap   total 132096K, used 82094K [0x0000000080000000, 0x0000000100000000)
  region size 1024K, 6 young (6144K), 6 survivors (6144K)
 Metaspace       used 66880K, committed 68544K, reserved 1114112K
  class space    used 9407K, committed 10240K, reserved 1048576K
}
Event: 6.526 GC heap before
{Heap before GC invocations=23 (full 0):
 garbage-first heap   total 132096K, used 115886K [0x0000000080000000, 0x0000000100000000)
  region size 1024K, 40 young (40960K), 6 survivors (6144K)
 Metaspace       used 67217K, committed 68864K, reserved 1114112K
  class space    used 9423K, committed 10240K, reserved 1048576K
}
Event: 6.531 GC heap after
{Heap after GC invocations=24 (full 0):
 garbage-first heap   total 132096K, used 83779K [0x0000000080000000, 0x0000000100000000)
  region size 1024K, 4 young (4096K), 4 survivors (4096K)
 Metaspace       used 67217K, committed 68864K, reserved 1114112K
  class space    used 9423K, committed 10240K, reserved 1048576K
}
Event: 6.781 GC heap before
{Heap before GC invocations=25 (full 0):
 garbage-first heap   total 143360K, used 131907K [0x0000000080000000, 0x0000000100000000)
  region size 1024K, 37 young (37888K), 4 survivors (4096K)
 Metaspace       used 68606K, committed 70336K, reserved 1114112K
  class space    used 9612K, committed 10496K, reserved 1048576K
}
Event: 6.784 GC heap after
{Heap after GC invocations=26 (full 0):
 garbage-first heap   total 145408K, used 105567K [0x0000000080000000, 0x0000000100000000)
  region size 1024K, 5 young (5120K), 5 survivors (5120K)
 Metaspace       used 68606K, committed 70336K, reserved 1114112K
  class space    used 9612K, committed 10496K, reserved 1048576K
}
Event: 6.975 GC heap before
{Heap before GC invocations=26 (full 0):
 garbage-first heap   total 145408K, used 130143K [0x0000000080000000, 0x0000000100000000)
  region size 1024K, 30 young (30720K), 5 survivors (5120K)
 Metaspace       used 70516K, committed 72256K, reserved 1114112K
  class space    used 9874K, committed 10752K, reserved 1048576K
}
Event: 6.980 GC heap after
{Heap after GC invocations=27 (full 0):
 garbage-first heap   total 145408K, used 105949K [0x0000000080000000, 0x0000000100000000)
  region size 1024K, 2 young (2048K), 2 survivors (2048K)
 Metaspace       used 70516K, committed 72256K, reserved 1114112K
  class space    used 9874K, committed 10752K, reserved 1048576K
}
Event: 7.409 GC heap before
{Heap before GC invocations=27 (full 0):
 garbage-first heap   total 145408K, used 131549K [0x0000000080000000, 0x0000000100000000)
  region size 1024K, 28 young (28672K), 2 survivors (2048K)
 Metaspace       used 73237K, committed 75008K, reserved 1114112K
  class space    used 10147K, committed 11008K, reserved 1048576K
}
Event: 7.419 GC heap after
{Heap after GC invocations=28 (full 0):
 garbage-first heap   total 175104K, used 106207K [0x0000000080000000, 0x0000000100000000)
  region size 1024K, 2 young (2048K), 2 survivors (2048K)
 Metaspace       used 73237K, committed 75008K, reserved 1114112K
  class space    used 10147K, committed 11008K, reserved 1048576K
}
Event: 7.983 GC heap before
{Heap before GC invocations=29 (full 0):
 garbage-first heap   total 179200K, used 155359K [0x0000000080000000, 0x0000000100000000)
  region size 1024K, 51 young (52224K), 2 survivors (2048K)
 Metaspace       used 78943K, committed 80768K, reserved 1179648K
  class space    used 10901K, committed 11776K, reserved 1048576K
}
Event: 7.986 GC heap after
{Heap after GC invocations=30 (full 0):
 garbage-first heap   total 179200K, used 108743K [0x0000000080000000, 0x0000000100000000)
  region size 1024K, 4 young (4096K), 4 survivors (4096K)
 Metaspace       used 78943K, committed 80768K, reserved 1179648K
  class space    used 10901K, committed 11776K, reserved 1048576K
}
Event: 8.581 GC heap before
{Heap before GC invocations=30 (full 0):
 garbage-first heap   total 179200K, used 168135K [0x0000000080000000, 0x0000000100000000)
  region size 1024K, 57 young (58368K), 4 survivors (4096K)
 Metaspace       used 81899K, committed 83776K, reserved 1179648K
  class space    used 11301K, committed 12224K, reserved 1048576K
}
Event: 8.587 GC heap after
{Heap after GC invocations=31 (full 0):
 garbage-first heap   total 179200K, used 113101K [0x0000000080000000, 0x0000000100000000)
  region size 1024K, 8 young (8192K), 8 survivors (8192K)
 Metaspace       used 81899K, committed 83776K, reserved 1179648K
  class space    used 11301K, committed 12224K, reserved 1048576K
}

Dll operation events (3 events):
Event: 0.007 Loaded shared library C:\Program Files\Android\Android Studio\jbr\bin\java.dll
Event: 0.012 Loaded shared library C:\Program Files\Android\Android Studio\jbr\bin\zip.dll
Event: 0.504 Loaded shared library C:\Program Files\Android\Android Studio\jbr\bin\verify.dll

Deoptimization events (20 events):
Event: 8.474 Thread 0x000002644cf4b7f0 DEOPT PACKING pc=0x000002643a4173c0 sp=0x000000cb6aef4be0
Event: 8.474 Thread 0x000002644cf4b7f0 DEOPT UNPACKING pc=0x0000026439a143a2 sp=0x000000cb6aef4b40 mode 2
Event: 8.681 Thread 0x000002644cf4b7f0 Uncommon trap: trap_request=0xffffff45 fr.pc=0x000002643a3d9930 relative=0x00000000000003b0
Event: 8.681 Thread 0x000002644cf4b7f0 Uncommon trap: reason=unstable_if action=reinterpret pc=0x000002643a3d9930 method=org.gradle.internal.reflect.PropertyAccessorType.of(Ljava/lang/reflect/Method;)Lorg/gradle/internal/reflect/PropertyAccessorType; @ 56 c2
Event: 8.681 Thread 0x000002644cf4b7f0 DEOPT PACKING pc=0x000002643a3d9930 sp=0x000000cb6aef59d0
Event: 8.681 Thread 0x000002644cf4b7f0 DEOPT UNPACKING pc=0x0000026439a143a2 sp=0x000000cb6aef5990 mode 2
Event: 8.707 Thread 0x000002644cf4b7f0 Uncommon trap: trap_request=0xffffff45 fr.pc=0x000002643a3ea204 relative=0x0000000000000164
Event: 8.707 Thread 0x000002644cf4b7f0 Uncommon trap: reason=unstable_if action=reinterpret pc=0x000002643a3ea204 method=org.objectweb.asm.ByteVector.putByteArray([BII)Lorg/objectweb/asm/ByteVector; @ 20 c2
Event: 8.707 Thread 0x000002644cf4b7f0 DEOPT PACKING pc=0x000002643a3ea204 sp=0x000000cb6aef4630
Event: 8.707 Thread 0x000002644cf4b7f0 DEOPT UNPACKING pc=0x0000026439a143a2 sp=0x000000cb6aef4600 mode 2
Event: 8.707 Thread 0x000002644cf4b7f0 Uncommon trap: trap_request=0xffffff45 fr.pc=0x000002643a3c605c relative=0x0000000000000b5c
Event: 8.707 Thread 0x000002644cf4b7f0 Uncommon trap: reason=unstable_if action=reinterpret pc=0x000002643a3c605c method=org.objectweb.asm.Label.resolve([BLorg/objectweb/asm/ByteVector;I)Z @ 81 c2
Event: 8.707 Thread 0x000002644cf4b7f0 DEOPT PACKING pc=0x000002643a3c605c sp=0x000000cb6aef4650
Event: 8.707 Thread 0x000002644cf4b7f0 DEOPT UNPACKING pc=0x0000026439a143a2 sp=0x000000cb6aef4578 mode 2
Event: 8.707 Thread 0x000002644cf4b7f0 Uncommon trap: trap_request=0xffffff45 fr.pc=0x000002643a20d488 relative=0x0000000000000268
Event: 8.707 Thread 0x000002644cf4b7f0 Uncommon trap: reason=unstable_if action=reinterpret pc=0x000002643a20d488 method=org.objectweb.asm.Label.resolve([BLorg/objectweb/asm/ByteVector;I)Z @ 81 c2
Event: 8.707 Thread 0x000002644cf4b7f0 DEOPT PACKING pc=0x000002643a20d488 sp=0x000000cb6aef45e0
Event: 8.707 Thread 0x000002644cf4b7f0 DEOPT UNPACKING pc=0x0000026439a143a2 sp=0x000000cb6aef4570 mode 2
Event: 8.710 Thread 0x000002644cf4b7f0 DEOPT PACKING pc=0x00000264326e96de sp=0x000000cb6aef4fd0
Event: 8.710 Thread 0x000002644cf4b7f0 DEOPT UNPACKING pc=0x0000026439a14b42 sp=0x000000cb6aef44b8 mode 0

Classes loaded (20 events):
Event: 7.976 Loading class java/util/Base64
Event: 7.977 Loading class java/util/Base64 done
Event: 7.977 Loading class java/util/Base64$Decoder
Event: 7.977 Loading class java/util/Base64$Decoder done
Event: 7.977 Loading class java/util/Base64$Encoder
Event: 7.977 Loading class java/util/Base64$Encoder done
Event: 7.978 Loading class java/util/jar/JarVerifier$VerifierStream
Event: 7.978 Loading class java/util/jar/JarVerifier$VerifierStream done
Event: 7.978 Loading class sun/security/util/ManifestEntryVerifier$SunProviderHolder
Event: 7.978 Loading class sun/security/util/ManifestEntryVerifier$SunProviderHolder done
Event: 8.211 Loading class java/lang/foreign/ValueLayout
Event: 8.211 Loading class java/lang/foreign/MemoryLayout
Event: 8.212 Loading class java/lang/foreign/MemoryLayout done
Event: 8.212 Loading class java/lang/foreign/ValueLayout done
Event: 8.519 Loading class java/security/KeyStore
Event: 8.520 Loading class java/security/KeyStore done
Event: 8.660 Loading class javax/xml/stream/XMLStreamException
Event: 8.660 Loading class javax/xml/stream/XMLStreamException done
Event: 8.678 Loading class sun/reflect/annotation/AnnotationInvocationHandler$1
Event: 8.679 Loading class sun/reflect/annotation/AnnotationInvocationHandler$1 done

Classes unloaded (0 events):
No events

Classes redefined (0 events):
No events

Internal exceptions (20 events):
Event: 8.675 Thread 0x000002644cf4b7f0 Exception <a 'sun/nio/fs/WindowsException'{0x000000008db8b200}> (0x000000008db8b200) 
thrown [s\src\hotspot\share\prims\jni.cpp, line 537]
Event: 8.676 Thread 0x000002644cf4b7f0 Exception <a 'sun/nio/fs/WindowsException'{0x000000008dba6798}> (0x000000008dba6798) 
thrown [s\src\hotspot\share\prims\jni.cpp, line 537]
Event: 8.677 Thread 0x000002644cf4b7f0 Exception <a 'sun/nio/fs/WindowsException'{0x000000008dbb2e70}> (0x000000008dbb2e70) 
thrown [s\src\hotspot\share\prims\jni.cpp, line 537]
Event: 8.682 Thread 0x000002644cf4b7f0 Exception <a 'sun/nio/fs/WindowsException'{0x000000008da46dd0}> (0x000000008da46dd0) 
thrown [s\src\hotspot\share\prims\jni.cpp, line 537]
Event: 8.684 Thread 0x000002644cf4b7f0 Exception <a 'sun/nio/fs/WindowsException'{0x000000008da57180}> (0x000000008da57180) 
thrown [s\src\hotspot\share\prims\jni.cpp, line 537]
Event: 8.689 Thread 0x000002644cf4b7f0 Exception <a 'sun/nio/fs/WindowsException'{0x000000008d9272a0}> (0x000000008d9272a0) 
thrown [s\src\hotspot\share\prims\jni.cpp, line 537]
Event: 8.689 Thread 0x000002644cf4b7f0 Exception <a 'sun/nio/fs/WindowsException'{0x000000008d935a70}> (0x000000008d935a70) 
thrown [s\src\hotspot\share\prims\jni.cpp, line 537]
Event: 8.691 Thread 0x000002644cf4b7f0 Exception <a 'sun/nio/fs/WindowsException'{0x000000008d977498}> (0x000000008d977498) 
thrown [s\src\hotspot\share\prims\jni.cpp, line 537]
Event: 8.692 Thread 0x000002644cf4b7f0 Exception <a 'sun/nio/fs/WindowsException'{0x000000008d985128}> (0x000000008d985128) 
thrown [s\src\hotspot\share\prims\jni.cpp, line 537]
Event: 8.693 Thread 0x000002644cf4b7f0 Exception <a 'sun/nio/fs/WindowsException'{0x000000008d9a12a0}> (0x000000008d9a12a0) 
thrown [s\src\hotspot\share\prims\jni.cpp, line 537]
Event: 8.693 Thread 0x000002644cf4b7f0 Exception <a 'sun/nio/fs/WindowsException'{0x000000008d9af038}> (0x000000008d9af038) 
thrown [s\src\hotspot\share\prims\jni.cpp, line 537]
Event: 8.693 Thread 0x000002644cf4b7f0 Exception <a 'sun/nio/fs/WindowsException'{0x000000008d9bb308}> (0x000000008d9bb308) 
thrown [s\src\hotspot\share\prims\jni.cpp, line 537]
Event: 8.695 Thread 0x000002644cf4b7f0 Exception <a 'sun/nio/fs/WindowsException'{0x000000008d9fd5a0}> (0x000000008d9fd5a0) 
thrown [s\src\hotspot\share\prims\jni.cpp, line 537]
Event: 8.696 Thread 0x000002644cf4b7f0 Exception <a 'sun/nio/fs/WindowsException'{0x000000008d866618}> (0x000000008d866618) 
thrown [s\src\hotspot\share\prims\jni.cpp, line 537]
Event: 8.697 Thread 0x000002644cf4b7f0 Exception <a 'sun/nio/fs/WindowsException'{0x000000008d8813f8}> (0x000000008d8813f8) 
thrown [s\src\hotspot\share\prims\jni.cpp, line 537]
Event: 8.698 Thread 0x000002644cf4b7f0 Exception <a 'sun/nio/fs/WindowsException'{0x000000008d88e9a8}> (0x000000008d88e9a8) 
thrown [s\src\hotspot\share\prims\jni.cpp, line 537]
Event: 8.699 Thread 0x000002644cf4b7f0 Exception <a 'sun/nio/fs/WindowsException'{0x000000008d8a1888}> (0x000000008d8a1888) 
thrown [s\src\hotspot\share\prims\jni.cpp, line 537]
Event: 8.702 Thread 0x000002644cf4b7f0 Exception <a 'sun/nio/fs/WindowsException'{0x000000008d8d96e0}> (0x000000008d8d96e0) 
thrown [s\src\hotspot\share\prims\jni.cpp, line 537]
Event: 8.707 Thread 0x000002644cf4b7f0 Implicit null exception at 0x000002643a3ea0f5 to 0x000002643a3ea1e8
Event: 8.714 Thread 0x000002644cf4b7f0 Exception <a 'sun/nio/fs/WindowsException'{0x000000008d7ad330}> (0x000000008d7ad330) 
thrown [s\src\hotspot\share\prims\jni.cpp, line 537]

ZGC Phase Switch (0 events):
No events

VM Operations (20 events):
Event: 6.576 Executing safepoint VM operation: G1PauseRemark
Event: 6.579 Executing safepoint VM operation: G1PauseRemark done
Event: 6.602 Executing safepoint VM operation: G1PauseCleanup
Event: 6.603 Executing safepoint VM operation: G1PauseCleanup done
Event: 6.781 Executing safepoint VM operation: G1CollectForAllocation (G1 Evacuation Pause)
Event: 6.784 Executing safepoint VM operation: G1CollectForAllocation (G1 Evacuation Pause) done
Event: 6.975 Executing safepoint VM operation: G1CollectForAllocation (G1 Evacuation Pause)
Event: 6.980 Executing safepoint VM operation: G1CollectForAllocation (G1 Evacuation Pause) done
Event: 7.409 Executing safepoint VM operation: G1CollectForAllocation (G1 Evacuation Pause)
Event: 7.419 Executing safepoint VM operation: G1CollectForAllocation (G1 Evacuation Pause) done
Event: 7.492 Executing safepoint VM operation: G1PauseRemark
Event: 7.496 Executing safepoint VM operation: G1PauseRemark done
Event: 7.531 Executing safepoint VM operation: G1PauseCleanup
Event: 7.531 Executing safepoint VM operation: G1PauseCleanup done
Event: 7.913 Executing non-safepoint VM operation: HandshakeAllThreads (Deoptimize)
Event: 7.913 Executing non-safepoint VM operation: HandshakeAllThreads (Deoptimize) done
Event: 7.983 Executing safepoint VM operation: G1CollectForAllocation (G1 Evacuation Pause)
Event: 7.986 Executing safepoint VM operation: G1CollectForAllocation (G1 Evacuation Pause) done
Event: 8.580 Executing safepoint VM operation: G1CollectForAllocation (G1 Evacuation Pause)
Event: 8.587 Executing safepoint VM operation: G1CollectForAllocation (G1 Evacuation Pause) done

Memory protections (0 events):
No events

Nmethod flushes (20 events):
Event: 7.496 Thread 0x0000026446ba10c0 flushing  nmethod 0x0000026432549d90
Event: 7.496 Thread 0x0000026446ba10c0 flushing  nmethod 0x000002643259c210
Event: 7.496 Thread 0x0000026446ba10c0 flushing  nmethod 0x000002643259e590
Event: 7.496 Thread 0x0000026446ba10c0 flushing  nmethod 0x00000264325a1810
Event: 7.496 Thread 0x0000026446ba10c0 flushing  nmethod 0x00000264325ed310
Event: 7.496 Thread 0x0000026446ba10c0 flushing  nmethod 0x0000026432637e10
Event: 7.496 Thread 0x0000026446ba10c0 flushing  nmethod 0x0000026432680310
Event: 7.496 Thread 0x0000026446ba10c0 flushing  nmethod 0x0000026432683a10
Event: 7.496 Thread 0x0000026446ba10c0 flushing  nmethod 0x0000026432684410
Event: 7.496 Thread 0x0000026446ba10c0 flushing  nmethod 0x0000026432845590
Event: 7.496 Thread 0x0000026446ba10c0 flushing  nmethod 0x0000026432848210
Event: 7.496 Thread 0x0000026446ba10c0 flushing  nmethod 0x0000026432967c90
Event: 7.496 Thread 0x0000026446ba10c0 flushing  nmethod 0x0000026432968d10
Event: 7.496 Thread 0x0000026446ba10c0 flushing  nmethod 0x0000026432aaa910
Event: 7.496 Thread 0x0000026446ba10c0 flushing  nmethod 0x0000026432af7990
Event: 7.496 Thread 0x0000026446ba10c0 flushing  nmethod 0x0000026432c00990
Event: 7.496 Thread 0x0000026446ba10c0 flushing  nmethod 0x0000026432cedb90
Event: 7.496 Thread 0x0000026446ba10c0 flushing  nmethod 0x0000026432d1a610
Event: 7.496 Thread 0x0000026446ba10c0 flushing  nmethod 0x0000026432d76410
Event: 7.496 Thread 0x0000026446ba10c0 flushing  nmethod 0x0000026432d94610

Events (20 events):
Event: 5.748 Thread 0x000002644cf4b7f0 Thread added: 0x00000264527d7ec0
Event: 6.276 Thread 0x000002644cf4b7f0 Thread added: 0x00000264527d71a0
Event: 6.276 Thread 0x000002644cf4b7f0 Thread added: 0x00000264527d7830
Event: 6.276 Thread 0x000002644cf4b7f0 Thread added: 0x00000264527d8be0
Event: 6.276 Thread 0x000002644cf4b7f0 Thread added: 0x00000264527da620
Event: 6.276 Thread 0x000002644cf4b7f0 Thread added: 0x00000264527d50d0
Event: 6.276 Thread 0x000002644cf4b7f0 Thread added: 0x00000264527dc6f0
Event: 6.276 Thread 0x000002644cf4b7f0 Thread added: 0x00000264527d5760
Event: 6.308 Thread 0x000002644cf4b7f0 Thread added: 0x00000264527dacb0
Event: 6.309 Thread 0x000002644cf4b7f0 Thread added: 0x00000264527d8550
Event: 6.311 Thread 0x000002644cf4b7f0 Thread added: 0x00000264527db340
Event: 6.312 Thread 0x000002644cf4b7f0 Thread added: 0x00000264527d5df0
Event: 6.313 Thread 0x000002644cf4b7f0 Thread added: 0x00000264527d9270
Event: 6.314 Thread 0x000002644cf4b7f0 Thread added: 0x00000264527d9900
Event: 6.315 Thread 0x000002644cf4b7f0 Thread added: 0x00000264527db9d0
Event: 7.358 Thread 0x000002644cff6b50 Thread exited: 0x000002644cff6b50
Event: 7.364 Thread 0x000002644bf5a220 Thread exited: 0x000002644bf5a220
Event: 7.826 Thread 0x000002644cf4b7f0 Thread added: 0x000002645157cec0
Event: 7.903 Thread 0x0000026446ca3d10 Thread added: 0x0000026451294fa0
Event: 8.003 Thread 0x0000026446ca3270 Thread added: 0x0000026451296410


Dynamic libraries:
0x00007ff64b080000 - 0x00007ff64b08a000 	C:\Program Files\Android\Android Studio\jbr\bin\java.exe
0x00007ffe14d10000 - 0x00007ffe14f28000 	C:\Windows\SYSTEM32\ntdll.dll
0x00007ffe14430000 - 0x00007ffe144f4000 	C:\Windows\System32\KERNEL32.DLL
0x00007ffe11ea0000 - 0x00007ffe12273000 	C:\Windows\System32\KERNELBASE.dll
0x00007ffe127a0000 - 0x00007ffe128b1000 	C:\Windows\System32\ucrtbase.dll
0x00007ffdec8f0000 - 0x00007ffdec90b000 	C:\Program Files\Android\Android Studio\jbr\bin\VCRUNTIME140.dll
0x00007ffded510000 - 0x00007ffded528000 	C:\Program Files\Android\Android Studio\jbr\bin\jli.dll
0x00007ffe14960000 - 0x00007ffe14b12000 	C:\Windows\System32\USER32.dll
0x00007ffe02ad0000 - 0x00007ffe02d6c000 	C:\Windows\WinSxS\amd64_microsoft.windows.common-controls_6595b64144ccf1df_6.0.22621.6060_none_2712eda17382d24b\COMCTL32.dll
0x00007ffe128c0000 - 0x00007ffe128e6000 	C:\Windows\System32\win32u.dll
0x00007ffe12be0000 - 0x00007ffe12c87000 	C:\Windows\System32\msvcrt.dll
0x00007ffe14c80000 - 0x00007ffe14ca9000 	C:\Windows\System32\GDI32.dll
0x00007ffe12510000 - 0x00007ffe1262b000 	C:\Windows\System32\gdi32full.dll
0x00007ffe12280000 - 0x00007ffe1231a000 	C:\Windows\System32\msvcp_win.dll
0x00007ffe138e0000 - 0x00007ffe13911000 	C:\Windows\System32\IMM32.DLL
0x00007ffdec8e0000 - 0x00007ffdec8ec000 	C:\Program Files\Android\Android Studio\jbr\bin\vcruntime140_1.dll
0x00007ffdd96c0000 - 0x00007ffdd974d000 	C:\Program Files\Android\Android Studio\jbr\bin\msvcp140.dll
0x00007ffdd9ed0000 - 0x00007ffddab66000 	C:\Program Files\Android\Android Studio\jbr\bin\server\jvm.dll
0x00007ffe12e60000 - 0x00007ffe12f11000 	C:\Windows\System32\ADVAPI32.dll
0x00007ffe148b0000 - 0x00007ffe14958000 	C:\Windows\System32\sechost.dll
0x00007ffe12770000 - 0x00007ffe12798000 	C:\Windows\System32\bcrypt.dll
0x00007ffe129b0000 - 0x00007ffe12ac8000 	C:\Windows\System32\RPCRT4.dll
0x00007ffe143b0000 - 0x00007ffe14421000 	C:\Windows\System32\WS2_32.dll
0x00007ffe11cf0000 - 0x00007ffe11d3d000 	C:\Windows\SYSTEM32\POWRPROF.dll
0x00007ffe0b8a0000 - 0x00007ffe0b8aa000 	C:\Windows\SYSTEM32\VERSION.dll
0x00007ffe0a830000 - 0x00007ffe0a864000 	C:\Windows\SYSTEM32\WINMM.dll
0x00007ffe11cd0000 - 0x00007ffe11ce3000 	C:\Windows\SYSTEM32\UMPDC.dll
0x00007ffe10e00000 - 0x00007ffe10e18000 	C:\Windows\SYSTEM32\kernel.appcore.dll
0x00007ffdec8d0000 - 0x00007ffdec8da000 	C:\Program Files\Android\Android Studio\jbr\bin\jimage.dll
0x00007ffe02890000 - 0x00007ffe02ac3000 	C:\Windows\SYSTEM32\DBGHELP.DLL
0x00007ffe13540000 - 0x00007ffe138d1000 	C:\Windows\System32\combase.dll
0x00007ffe14500000 - 0x00007ffe145d8000 	C:\Windows\System32\OLEAUT32.dll
0x00007ffdf79b0000 - 0x00007ffdf79e2000 	C:\Windows\SYSTEM32\dbgcore.DLL
0x00007ffe11e20000 - 0x00007ffe11e9b000 	C:\Windows\System32\bcryptPrimitives.dll
0x00007ffe0df80000 - 0x00007ffe0df8e000 	C:\Program Files\Android\Android Studio\jbr\bin\instrument.dll
0x00007ffdec100000 - 0x00007ffdec120000 	C:\Program Files\Android\Android Studio\jbr\bin\java.dll
0x00007ffdd9eb0000 - 0x00007ffdd9ec8000 	C:\Program Files\Android\Android Studio\jbr\bin\zip.dll
0x00007ffe13a90000 - 0x00007ffe1432c000 	C:\Windows\System32\SHELL32.dll
0x00007ffe12630000 - 0x00007ffe1276f000 	C:\Windows\System32\wintypes.dll
0x00007ffe0fd20000 - 0x00007ffe1063a000 	C:\Windows\SYSTEM32\windows.storage.dll
0x00007ffe12ad0000 - 0x00007ffe12bd4000 	C:\Windows\System32\SHCORE.dll
0x00007ffe12f30000 - 0x00007ffe12f99000 	C:\Windows\System32\shlwapi.dll
0x00007ffe11d50000 - 0x00007ffe11d75000 	C:\Windows\SYSTEM32\profapi.dll
0x00007ffddbd80000 - 0x00007ffddbd90000 	C:\Program Files\Android\Android Studio\jbr\bin\net.dll
0x00007ffe0c370000 - 0x00007ffe0c49c000 	C:\Windows\SYSTEM32\WINHTTP.dll
0x00007ffe112e0000 - 0x00007ffe11349000 	C:\Windows\system32\mswsock.dll
0x00007ffdd9e90000 - 0x00007ffdd9ea6000 	C:\Program Files\Android\Android Studio\jbr\bin\nio.dll
0x00007ffdec910000 - 0x00007ffdec920000 	C:\Program Files\Android\Android Studio\jbr\bin\verify.dll
0x00007ffdf14d0000 - 0x00007ffdf14f7000 	C:\Users\Annu pc\.gradle\native\c067742578af261105cb4f569cf0c3c89f3d7b1fecec35dd04571415982c5e48\windows-amd64\native-platform.dll
0x00007ffdccff0000 - 0x00007ffdcd134000 	C:\Users\Annu pc\.gradle\native\38dada09dfb8b06ba9b0570ebf7e218e3eb74d4ef43ca46872605cf95ebc2f47\windows-amd64\native-platform-file-events.dll
0x00007ffdd9a10000 - 0x00007ffdd9a19000 	C:\Program Files\Android\Android Studio\jbr\bin\management.dll
0x00007ffdd9a00000 - 0x00007ffdd9a0b000 	C:\Program Files\Android\Android Studio\jbr\bin\management_ext.dll
0x00007ffe14cb0000 - 0x00007ffe14cb8000 	C:\Windows\System32\PSAPI.DLL
0x00007ffe11540000 - 0x00007ffe1155b000 	C:\Windows\SYSTEM32\CRYPTSP.dll
0x00007ffe10d60000 - 0x00007ffe10d97000 	C:\Windows\system32\rsaenh.dll
0x00007ffe113d0000 - 0x00007ffe113f8000 	C:\Windows\SYSTEM32\USERENV.dll
0x00007ffe11530000 - 0x00007ffe1153c000 	C:\Windows\SYSTEM32\CRYPTBASE.dll
0x00007ffe108a0000 - 0x00007ffe108cd000 	C:\Windows\SYSTEM32\IPHLPAPI.DLL
0x00007ffe145e0000 - 0x00007ffe145e9000 	C:\Windows\System32\NSI.dll
0x00007ffdd9a70000 - 0x00007ffdd9a79000 	C:\Program Files\Android\Android Studio\jbr\bin\extnet.dll
0x00007ffdef660000 - 0x00007ffdef668000 	C:\Windows\system32\wshunix.dll

JVMTI agents:
C:\Users\Annu pc\.gradle\wrapper\dists\gradle-8.7-bin\bhs2wmbdwecv87pi65oeuq5iu\gradle-8.7\lib\agents\gradle-instrumentation-agent-8.7.jar path:C:\Program Files\Android\Android Studio\jbr\bin\instrument.dll, loaded, initialized, instrumentlib options:none

dbghelp: loaded successfully - version: 4.0.5 - missing functions: none
symbol engine: initialized successfully - sym options: 0x614 - pdb path: .;C:\Program Files\Android\Android Studio\jbr\bin;C:\Windows\SYSTEM32;C:\Windows\WinSxS\amd64_microsoft.windows.common-controls_6595b64144ccf1df_6.0.22621.6060_none_2712eda17382d24b;C:\Program Files\Android\Android Studio\jbr\bin\server;C:\Users\Annu pc\.gradle\native\c067742578af261105cb4f569cf0c3c89f3d7b1fecec35dd04571415982c5e48\windows-amd64;C:\Users\Annu pc\.gradle\native\38dada09dfb8b06ba9b0570ebf7e218e3eb74d4ef43ca46872605cf95ebc2f47\windows-amd64

VM Arguments:
jvm_args: --add-opens=java.base/java.util=ALL-UNNAMED --add-opens=java.base/java.lang=ALL-UNNAMED --add-opens=java.base/java.lang.invoke=ALL-UNNAMED --add-opens=java.prefs/java.util.prefs=ALL-UNNAMED --add-opens=java.base/java.nio.charset=ALL-UNNAMED --add-opens=java.base/java.net=ALL-UNNAMED --add-opens=java.base/java.util.concurrent.atomic=ALL-UNNAMED -Xmx2048m -Dfile.encoding=UTF-8 -Duser.country=US -Duser.language=en -Duser.variant -javaagent:C:\Users\Annu pc\.gradle\wrapper\dists\gradle-8.7-bin\bhs2wmbdwecv87pi65oeuq5iu\gradle-8.7\lib\agents\gradle-instrumentation-agent-8.7.jar 
java_command: org.gradle.launcher.daemon.bootstrap.GradleDaemon 8.7
java_class_path (initial): C:\Users\Annu pc\.gradle\wrapper\dists\gradle-8.7-bin\bhs2wmbdwecv87pi65oeuq5iu\gradle-8.7\lib\gradle-launcher-8.7.jar
Launcher Type: SUN_STANDARD

[Global flags]
     intx CICompilerCount                          = 4                                         {product} {ergonomic}
     uint ConcGCThreads                            = 2                                         {product} {ergonomic}
     uint G1ConcRefinementThreads                  = 8                                         {product} {ergonomic}
   size_t G1HeapRegionSize                         = 1048576                                   {product} {ergonomic}
    uintx GCDrainStackTargetSize                   = 64                                        {product} {ergonomic}
   size_t InitialHeapSize                          = 268435456                                 {product} {ergonomic}
   size_t MarkStackSize                            = 4194304                                   {product} {ergonomic}
   size_t MaxHeapSize                              = 2147483648                                {product} {command line}
   size_t MaxNewSize                               = 1287651328                                {product} {ergonomic}
   size_t MinHeapDeltaBytes                        = 1048576                                   {product} {ergonomic}
   size_t MinHeapSize                              = 8388608                                   {product} {ergonomic}
    uintx NonNMethodCodeHeapSize                   = 5839372                                {pd product} {ergonomic}
    uintx NonProfiledCodeHeapSize                  = 122909434                              {pd product} {ergonomic}
    uintx ProfiledCodeHeapSize                     = 122909434                              {pd product} {ergonomic}
    uintx ReservedCodeCacheSize                    = 251658240                              {pd product} {ergonomic}
     bool SegmentedCodeCache                       = true                                      {product} {ergonomic}
   size_t SoftMaxHeapSize                          = 2147483648                             {manageable} {ergonomic}
     bool UseCompressedOops                        = true                           {product lp64_product} {ergonomic}
     bool UseG1GC                                  = true                                      {product} {ergonomic}
     bool UseLargePagesIndividualAllocation        = false                                  {pd product} {ergonomic}

Logging:
Log output configuration:
 #0: stdout all=warning uptime,level,tags foldmultilines=false
 #1: stderr all=off uptime,level,tags foldmultilines=false

Release file:
JAVA_VERSION="21.0.10" 
MODULES="java.base java.compiler java.datatransfer java.xml java.prefs java.desktop java.instrument java.logging java.management java.security.sasl java.naming java.rmi java.management.rmi java.net.http java.scripting java.security.jgss java.transaction.xa java.sql java.sql.rowset java.xml.crypto java.se java.smartcardio jdk.accessibility jdk.internal.jvmstat jdk.attach jdk.charsets jdk.internal.opt jdk.zipfs jdk.compiler jdk.crypto.ec jdk.crypto.cryptoki jdk.dynalink jdk.hotspot.agent jdk.httpserver jdk.internal.ed jdk.internal.le jdk.internal.vm.ci jdk.jartool jdk.javadoc jdk.jcmd jdk.jdeps jdk.jdwp.agent jdk.jdi jdk.jfr jdk.jlink jdk.jsobject jdk.localedata jdk.management jdk.management.agent jdk.management.jfr jdk.naming.dns jdk.naming.rmi jdk.net jdk.sctp jdk.security.auth jdk.security.jgss jdk.unsupported jdk.unsupported.desktop jdk.xml.dom" 
IMPLEMENTOR="JetBrains s.r.o." 
JAVA_RUNTIME_VERSION="21.0.10+-14961533-b1163.108" 
LIBC="default" 
OS_ARCH="x86_64" 
OS_NAME="Windows" 
SOURCE=".:git:1351622c2ff2" 

Environment Variables:
JAVA_HOME=C:\Program Files\Eclipse Adoptium\jdk-17.0.18.8-hotspot
PATH=C:\Program Files\Eclipse Adoptium\jdk-17.0.18.8-hotspot\bin;C:\Program Files\Eclipse Adoptium\jdk-25.0.2.10-hotspot\bin;C:\Program Files\Common Files\Oracle\Java\javapath;C:\Windows\system32;C:\Windows;C:\Windows\System32\Wbem;C:\Windows\System32\WindowsPowerShell\v1.0\;C:\Windows\System32\OpenSSH\;C:\Program Files\Git\cmd;C:\bazel\;C:\Users\Annu pc\AppData\Local\Microsoft\WindowsApps;C:\ProgramData\Annu pc\GitHubDesktop\bin
USERNAME=Annu pc
OS=Windows_NT
PROCESSOR_IDENTIFIER=Intel64 Family 6 Model 94 Stepping 3, GenuineIntel
TMP=C:\Users\ANNUPC~1\AppData\Local\Temp
TEMP=C:\Users\ANNUPC~1\AppData\Local\Temp




Periodic native trim disabled

JNI global refs:
JNI global refs: 28, weak refs: 0

JNI global refs memory usage: 835, weak refs: 833

Process memory usage:
Resident Set Size: 474792K (2% of 16692172K total physical memory with 3566396K free physical memory)

OOME stack traces (most recent first):
Classloader memory used:
Loader org.gradle.internal.classloader.VisitableURLClassLoader                         : 32957K
Loader bootstrap                                                                       : 25698K
Loader org.gradle.internal.classloader.VisitableURLClassLoader$InstrumentingVisitableURLClassLoader: 12011K
Loader org.gradle.initialization.MixInLegacyTypesClassLoader                           : 10148K
Loader org.gradle.internal.classloader.VisitableURLClassLoader                         : 1198K
Loader jdk.internal.loader.ClassLoaders$PlatformClassLoader                            : 501K
Loader jdk.internal.reflect.DelegatingClassLoader                                      : 287K
Loader jdk.internal.loader.ClassLoaders$AppClassLoader                                 : 230K
Loader org.gradle.groovy.scripts.internal.DefaultScriptCompilationHandler$ScriptClassLoader: 90640B
Loader org.codehaus.groovy.runtime.callsite.CallSiteClassLoader                        : 45480B

Classes loaded by more than one classloader:
Class Program                                                                         : loaded 4 times (x 74B)
Class com.google.common.collect.PeekingIterator                                       : loaded 3 times (x 70B)
Class com.google.common.base.Preconditions                                            : loaded 3 times (x 71B)
Class org.gradle.internal.IoActions                                                   : loaded 3 times (x 71B)
Class org.gradle.api.GradleException                                                  : loaded 3 times (x 82B)
Class org.gradle.api.Action                                                           : loaded 3 times (x 70B)
Class org.gradle.internal.Cast                                                        : loaded 3 times (x 71B)
Class com.google.common.collect.ImmutableList                                         : loaded 3 times (x 206B)
Class com.google.common.collect.Iterators$9                                           : loaded 3 times (x 81B)
Class com.google.common.collect.Lists                                                 : loaded 3 times (x 71B)
Class com.google.common.collect.ImmutableCollection                                   : loaded 3 times (x 125B)
Class com.google.common.collect.Iterators$5                                           : loaded 3 times (x 82B)
Class com.google.common.collect.Iterators$4                                           : loaded 3 times (x 82B)
Class com.google.common.collect.Iterators$1                                           : loaded 3 times (x 81B)
Class com.google.common.collect.Iterators$MergingIterator                             : loaded 3 times (x 81B)
Class com.google.common.collect.AbstractIndexedListIterator                           : loaded 3 times (x 96B)
Class com.google.common.collect.UnmodifiableListIterator                              : loaded 3 times (x 95B)
Class com.google.common.collect.AbstractIterator                                      : loaded 3 times (x 82B)
Class com.google.common.collect.Lists$StringAsImmutableList                           : loaded 3 times (x 207B)
Class com.google.common.collect.Iterators                                             : loaded 3 times (x 71B)
Class com.google.common.collect.UnmodifiableIterator                                  : loaded 3 times (x 80B)
Class com.google.common.collect.Iterators$ArrayItr                                    : loaded 3 times (x 97B)
Class org.gradle.internal.classloader.DefaultClassLoaderFactory                       : loaded 2 times (x 82B)
Class com.google.common.base.CharMatcher$None                                         : loaded 2 times (x 112B)
Class kotlin.collections.AbstractList$Companion                                       : loaded 2 times (x 71B)
Class org.gradle.internal.classloader.ClassLoaderVisitor                              : loaded 2 times (x 76B)
Class [Lcom.google.common.collect.ImmutableMapEntry;                                  : loaded 2 times (x 69B)
Class org.gradle.api.internal.classpath.EffectiveClassPath                            : loaded 2 times (x 90B)
Class com.google.common.collect.ImmutableEnumMap                                      : loaded 2 times (x 125B)
Class com.google.common.collect.ListMultimap                                          : loaded 2 times (x 70B)
Class org.gradle.tooling.internal.gradle.DefaultProjectIdentifier                     : loaded 2 times (x 86B)
Class com.google.common.collect.Sets$1                                                : loaded 2 times (x 139B)
Class org.objectweb.asm.AnnotationVisitor                                             : loaded 2 times (x 78B)
Class com.google.common.base.Splitter                                                 : loaded 2 times (x 72B)
Class org.gradle.api.internal.DefaultClassPathProvider                                : loaded 2 times (x 76B)
Class com.google.common.collect.Sets$2                                                : loaded 2 times (x 139B)
Class [Lorg.gradle.api.internal.ClassPathProvider;                                    : loaded 2 times (x 69B)
Class org.gradle.api.internal.ClassPathProvider                                       : loaded 2 times (x 70B)
Class [Lorg.objectweb.asm.AnnotationVisitor;                                          : loaded 2 times (x 69B)
Class com.google.common.collect.Sets$3                                                : loaded 2 times (x 139B)
Class com.google.common.util.concurrent.AbstractFuture$SafeAtomicHelper               : loaded 2 times (x 79B)
Class com.google.common.cache.LocalCache$LocalLoadingCache                            : loaded 2 times (x 134B)
Class com.google.common.base.AbstractIterator$State                                   : loaded 2 times (x 79B)
Class org.gradle.internal.service.UnknownServiceException                             : loaded 2 times (x 83B)
Class com.google.common.collect.Sets$4                                                : loaded 2 times (x 139B)
Class org.objectweb.asm.ModuleVisitor                                                 : loaded 2 times (x 81B)
Class com.google.common.cache.LocalCache$Strength$1                                   : loaded 2 times (x 81B)
Class com.google.common.util.concurrent.SettableFuture                                : loaded 2 times (x 114B)
Class com.google.common.cache.LocalCache$Strength$2                                   : loaded 2 times (x 81B)
Class com.google.common.cache.LocalCache$Strength$3                                   : loaded 2 times (x 81B)
Class com.google.common.collect.MapDifference                                         : loaded 2 times (x 70B)
Class com.google.common.base.Splitter$1                                               : loaded 2 times (x 77B)
Class org.objectweb.asm.FieldWriter                                                   : loaded 2 times (x 78B)
Class com.google.common.cache.CacheBuilder$NullListener                               : loaded 2 times (x 82B)
Class org.gradle.internal.classpath.TransformedClassPath                              : loaded 2 times (x 96B)
Class com.google.common.cache.CacheLoader$FunctionToCacheLoader                       : loaded 2 times (x 75B)
Class com.google.common.base.Platform$JdkPatternCompiler                              : loaded 2 times (x 75B)
Class com.google.common.collect.ImmutableCollection$Builder                           : loaded 2 times (x 76B)
Class kotlin.enums.EnumEntriesList                                                    : loaded 2 times (x 223B)
Class com.google.common.base.Joiner                                                   : loaded 2 times (x 79B)
Class com.google.common.base.MoreObjects                                              : loaded 2 times (x 71B)
Class [Lorg.objectweb.asm.Type;                                                       : loaded 2 times (x 69B)
Class com.google.common.collect.Platform                                              : loaded 2 times (x 71B)
Class com.google.common.base.Suppliers                                                : loaded 2 times (x 71B)
Class org.gradle.internal.service.ServiceLocator                                      : loaded 2 times (x 70B)
Class com.google.common.base.Ascii                                                    : loaded 2 times (x 71B)
Class com.google.common.collect.SingletonImmutableBiMap                               : loaded 2 times (x 143B)
Class com.google.common.cache.LocalCache$1                                            : loaded 2 times (x 89B)
Class com.google.common.collect.AbstractMapEntry                                      : loaded 2 times (x 81B)
Class com.intellij.gradle.toolingExtension.util.GradleVersionUtil                     : loaded 2 times (x 71B)
Class org.gradle.tooling.model.UnsupportedMethodException                             : loaded 2 times (x 82B)
Class com.google.common.cache.LocalCache$2                                            : loaded 2 times (x 142B)
Class com.google.common.collect.AbstractMultimap                                      : loaded 2 times (x 123B)
Class com.google.common.util.concurrent.AbstractFuture$UnsafeAtomicHelper$1           : loaded 2 times (x 76B)
Class com.google.common.collect.RegularImmutableAsList                                : loaded 2 times (x 216B)
Class com.google.common.util.concurrent.AbstractFuture$Trusted                        : loaded 2 times (x 70B)
Class [Lcom.google.common.cache.CacheBuilder$OneWeigher;                              : loaded 2 times (x 69B)
Class com.google.common.base.CharMatcher$RangesMatcher                                : loaded 2 times (x 112B)
Class com.google.common.util.concurrent.UncheckedExecutionException                   : loaded 2 times (x 82B)
Class org.objectweb.asm.MethodTooLargeException                                       : loaded 2 times (x 83B)
Class org.gradle.kotlin.dsl.VersionCatalogAccessorsKt                                 : loaded 2 times (x 71B)
Class com.google.common.base.CharMatcher$JavaLetterOrDigit                            : loaded 2 times (x 111B)
Class org.gradle.internal.InternalTransformer                                         : loaded 2 times (x 70B)
Class org.objectweb.asm.ClassWriter                                                   : loaded 2 times (x 106B)
Class com.google.common.cache.CacheLoader$UnsupportedLoadingOperationException        : loaded 2 times (x 82B)
Class com.google.common.base.CharMatcher$And                                          : loaded 2 times (x 112B)
Class org.gradle.internal.time.DefaultTimer                                           : loaded 2 times (x 80B)
Class org.gradle.internal.classloader.ClasspathUtil$1                                 : loaded 2 times (x 76B)
Class org.objectweb.asm.FieldVisitor                                                  : loaded 2 times (x 77B)
Class com.google.common.collect.IndexedImmutableSet                                   : loaded 2 times (x 150B)
Class com.google.common.collect.ImmutableMap$1                                        : loaded 2 times (x 81B)
Class com.google.common.collect.BiMap                                                 : loaded 2 times (x 70B)
Class org.gradle.api.internal.classpath.DefaultModuleRegistry$DefaultModule           : loaded 2 times (x 86B)
Class com.google.common.primitives.Ints                                               : loaded 2 times (x 71B)
Class org.gradle.internal.operations.MultipleBuildOperationFailures                   : loaded 2 times (x 95B)
Class com.google.common.math.MathPreconditions                                        : loaded 2 times (x 71B)
Class com.google.common.collect.Multiset                                              : loaded 2 times (x 70B)
Class com.google.common.collect.ArrayListMultimapGwtSerializationDependencies         : loaded 2 times (x 172B)
Class com.google.common.collect.ObjectArrays                                          : loaded 2 times (x 71B)
Class org.objectweb.asm.ClassVisitor                                                  : loaded 2 times (x 88B)
Class org.gradle.internal.time.DefaultCountdownTimer                                  : loaded 2 times (x 88B)
Class com.google.common.collect.ImmutableMapEntrySet                                  : loaded 2 times (x 151B)
Class org.gradle.tooling.internal.gradle.DefaultBuildIdentifier                       : loaded 2 times (x 79B)
Class org.gradle.api.internal.classpath.Module                                        : loaded 2 times (x 70B)
Class com.google.common.cache.Weigher                                                 : loaded 2 times (x 70B)
Class org.gradle.api.internal.classpath.UnknownModuleException                        : loaded 2 times (x 82B)
Class org.gradle.cache.GlobalCache                                                    : loaded 2 times (x 70B)
Class com.google.common.base.Stopwatch                                                : loaded 2 times (x 72B)
Class com.google.common.cache.LocalCache$Strength                                     : loaded 2 times (x 81B)
Class com.google.common.cache.Cache                                                   : loaded 2 times (x 70B)
Class com.google.common.util.concurrent.AbstractFuture$Cancellation                   : loaded 2 times (x 72B)
Class com.google.common.collect.ImmutableMap$Builder                                  : loaded 2 times (x 82B)
Class com.google.common.base.NullnessCasts                                            : loaded 2 times (x 71B)
Class com.google.common.cache.RemovalListener                                         : loaded 2 times (x 70B)
Class org.gradle.tooling.internal.gradle.GradleProjectIdentity                        : loaded 2 times (x 70B)
Class org.gradle.api.internal.DefaultClassPathRegistry                                : loaded 2 times (x 76B)
Class com.google.common.primitives.IntsMethodsForWeb                                  : loaded 2 times (x 71B)
Class com.google.common.collect.Multimap                                              : loaded 2 times (x 70B)
Class org.gradle.api.internal.ClassPathRegistry                                       : loaded 2 times (x 70B)
Class org.gradle.internal.classpath.DefaultClassPath$ImmutableUniqueList              : loaded 2 times (x 199B)
Class com.google.common.cache.CacheBuilder                                            : loaded 2 times (x 72B)
Class com.google.common.collect.SingletonImmutableList                                : loaded 2 times (x 207B)
Class [Lorg.objectweb.asm.Symbol;                                                     : loaded 2 times (x 69B)
Class Settings_gradle$1                                                               : loaded 2 times (x 75B)
Class org.gradle.internal.classpath.ClassPath                                         : loaded 2 times (x 70B)
Class org.gradle.api.UncheckedIOException                                             : loaded 2 times (x 82B)
Class com.google.common.collect.ImmutableList$ReverseImmutableList                    : loaded 2 times (x 208B)
Class com.google.common.base.JdkPattern                                               : loaded 2 times (x 75B)
Class org.objectweb.asm.SymbolTable$Entry                                             : loaded 2 times (x 74B)
Class com.google.common.util.concurrent.AbstractFuture$AtomicHelper                   : loaded 2 times (x 78B)
Class org.objectweb.asm.Edge                                                          : loaded 2 times (x 72B)
Class com.google.common.base.Suppliers$SupplierOfInstance                             : loaded 2 times (x 79B)
Class com.google.common.collect.ImmutableMap$MapViewOfValuesAsSingletonSets           : loaded 2 times (x 125B)
Class org.gradle.tooling.model.Model                                                  : loaded 2 times (x 70B)
Class com.google.common.cache.LocalCache$ComputingValueReference                      : loaded 2 times (x 96B)
Class com.google.common.collect.SingletonImmutableSet                                 : loaded 2 times (x 146B)
Class com.google.common.collect.ImmutableMap$IteratorBasedImmutableMap                : loaded 2 times (x 125B)
Class kotlin.UninitializedPropertyAccessException                                     : loaded 2 times (x 82B)
Class com.google.common.cache.LocalCache$Segment                                      : loaded 2 times (x 154B)
Class [Lorg.objectweb.asm.SymbolTable$Entry;                                          : loaded 2 times (x 69B)
Class com.google.common.cache.CacheLoader                                             : loaded 2 times (x 74B)
Class com.google.common.collect.RegularImmutableMap                                   : loaded 2 times (x 121B)
Class com.google.common.collect.ImmutableBiMap                                        : loaded 2 times (x 143B)
Class com.google.common.collect.AbstractListMultimap                                  : loaded 2 times (x 172B)
Class org.gradle.internal.installation.GradleInstallation$1                           : loaded 2 times (x 75B)
Class org.gradle.api.internal.classpath.ModuleRegistry                                : loaded 2 times (x 70B)
Class com.google.common.util.concurrent.internal.InternalFutureFailureAccess          : loaded 2 times (x 72B)
Class org.gradle.api.internal.classpath.ManifestUtil                                  : loaded 2 times (x 71B)
Class com.google.common.collect.ImmutableSet$JdkBackedSetBuilderImpl                  : loaded 2 times (x 76B)
Class com.google.common.base.Splitter$SplittingIterator                               : loaded 2 times (x 84B)
Class com.google.common.util.concurrent.AbstractFuture$UnsafeAtomicHelper             : loaded 2 times (x 78B)
Class com.google.common.cache.LocalCache$LocalManualCache$1                           : loaded 2 times (x 75B)
Class com.google.common.base.CharMatcher$ForPredicate                                 : loaded 2 times (x 112B)
Class com.google.common.collect.ImmutableList$1                                       : loaded 2 times (x 97B)
Class com.google.common.base.CharMatcher$AnyOf                                        : loaded 2 times (x 112B)
Class org.gradle.api.internal.classpath.DefaultModuleRegistry                         : loaded 2 times (x 86B)
Class com.google.common.util.concurrent.ListenableFuture                              : loaded 2 times (x 70B)
Class com.google.common.cache.ReferenceEntry                                          : loaded 2 times (x 70B)
Class com.google.common.collect.ImmutableSet$CachingAsList                            : loaded 2 times (x 147B)
Class com.google.common.base.Converter                                                : loaded 2 times (x 90B)
Class com.google.common.util.concurrent.ExecutionError                                : loaded 2 times (x 82B)
Class com.google.common.base.CharMatcher$Any                                          : loaded 2 times (x 112B)
Class com.google.common.util.concurrent.AbstractFuture                                : loaded 2 times (x 106B)
Class com.google.common.base.FunctionalEquivalence                                    : loaded 2 times (x 83B)
Class com.google.common.collect.ImmutableEnumSet                                      : loaded 2 times (x 146B)
Class com.google.common.collect.AbstractMapBasedMultimap                              : loaded 2 times (x 139B)
Class com.google.common.collect.ImmutableAsList                                       : loaded 2 times (x 209B)
Class org.objectweb.asm.RecordComponentVisitor                                        : loaded 2 times (x 77B)
Class com.google.common.cache.CacheLoader$SupplierToCacheLoader                       : loaded 2 times (x 75B)
Class com.google.common.collect.Maps$EntryTransformer                                 : loaded 2 times (x 70B)
Class org.gradle.internal.classloader.ClassLoaderHierarchy                            : loaded 2 times (x 70B)
Class org.gradle.internal.service.ServiceLookupException                              : loaded 2 times (x 82B)
Class [Lcom.google.common.cache.LocalCache$EntryFactory;                              : loaded 2 times (x 69B)
Class com.google.common.base.CharMatcher$JavaLetter                                   : loaded 2 times (x 111B)
Class org.gradle.internal.classloader.ClassLoaderFactory                              : loaded 2 times (x 70B)
Class com.google.common.cache.LocalCache$LocalManualCache                             : loaded 2 times (x 99B)
Class com.google.common.base.CharMatcher$IsNot                                        : loaded 2 times (x 111B)
Class com.google.common.base.CommonPattern                                            : loaded 2 times (x 74B)
Class org.gradle.internal.service.CachingServiceLocator                               : loaded 2 times (x 82B)
Class com.google.common.math.IntMath                                                  : loaded 2 times (x 71B)
Class com.google.common.collect.Iterators$10                                          : loaded 2 times (x 81B)
Class com.google.common.collect.ImmutableMapEntry                                     : loaded 2 times (x 85B)
Class com.google.common.base.CharMatcher$JavaDigit                                    : loaded 2 times (x 111B)
Class org.gradle.internal.time.TimeSource                                             : loaded 2 times (x 70B)
Class com.google.common.base.Equivalence                                              : loaded 2 times (x 82B)
Class com.google.common.collect.ImmutableMapEntry$NonTerminalImmutableMapEntry        : loaded 2 times (x 85B)
Class com.google.common.base.Function                                                 : loaded 2 times (x 70B)
Class org.gradle.tooling.internal.gradle.GradleBuildIdentity                          : loaded 2 times (x 70B)
Class kotlin.enums.EnumEntries                                                        : loaded 2 times (x 70B)
Class com.google.common.collect.IndexedImmutableSet$1                                 : loaded 2 times (x 212B)
Class com.google.common.cache.CacheBuilder$OneWeigher                                 : loaded 2 times (x 82B)
Class com.google.common.collect.RegularImmutableList                                  : loaded 2 times (x 212B)
Class org.gradle.internal.exceptions.ResolutionProvider                               : loaded 2 times (x 70B)
Class com.google.common.collect.ImmutableBiMapFauxverideShim                          : loaded 2 times (x 120B)
Class org.gradle.tooling.model.ProjectIdentifier                                      : loaded 2 times (x 70B)
Class org.gradle.internal.classloader.ClasspathUtil                                   : loaded 2 times (x 71B)
Class com.google.common.base.Charsets                                                 : loaded 2 times (x 71B)
Class com.google.common.util.concurrent.Uninterruptibles                              : loaded 2 times (x 71B)
Class com.google.common.collect.Maps                                                  : loaded 2 times (x 71B)
Class com.google.common.base.CharMatcher$JavaUpperCase                                : loaded 2 times (x 111B)
Class org.gradle.internal.time.TimeSource$1                                           : loaded 2 times (x 77B)
Class kotlin.jvm.internal.DefaultConstructorMarker                                    : loaded 2 times (x 71B)
Class org.gradle.api.specs.Spec                                                       : loaded 2 times (x 70B)
Class [Lcom.google.common.collect.ImmutableEntry;                                     : loaded 2 times (x 69B)
Class com.google.common.cache.LocalCache$LoadingValueReference                        : loaded 2 times (x 96B)
Class com.google.common.base.Platform                                                 : loaded 2 times (x 71B)
Class Build_gradle$1                                                                  : loaded 2 times (x 78B)
Class com.intellij.gradle.toolingExtension.impl.model.utilDummyModel.DummyModel       : loaded 2 times (x 70B)
Class org.gradle.internal.time.Clock                                                  : loaded 2 times (x 70B)
Class [Lorg.objectweb.asm.AnnotationWriter;                                           : loaded 2 times (x 69B)
Class com.google.common.primitives.Ints$IntConverter                                  : loaded 2 times (x 90B)
Class com.google.common.collect.Maps$8                                                : loaded 2 times (x 82B)
Class kotlin.collections.AbstractList                                                 : loaded 2 times (x 197B)
Class kotlin.collections.AbstractCollection                                           : loaded 2 times (x 117B)
Class com.google.common.collect.Sets$SetView                                          : loaded 2 times (x 138B)
Class com.google.common.cache.LocalCache$StrongValueReference                         : loaded 2 times (x 90B)
Class com.google.common.util.concurrent.AbstractFuture$SynchronizedHelper             : loaded 2 times (x 78B)
Class com.google.common.base.CharMatcher$Invisible                                    : loaded 2 times (x 112B)
Class org.objectweb.asm.Type                                                          : loaded 2 times (x 72B)
Class org.gradle.internal.classloader.VisitableURLClassLoader$InstrumentingVisitableURLClassLoader: loaded 2 times (x 123B)
Class org.objectweb.asm.ByteVector                                                    : loaded 2 times (x 79B)
Class [Lcom.google.common.cache.CacheBuilder$NullListener;                            : loaded 2 times (x 69B)
Class com.google.common.math.IntMath$1                                                : loaded 2 times (x 71B)
Class org.gradle.internal.classloader.VisitableURLClassLoader$Spec                    : loaded 2 times (x 74B)
Class org.gradle.internal.classpath.DefaultClassPath                                  : loaded 2 times (x 90B)
Class org.objectweb.asm.Symbol                                                        : loaded 2 times (x 73B)
Class com.google.common.base.AbstractIterator                                         : loaded 2 times (x 80B)
Class org.gradle.util.internal.DefaultGradleVersion                                   : loaded 2 times (x 82B)
Class com.google.common.collect.RegularImmutableMap$Values                            : loaded 2 times (x 207B)
Class com.google.common.collect.ImmutableSet                                          : loaded 2 times (x 145B)
Class com.google.common.base.CharMatcher$BitSetMatcher                                : loaded 2 times (x 112B)
Class com.google.common.base.CharMatcher$Ascii                                        : loaded 2 times (x 112B)
Class org.gradle.internal.classloader.ClassLoaderSpec                                 : loaded 2 times (x 71B)
Class org.objectweb.asm.AnnotationWriter                                              : loaded 2 times (x 79B)
Class com.google.common.cache.CacheStats                                              : loaded 2 times (x 71B)
Class org.objectweb.asm.RecordComponentWriter                                         : loaded 2 times (x 78B)
Class com.google.common.util.concurrent.AbstractFuture$Listener                       : loaded 2 times (x 72B)
Class com.google.common.base.CharMatcher$Or                                           : loaded 2 times (x 112B)
Class Settings_gradle$1$1                                                             : loaded 2 times (x 75B)
Class org.objectweb.asm.Attribute                                                     : loaded 2 times (x 77B)
Class com.google.common.base.Supplier                                                 : loaded 2 times (x 70B)
Class org.gradle.internal.classloader.VisitableURLClassLoader                         : loaded 2 times (x 117B)
Class com.google.common.util.concurrent.AbstractFuture$Waiter                         : loaded 2 times (x 72B)
Class Settings_gradle                                                                 : loaded 2 times (x 128B)
Class com.google.common.base.CharMatcher$IsEither                                     : loaded 2 times (x 111B)
Class [Lcom.google.common.base.AbstractIterator$State;                                : loaded 2 times (x 69B)
Class com.google.common.collect.Sets                                                  : loaded 2 times (x 71B)
Class org.objectweb.asm.Handler                                                       : loaded 2 times (x 72B)
Class com.google.common.base.Ticker                                                   : loaded 2 times (x 72B)
Class com.google.common.base.Strings                                                  : loaded 2 times (x 71B)
Class com.google.common.base.CharMatcher$FastMatcher                                  : loaded 2 times (x 111B)
Class org.gradle.internal.agents.InstrumentingClassLoader                             : loaded 2 times (x 70B)
Class [Lcom.google.common.cache.LocalCache$Segment;                                   : loaded 2 times (x 69B)
Class [Lcom.google.common.cache.LocalCache$Strength;                                  : loaded 2 times (x 69B)
Class com.google.common.cache.CacheBuilder$1                                          : loaded 2 times (x 85B)
Class com.google.common.collect.ImmutableMap                                          : loaded 2 times (x 120B)
Class com.google.common.base.Predicate                                                : loaded 2 times (x 70B)
Class org.gradle.internal.classpath.DefaultClassPath$ImmutableUniqueList$Builder      : loaded 2 times (x 75B)
Class com.google.common.cache.LocalCache                                              : loaded 2 times (x 187B)
Class com.google.common.cache.CacheBuilder$2                                          : loaded 2 times (x 72B)
Class com.google.common.base.CharMatcher$NegatedFastMatcher                           : loaded 2 times (x 113B)
Class [Lcom.google.common.collect.AbstractMapEntry;                                   : loaded 2 times (x 69B)
Class com.google.common.collect.ImmutableEntry                                        : loaded 2 times (x 82B)
Class com.google.common.collect.ArrayListMultimap                                     : loaded 2 times (x 172B)
Class com.google.common.base.AbstractIterator$1                                       : loaded 2 times (x 71B)
Class com.google.common.base.CharMatcher$Digit                                        : loaded 2 times (x 112B)
Class org.gradle.internal.classloader.FilteringClassLoader                            : loaded 2 times (x 105B)
Class org.gradle.internal.exceptions.NonGradleCauseExceptionsHolder                   : loaded 2 times (x 70B)
Class com.google.common.collect.CollectPreconditions                                  : loaded 2 times (x 71B)
Class com.google.common.base.CharMatcher$JavaIsoControl                               : loaded 2 times (x 112B)
Class com.google.common.collect.SortedMapDifference                                   : loaded 2 times (x 70B)
Class com.google.common.base.CharMatcher$JavaLowerCase                                : loaded 2 times (x 111B)
Class com.google.common.cache.LocalCache$EntryFactory                                 : loaded 2 times (x 83B)
Class com.google.common.cache.LocalCache$AbstractReferenceEntry                       : loaded 2 times (x 107B)
Class com.google.common.base.Splitter$1$1                                             : loaded 2 times (x 86B)
Class com.google.common.base.CharMatcher$Whitespace                                   : loaded 2 times (x 112B)
Class kotlin.NotImplementedError                                                      : loaded 2 times (x 82B)
Class kotlin.enums.EnumEntriesKt                                                      : loaded 2 times (x 71B)
Class org.objectweb.asm.SymbolTable                                                   : loaded 2 times (x 72B)
Class com.google.common.cache.CacheLoader$InvalidCacheLoadException                   : loaded 2 times (x 82B)
Class com.google.common.collect.ImmutableSet$RegularSetBuilderImpl                    : loaded 2 times (x 77B)
Class com.google.common.base.CharMatcher$SingleWidth                                  : loaded 2 times (x 112B)
Class org.gradle.internal.classloader.SystemClassLoaderSpec                           : loaded 2 times (x 71B)
Class com.google.common.cache.LocalCache$StrongEntry                                  : loaded 2 times (x 108B)
Class com.google.common.util.concurrent.AbstractFuture$TrustedFuture                  : loaded 2 times (x 114B)
Class com.google.common.cache.LoadingCache                                            : loaded 2 times (x 70B)
Class org.gradle.internal.exceptions.MultiCauseException                              : loaded 2 times (x 70B)
Class org.gradle.internal.time.CountdownTimer                                         : loaded 2 times (x 70B)
Class kotlin.jvm.internal.Intrinsics                                                  : loaded 2 times (x 71B)
Class org.objectweb.asm.MethodWriter                                                  : loaded 2 times (x 106B)
Class [Lcom.google.common.cache.Weigher;                                              : loaded 2 times (x 69B)
Class com.google.common.collect.RegularImmutableMap$BucketOverflowException           : loaded 2 times (x 82B)
Class sync_studio_tooling81348_40edh36974ido71goe20g26c3                              : loaded 2 times (x 179B)
Class org.gradle.tooling.model.ProjectModel                                           : loaded 2 times (x 70B)
Class kotlin.KotlinNullPointerException                                               : loaded 2 times (x 83B)
Class com.google.common.collect.RegularImmutableBiMap                                 : loaded 2 times (x 148B)
Class com.google.common.cache.LocalCache$ValueReference                               : loaded 2 times (x 70B)
Class com.google.common.base.CharMatcher$Negated                                      : loaded 2 times (x 113B)
Class com.google.common.base.CharMatcher$Is                                           : loaded 2 times (x 111B)
Class org.gradle.internal.exceptions.DefaultMultiCauseException                       : loaded 2 times (x 95B)
Class com.google.common.util.concurrent.AbstractFuture$Failure                        : loaded 2 times (x 72B)
Class com.google.common.base.Equivalence$Equals                                       : loaded 2 times (x 82B)
Class com.google.common.collect.Hashing                                               : loaded 2 times (x 71B)
Class com.google.common.base.PatternCompiler                                          : loaded 2 times (x 70B)
Class com.google.common.collect.RegularImmutableMap$KeySet                            : loaded 2 times (x 150B)
Class com.google.common.base.Joiner$1                                                 : loaded 2 times (x 80B)
Class org.objectweb.asm.Label                                                         : loaded 2 times (x 73B)
Class org.objectweb.asm.CurrentFrame                                                  : loaded 2 times (x 73B)
Class org.objectweb.asm.ClassTooLargeException                                        : loaded 2 times (x 83B)
Class com.google.common.base.Equivalence$Identity                                     : loaded 2 times (x 82B)
Class com.google.common.base.CharMatcher                                              : loaded 2 times (x 111B)
Class org.gradle.internal.time.Time                                                   : loaded 2 times (x 71B)
Class com.google.common.base.Joiner$2                                                 : loaded 2 times (x 79B)
Class org.objectweb.asm.Frame                                                         : loaded 2 times (x 73B)
Class org.objectweb.asm.MethodVisitor                                                 : loaded 2 times (x 105B)
Class com.google.common.cache.LocalCache$EntryFactory$1                               : loaded 2 times (x 83B)
Class [Lcom.google.common.cache.RemovalListener;                                      : loaded 2 times (x 69B)
Class com.google.common.base.CharMatcher$1                                            : loaded 2 times (x 113B)
Class com.google.common.base.CharMatcher$NamedFastMatcher                             : loaded 2 times (x 112B)
Class sync_studio_tooling81348_40edh36974ido71goe20g26c3$_run_closure1                : loaded 2 times (x 139B)
Class com.google.common.cache.LocalCache$EntryFactory$2                               : loaded 2 times (x 83B)
Class ijInit1_ao5nmjx43uqs5rk672v6dj5xg                                               : loaded 2 times (x 179B)
Class org.objectweb.asm.ModuleWriter                                                  : loaded 2 times (x 82B)
Class com.google.common.cache.LocalCache$EntryFactory$3                               : loaded 2 times (x 83B)
Class com.google.common.base.Ticker$1                                                 : loaded 2 times (x 72B)
Class com.google.common.collect.ImmutableMapEntrySet$RegularEntrySet                  : loaded 2 times (x 151B)
Class com.google.common.collect.Maps$BiMapConverter                                   : loaded 2 times (x 90B)
Class org.gradle.tooling.model.BuildIdentifier                                        : loaded 2 times (x 70B)
Class kotlin.NoWhenBranchMatchedException                                             : loaded 2 times (x 82B)
Class com.google.common.cache.LocalCache$EntryFactory$4                               : loaded 2 times (x 83B)
Class com.google.common.collect.ImmutableSet$Builder                                  : loaded 2 times (x 85B)
Class com.google.common.base.CharMatcher$InRange                                      : loaded 2 times (x 111B)
Class com.google.common.cache.LocalCache$EntryFactory$5                               : loaded 2 times (x 83B)
Class com.google.common.cache.LocalCache$EntryFactory$6                               : loaded 2 times (x 83B)
Class Build_gradle                                                                    : loaded 2 times (x 72B)
Class org.gradle.internal.time.Timer                                                  : loaded 2 times (x 70B)
Class kotlin.jvm.internal.markers.KMappedMarker                                       : loaded 2 times (x 70B)
Class org.gradle.internal.installation.CurrentGradleInstallationLocator               : loaded 2 times (x 71B)
Class com.google.common.cache.LocalCache$EntryFactory$7                               : loaded 2 times (x 83B)
Class com.google.common.collect.ImmutableSet$EmptySetBuilderImpl                      : loaded 2 times (x 76B)
Class org.gradle.internal.time.MonotonicClock                                         : loaded 2 times (x 77B)
Class org.gradle.internal.service.DefaultServiceLocator                               : loaded 2 times (x 83B)
Class com.google.common.cache.LocalCache$EntryFactory$8                               : loaded 2 times (x 83B)
Class com.google.common.collect.ImmutableSet$SetBuilderImpl                           : loaded 2 times (x 76B)
Class org.gradle.util.GradleVersion                                                   : loaded 2 times (x 81B)
Class org.gradle.internal.installation.CurrentGradleInstallation                      : loaded 2 times (x 73B)
Class com.google.common.cache.CacheLoader$1                                           : loaded 2 times (x 75B)
Class com.google.common.collect.ImmutableList$SubList                                 : loaded 2 times (x 208B)
Class org.gradle.util.internal.GUtil                                                  : loaded 2 times (x 71B)
Class com.google.common.util.concurrent.AbstractFuture$SetFuture                      : loaded 2 times (x 75B)
Class com.google.common.cache.AbstractCache$StatsCounter                              : loaded 2 times (x 70B)
Class com.google.common.base.PairwiseEquivalence                                      : loaded 2 times (x 83B)
Class com.google.common.collect.RegularImmutableSet                                   : loaded 2 times (x 148B)
Class org.gradle.internal.installation.GradleInstallation                             : loaded 2 times (x 75B)
Class com.google.common.collect.Iterables                                             : loaded 2 times (x 71B)
Class com.google.common.base.Splitter$Strategy                                        : loaded 2 times (x 70B)

---------------  S Y S T E M  ---------------

OS:
 Windows 11 , 64 bit Build 22621 (10.0.22621.5415)
OS uptime: 0 days 7:00 hours

CPU: total 8 (initial active 8) (4 cores per cpu, 2 threads per core) family 6 model 94 stepping 3 microcode 0xd6, cx8, cmov, fxsr, ht, mmx, 3dnowpref, sse, sse2, sse3, ssse3, sse4.1, sse4.2, popcnt, lzcnt, tsc, tscinvbit, avx, avx2, aes, erms, clmul, bmi1, bmi2, rtm, adx, fma, vzeroupper, clflush, clflushopt, rdtscp, f16c
Processor Information for the first 8 processors :
  Max Mhz: 3408, Current Mhz: 3408, Mhz Limit: 3408

Memory: 4k page, system-wide physical 16300M (3484M free)
TotalPageFile size 34940M (AvailPageFile size 8M)
current process WorkingSet (physical memory assigned to process): 461M, peak: 463M
current process commit charge ("private bytes"): 497M, peak: 501M

vm_info: OpenJDK 64-Bit Server VM (21.0.10+-14961533-b1163.108) for windows-amd64 JRE (21.0.10+-14961533-b1163.108), built on 2026-03-02T19:58:50Z by "builder" with MS VC++ 16.10 / 16.11 (VS2019)

END.
